Price,Close,High,Low,Open,Volume
Ticker,CSCO,CSCO,CSCO,CSCO,CSCO
Date,,,,,
1998-01-02,6.295074462890625,6.328955795042705,6.030803298070764,6.139222444276757,42853800
1998-01-05,6.281521797180176,6.410269484173979,6.152774110186372,6.301850346685613,70755000
1998-01-06,6.200210094451904,6.3289578332606276,6.0850151410198965,6.206986487140262,54234000
1998-01-07,6.017252445220947,6.16632872610702,5.956266778546411,6.16632872610702,74175000
1998-01-08,6.085014820098877,6.152776261895362,5.80041502749436,5.956267088080252,75943800
1998-01-09,5.881728172302246,6.085013701064096,5.841071066549876,6.003699489559356,83994000
1998-01-12,6.037581920623779,6.044358313635004,5.5835772371959775,5.637787140529026,78526200
1998-01-13,6.071461200714111,6.118894699753002,5.97659482301456,6.071461200714111,62359200
1998-01-14,6.179879665374756,6.193431826269261,6.057908356189728,6.16632750448025,52188600
1998-01-15,6.2273125648498535,6.315402532825654,6.132445586506238,6.152774136097284,49991400
1998-01-16,6.274749279022217,6.3696163155035626,6.240868549066583,6.315406403120371,48571800
1998-01-20,6.450929641723633,6.450929641723633,6.301853334543779,6.3221818936874685,56923200
1998-01-21,6.437375545501709,6.450928329092051,6.15277577540027,6.369614109063067,52260600
1998-01-22,6.261194229125977,6.417046259638329,6.240865676434009,6.349284830917234,43438800
1998-01-23,6.254419326782227,6.356062114435125,6.1256722093407845,6.322181392010274,46768200
1998-01-26,6.139222145080566,6.288298386301277,6.051131554307676,6.2815219961254805,39954600
1998-01-27,6.42382287979126,6.437375041943228,6.057908918284163,6.139223131952406,67517400
1998-01-28,6.708423137664795,6.762632410772361,6.471256869893643,6.491585424856263,104662200
1998-01-29,6.911706447601318,7.020125579062262,6.708420963848338,6.721973122639183,125109000
1998-01-30,6.837170600891113,6.979470480252923,6.803289263648046,6.9726940887286615,51928800
1998-02-02,6.932037830352783,7.1149948405380465,6.884604324623091,7.04045700614423,84201000
1998-02-03,6.830394268035889,7.026903420144967,6.735527887772584,6.932037039881661,88447200
1998-02-04,6.99979829788208,7.128545380647741,6.871050594738244,6.884602755982478,125086200
1998-02-05,6.979470729827881,7.175979887275922,6.979470729827881,7.128546385666423,75684000
1998-02-06,7.148873805999756,7.155650196690859,6.884602633962877,6.965916840743455,47049000
1998-02-09,6.938811779022217,7.196306532917722,6.871049740469463,7.196306532917722,55943400
1998-02-10,7.020127773284912,7.060784882743361,6.871051498477848,6.965917880421476,58441200
1998-02-11,7.033681392669678,7.060786344713609,6.945590763810692,7.0540099516080295,32716800
1998-02-12,7.074337005615234,7.142099061120775,6.952365677932213,6.97269423254605,45181800
1998-02-13,7.033681392669678,7.135324187361436,6.993024274792974,7.040457785775257,30223200
1998-02-17,7.040455341339111,7.1556502618681295,6.952364743065058,7.142098100740648,41662800
1998-02-18,7.101438999176025,7.114991156490962,6.993019879522546,7.006572036837482,44554800
1998-02-19,7.094667911529541,7.18275855084374,7.087891517619693,7.128548640321868,43772400
1998-02-20,7.135324954986572,7.169205683402618,7.013353588234665,7.142101348821162,51100200
1998-02-23,7.114992618560791,7.20985898001556,7.067559127644344,7.196306819915771,38247000
1998-02-24,7.020127773284912,7.257294038333112,7.020127773284912,7.142099101660259,58074600
1998-02-25,7.236965656280518,7.257294211494789,7.026903712273625,7.087889377916438,51615000
1998-02-26,7.2098612785339355,7.223414063332503,7.128547051255815,7.203085506512973,46743600
1998-02-27,7.142099857330322,7.426699653651553,7.142099857330321,7.277623363071466,58439400
1998-03-02,7.074337005615234,7.291174714703409,6.9930227871598865,7.250517605475736,45166800
1998-03-03,6.993023872375488,7.047233152965461,6.871052525764288,6.9726953146069555,52573800
1998-03-04,7.074337005615234,7.101441951893101,6.97269423254605,6.999799178823917,39176400
1998-03-05,6.708423137664795,7.006575070323809,6.627108917814312,6.871051577365759,102384000
1998-03-06,6.979470729827881,6.993022892982768,6.715199515848881,6.782960952001577,64338600
1998-03-09,6.637274742126465,6.986248143521016,6.627110462276348,6.904933904720079,61294800
1998-03-10,6.654214859008789,6.816843323014068,6.505138560211164,6.803290537428057,88537200
1998-03-11,6.789735794067383,6.965916356382212,6.725362258301566,6.769407243785744,75829200
1998-03-12,6.932037830352783,6.952366387040034,6.77618576920996,6.857499995958966,47346600
1998-03-13,6.99979829788208,7.074336115292629,6.952364802959998,7.020126849937519,41296200
1998-03-16,6.979470729827881,7.040456394592265,6.925260836451808,7.026903611059116,33524400
1998-03-17,6.99979829788208,7.040455401992957,6.8168413293831325,6.986245516259671,54018000
1998-03-18,6.891378879547119,6.993021635882623,6.843945386464501,6.857498167561335,57489000
1998-03-19,6.972692966461182,6.9862451269502195,6.843945270491828,6.898155153204261,45343800
1998-03-20,6.898156642913818,6.979470864164754,6.884603859119813,6.979470864164754,42997800
1998-03-23,7.020127773284912,7.142099101660259,6.871051498477848,6.877827890180342,70598400
1998-03-24,7.352162837982178,7.392819960810426,7.128548662426809,7.142101450288532,85840800
1998-03-25,7.541891574859619,7.575772282599091,7.480905928701724,7.568996513278041,68151600
1998-03-26,7.521566867828369,7.562223986032847,7.426700465477385,7.50123830872613,41119200
1998-03-27,7.521566867828369,7.589328938295295,7.460581190521652,7.5690003791930565,50055000
1998-03-30,7.311503887176514,7.54867079129859,7.250518218181404,7.514789450493547,38302800
1998-03-31,7.41314697265625,7.480909036665198,7.331832743996846,7.372489858326548,36589800
1998-04-01,7.51478910446167,7.541894051781948,7.331832105900922,7.447027666728393,44187600
1998-04-02,7.616431713104248,7.670641606546676,7.480908220254707,7.508013166975921,51847800
1998-04-03,7.663867473602295,7.7993910063957275,7.602881790788484,7.623210351726421,54301800
1998-04-06,7.480910301208496,7.738405195363078,7.4605817406073855,7.724853028421816,43793400
1998-04-07,7.480910301208496,7.494462468149757,7.301341142439211,7.406372452463905,52782600
1998-04-08,7.399593353271484,7.528341063463633,7.318279140598171,7.528341063463633,50500200
1998-04-09,7.264070987701416,7.467356550599979,7.17598037031927,7.453803766154538,66436200
1998-04-13,7.2098612785339355,7.27762334139181,7.162428392873912,7.216637670933219,42171600
1998-04-14,7.338608264923096,7.413146092215435,7.17597982691926,7.182756218628839,57588000
1998-04-15,7.663867473602295,7.697748201706042,7.3860440142433035,7.413148348574922,66373200
1998-04-16,7.609660625457764,7.724855634263549,7.548674923081999,7.670646327833529,41025000
1998-04-17,7.6367621421813965,7.643538535619253,7.5215671760083085,7.528343569446166,30150600
1998-04-20,7.833270072937012,7.914584293000793,7.650313077793504,7.71129874284134,42646800
1998-04-21,8.009450912475586,8.016227304473487,7.751956081473024,7.873927415165546,40785600
1998-04-22,7.982345104217529,8.02300221106478,7.914583673057589,8.009450048908436,27479400
1998-04-23,7.772284507751465,7.982345832029698,7.724851005312054,7.975570060522835,29595600
1998-04-24,7.799386501312256,7.945074850800564,7.711296535049374,7.724848694387181,34059600
1998-04-27,7.6367621421813965,7.7519577287329,7.5215671760083085,7.623209975684096,45988800
1998-04-28,7.684194564819336,7.8197180716918036,7.5283425008970815,7.8197180716918036,48764400
1998-04-29,7.8061652183532715,7.853598720743662,7.6570889396822395,7.711298833950764,41491800
1998-04-30,7.941686153411865,8.104314543040628,7.901029056004675,7.907805445698564,55056000
1998-05-01,7.982345104217529,8.036554993599342,7.934912226481215,7.995897886752091,30788400
1998-05-04,8.12464427947998,8.219511267550676,8.063658624453748,8.12464427947998,47264400
1998-05-05,7.982345104217529,8.21273558314469,7.968792942061184,8.17885486756472,47576400
1998-05-06,8.239843368530273,8.26694770218721,8.097543445506847,8.185633460459538,96796200
1998-05-07,8.172079086303711,8.30082680772314,8.158526923135764,8.294050415950036,37243200
1998-05-08,8.212735176086426,8.253392280918536,8.104316023074734,8.12464457549079,35513400
1998-05-11,8.104318618774414,8.32115699424809,8.090766452949204,8.294052042219285,38456400
1998-05-12,8.280498504638672,8.300827060198031,8.023003053967926,8.11109366818458,36346200
1998-05-13,8.239843368530273,8.321157610257947,8.138200566370683,8.307604823051047,29213400
1998-05-14,8.24661636352539,8.321154806916542,8.138197824666262,8.192407094095827,28810800
1998-05-15,8.280498504638672,8.314379223778177,8.219512837960593,8.300827060198031,42159000
1998-05-18,8.429574012756348,8.449902567948188,8.253393407886504,8.280498354935045,45171000
1998-05-19,8.715868949890137,8.74805541643303,8.463455634244887,8.490559961820136,68789400
1998-05-20,8.524441719055176,8.836145844073817,8.463456048458704,8.822593679622932,60733800
1998-05-21,8.429574012756348,8.632859564674735,8.368588347180832,8.55154534390738,46115400
1998-05-22,8.334709167480469,8.48378547320381,8.199185647972769,8.47700908009599,38740200
1998-05-26,8.239843368530273,8.456681139677922,8.185633460459538,8.416024018814086,43423200
1998-05-27,8.436347961425781,8.456676510730421,8.12464333196193,8.131419721856174,57352200
1998-05-28,8.402467727661133,8.53799119055985,8.348257846199145,8.470229148921428,34792800
1998-05-29,8.199182510375977,8.47022944566933,8.178853959210068,8.463453675532794,35964000
1998-06-01,7.975569725036621,8.314378758611072,7.907807670170432,8.212735986500912,59528400
1998-06-02,8.287272453308105,8.334705945972209,8.05010623074389,8.158525376671202,83092200
1998-06-03,8.090767860412598,8.436353422289518,8.050110735485902,8.388919903082208,58046400
1998-06-04,8.334709167480469,8.34148556058829,8.070437901194502,8.15852853008262,62507400
1998-06-05,8.395691871643066,8.436348975137706,8.185629963461373,8.327929825692612,55507800
1998-06-08,8.402467727661133,8.510886249828856,8.26694364438429,8.416019887837566,46465800
1998-06-09,8.619308471679688,8.646413422094104,8.334708663652528,8.402470729499395,36597000
1998-06-10,8.57865047454834,8.761607475190367,8.456679140786989,8.537993363294555,58495200
1998-06-11,8.571876525878906,8.700624288340313,8.537995796969467,8.605757875166807,52405200
1998-06-12,8.57865047454834,8.605755422176957,8.395693473906313,8.531216971292832,42152400
1998-06-15,8.483787536621094,8.680296780758775,8.456682577975762,8.47023474710916,46002600
1998-06-16,8.666741371154785,8.680293535221066,8.470231580113035,8.544770033423342,47940000
1998-06-17,8.748056411743164,8.863251367990001,8.700622902522296,8.727727853559701,61374600
1998-06-18,8.903907775878906,8.94287125621582,8.70062221021957,8.76838427223212,52552200
1998-06-19,9.012328147888184,9.014022401286452,8.849699673763155,8.958118242927577,56968800
1998-06-22,9.174958229064941,9.202062565914344,8.924239080747684,8.998776937651298,48966000
1998-06-23,9.41889762878418,9.432449792382773,9.215612072913862,9.256269184087925,54733200
1998-06-24,9.52054214477539,9.696722785233515,9.39857078898629,9.547646476920704,65212800
1998-06-25,9.439226150512695,9.703497372196168,9.385016255556206,9.59507820266147,61035000
1998-06-26,9.744156837463379,9.757709004287635,9.540871233207387,9.59508052088284,53716200
1998-06-29,9.95421314239502,9.974541692461434,9.757704031879049,9.852570392062947,52313400
1998-06-30,9.981321334838867,10.218487622763924,9.798364324627972,9.906783500434608,77700000
1998-07-01,10.252370834350586,10.286251561554993,10.055861003581109,10.130399471960606,49723800
1998-07-02,10.042306900024414,10.293025970043164,9.927111953443085,10.265921021280018,51744000
1998-07-06,10.082962036132812,10.15072408456622,9.96776711213639,10.096514197668219,35785800
1998-07-07,10.05585765838623,10.12361971063166,9.81191501475655,10.12361971063166,46121400
1998-07-08,10.218488693237305,10.218488693237305,9.960993821647378,10.021979498106443,42348600
1998-07-09,10.076186180114746,10.313353052033625,10.069410409176417,10.204933892859902,45988800
1998-07-10,10.076186180114746,10.164276785717036,9.920334142859826,10.082962571431299,44241000
1998-07-13,10.218488693237305,10.265922203942706,10.015203105040419,10.13039868527091,42524400
1998-07-14,10.286245346069336,10.421768172997005,10.198154764112683,10.286245346069336,46160400
1998-07-15,10.360784530639648,10.4149950334714,10.204932514436322,10.354008760616551,38209800
1998-07-16,10.381114959716797,10.469205569358518,10.28624857882604,10.39466774297137,46102200
1998-07-17,10.81479263305664,10.828344177606137,10.381116531203944,10.448878596599837,66567600
1998-07-20,11.187482833862305,11.302677157577827,10.821568825163743,10.916434592840455,92302800
1998-07-21,10.726702690124512,11.329784959147519,10.692822583886716,11.309456399102107,77262600
1998-07-22,10.679269790649414,11.004526713394945,10.475984213933458,10.679269790649414,98843400
1998-07-23,10.747025489807129,10.882550805144634,10.570845557683192,10.686039842358957,56988000
1998-07-24,10.597952842712402,10.848670002037471,10.25914260109078,10.82834144957799,80445600
1998-07-27,10.570850372314453,10.618284502438305,10.326907671414888,10.46243056696571,68089800
1998-07-28,10.408218383789062,10.774132311344147,10.381113441621892,10.55729525551942,66456000
1998-07-29,10.191384315490723,10.577627551690766,10.184607922455445,10.489536303367284,55468800
1998-07-30,10.679269790649414,10.69282133525935,10.252369459167557,10.313355132182345,58798200
1998-07-31,10.381114959716797,10.841896562429014,10.326905687833257,10.726699765899896,60683400
1998-08-03,10.462428092956543,10.73347630147796,10.38111449892963,10.421770985753975,75937800
1998-08-04,10.096516609191895,10.726701266589782,10.028755164952052,10.665715594546922,120368400
1998-08-05,10.489533424377441,10.570847636969516,10.062633808269057,10.28624789289726,144369600
1998-08-06,10.77413272857666,10.780909739853595,10.381113843634596,10.428547339169485,78819600
1998-08-07,10.503087043762207,10.858836794229303,10.4692069423174,10.82834395847498,91843800
1998-08-10,10.753804206848145,10.794461311599933,10.448875921209728,10.570847235465095,68205000
1998-08-11,10.625059127807617,10.73347893411122,10.489536231063239,10.516641803017514,81696600
1998-08-12,10.68604564666748,10.80124247542672,10.557299753132368,10.733479780951502,67734600
1998-08-13,10.482759475708008,10.733479198293889,10.462430916620331,10.652164961943177,53187600
1998-08-14,10.455656051635742,10.611507505840269,10.299802736296103,10.60473049252234,56527200
1998-08-17,10.6386079788208,10.645382507378413,10.354007676678842,10.408216933079272,45709800
1998-08-18,10.862227439880371,10.963870234135292,10.679270410221514,10.699598969072499,73733400
1998-08-19,10.977420806884766,11.295900706826984,10.9706437940304,11.038406478034124,88851000
1998-08-20,11.126495361328125,11.268795230522583,10.9706414692971,10.977418480715382,77504400
1998-08-21,11.14004898071289,11.180706093781184,10.843591278175445,11.004526097656322,83786400
1998-08-24,11.16715145111084,11.323002847453713,11.106165798431556,11.153597429507071,63400200
1998-08-25,11.268798828125,11.390770183517164,11.167156031964863,11.316230478657346,70507200
1998-08-26,11.234917640686035,11.411100163644,11.11294627010616,11.167157422484252,61074600
1998-08-27,10.747025489807129,11.167150493236104,10.680958945827783,11.08583629663854,109182000
1998-08-28,10.265918731689453,10.83511818611976,10.035528269532081,10.733475426400062,139294200
1998-08-31,8.876799583435059,10.394664999318936,8.836142485159206,10.265917314652707,224315400
1998-09-01,9.757706642150879,9.825468700625242,8.876802363497275,9.134297813472887,223798800
1998-09-02,9.93388557434082,10.245590246298718,9.825467043520993,9.9745426784928,108430200
1998-09-03,9.825468063354492,9.940662996949023,9.608629738451775,9.703496738238554,100256400
1998-09-04,9.676393508911133,9.974545483065192,9.418898650340736,9.920336202413095,72989400
1998-09-08,10.259143829345703,10.272696612860061,9.859349123237422,10.164277446636516,103112400
1998-09-09,9.845797538757324,10.299801544470915,9.839021146601883,10.286249380538333,78987000
1998-09-10,9.588299751281738,9.744152390334104,9.418895571968328,9.622181083446938,106532400
1998-09-11,10.05585765838623,10.06941044106225,9.500210939259667,9.635734423372302,81840600
1998-09-14,10.157503128051758,10.31335582762896,10.089741678162737,10.198160246136526,69817800
1998-09-15,10.475983619689941,10.503086707372406,10.069411868942204,10.164278259235633,75814200
1998-09-16,10.509861946105957,10.611504711542185,10.286247862146256,10.530190499193202,59553600
1998-09-17,10.0016508102417,10.286250630045323,9.981322251684297,10.164279278700914,68469600
1998-09-18,9.930498123168945,10.113455099849642,9.757705422970508,10.08296227040286,77650800
1998-09-21,10.123619079589844,10.143947631958499,9.595076718004831,9.696719479848104,52685200
1998-09-22,10.225264549255371,10.306578780263365,10.103293202743378,10.265921664759368,35666800
1998-09-23,10.77413272857666,10.8147898332128,10.30657602526107,10.398054510692381,66698400
1998-09-24,10.560685157775879,10.875777785197487,10.489535209648418,10.794463558766104,55414000
1998-09-25,10.804628372192383,10.855449766229034,10.38789294109183,10.479371450357805,44434000
1998-09-28,10.77413272857666,11.09684849662601,10.652161414668246,10.977418251757353,52792000
1998-09-29,10.509861946105957,10.977418667112605,10.245590755971765,10.84528307204551,74522800
1998-09-30,10.052469253540039,10.469204581543217,9.920333661734155,10.316740437151811,73704000
1998-10-01,9.310478210449219,9.798363531520794,9.117356937525054,9.778034976476144,146516000
1998-10-02,9.066535949707031,9.391792844763785,8.598979163062946,9.249492953176455,116840800
1998-10-05,7.856985092163086,8.456677356636078,7.4707426167398046,8.294048945931538,256038800
1998-10-06,7.511401176452637,8.446514719393967,7.480908343530637,8.3448719429873,153998000
1998-10-07,7.135324954986572,7.643538983119519,6.860889379794781,7.44025337186634,149672800
1998-10-08,7.592715263366699,7.765507980203692,6.688094569337735,6.993022893167723,173296000
1998-10-09,8.141586303710938,8.15175058124366,7.7350152024020264,7.867150810327423,106092800
1998-10-12,8.517666816711426,8.863252343881102,8.507502536500553,8.659966739663647,100177200
1998-10-13,8.243229866027832,8.619308170643158,8.121258523990429,8.619308170643158,72907600
1998-10-14,8.477006912231445,8.761606664680462,8.16191432916289,8.16191432916289,71436800
1998-10-15,9.25965690612793,9.290149738969186,8.497336085096542,8.588814583620309,94161200
1998-10-16,9.005552291870117,9.635737666696244,8.94456661043533,9.544259144544064,96420400
1998-10-19,9.147849082946777,9.462941662470499,9.058911661307016,9.076699145634969,60167200
1998-10-20,8.802263259887695,9.432448389348478,8.68029194450819,9.371462731658724,85716400
1998-10-21,9.371466636657715,9.391795197691678,8.74128124460481,8.985223977012385,68915200
1998-10-22,9.503597259521484,9.55441863524085,9.107190528910428,9.340968857219513,55034000
1998-10-23,9.544255256652832,9.70688367423158,9.452776771764785,9.483269600060801,46912000
1998-10-26,9.981321334838867,9.981321334838867,9.46294313924133,9.676392984487375,63498000
1998-10-27,9.879679679870605,10.286250860112194,9.859351120858525,10.143950947027637,71040000
1998-10-28,10.225264549255371,10.24559310700737,9.778036278711397,9.798364836463398,48567600
1998-10-29,10.194768905639648,10.316740218568537,9.859347795085203,10.103290420942981,79612000
1998-10-30,10.245591163635254,10.367562487011865,10.082962732466441,10.326905379219662,57545600
1998-11-02,10.520030975341797,10.550523818748585,10.245595384680707,10.377731039443454,58619600
1998-11-03,10.3065767288208,10.540355096437052,10.154112576027593,10.540355096437052,63931600
1998-11-04,10.662327766418457,10.710608087572401,10.489535038078024,10.55052070690406,86704400
1998-11-05,11.028238296508789,11.040943640168361,10.652160124185448,10.723310048679053,116911600
1998-11-06,10.967254638671875,11.119718790275284,10.88594042448339,11.0384045760868,55838000
1998-11-09,10.896106719970703,11.119720850417863,10.784299654747123,11.018078063850973,46023200
1998-11-10,10.896106719970703,11.028242342507662,10.784299654747123,10.855449605343948,47261600
1998-11-11,10.743643760681152,11.211200632006916,10.611508123132566,11.058736434835472,56942000
1998-11-12,10.601343154907227,10.774135900480978,10.581014596604431,10.73347878387539,33463600
1998-11-13,10.520030975341797,10.743645160324908,10.448881007392625,10.591180943290968,26124000
1998-11-16,10.885941505432129,10.896105783214978,10.652163116426584,10.733477338689381,40676400
1998-11-17,11.180706977844238,11.323006884834983,10.753807256872003,10.88594288479198,65446000
1998-11-18,11.851548194885254,11.932862419206936,11.231527234432424,11.282348624633475,97434000
1998-11-19,11.922698974609375,12.17680594337769,11.86171330210498,11.932863253360107,57859600
1998-11-20,12.136147499084473,12.17680460963417,11.88204055814887,12.17680460963417,41056800
1998-11-23,12.39025592803955,12.461405880046339,12.085327562296165,12.258120302884082,46692400
1998-11-24,12.39025592803955,12.512227274336905,12.17680607201918,12.380091649181438,40832400
1998-11-25,12.532552719116211,12.563045548116493,12.207295876446528,12.41058140311508,24982400
1998-11-27,13.010273933410645,13.010273933410645,12.522388660907746,12.634195702522995,22048000
1998-11-30,12.258118629455566,13.071260827097728,12.166640132220824,13.03060371721562,58153600
1998-12-01,12.969618797302246,12.989947353410871,12.01417666019691,12.054833772414158,71161200
1998-12-02,12.725674629211426,12.969617273860846,12.502060538282791,12.847645951536135,47871600
1998-12-03,12.39025592803955,12.949291265235756,12.31910597603276,12.664691457208596,48567600
1998-12-04,12.725674629211426,12.766331736652996,12.38008921595808,12.644360414328286,46887600
1998-12-07,13.04076862335205,13.081425735194147,12.603704671049528,12.817154508220527,51790800
1998-12-08,12.979785919189453,13.294878607909009,12.75617175300138,13.020443040314555,56120800
1998-12-09,13.132250785827637,13.223729312973495,12.867979485184046,13.071265101063732,37432000
1998-12-10,13.20339298248291,13.782756646841282,13.152571608416386,13.335528555055872,86914800
1998-12-11,13.579471588134766,13.589635863275584,13.162736307361168,13.335528984755099,48952400
1998-12-14,13.071260452270508,13.518488648149125,12.786660691256841,13.427010153537589,65190400
1998-12-15,13.620128631591797,13.620128631591797,13.081422051387047,13.335528928842118,63774400
1998-12-16,13.447338104248047,13.82341634299119,13.406680997356895,13.742102129208888,49596400
1998-12-17,13.80308723449707,13.80308723449707,13.477830392447066,13.538816050331441,38702000
1998-12-18,14.707715034484863,14.73820787837115,14.026708187691163,14.026708187691163,86427600
1998-12-21,15.398881912231445,15.683481709949254,15.18543206394309,15.24641773488262,84346400
1998-12-22,15.25657844543457,15.89692784054608,14.971978714273899,15.663149489949815,117542800
1998-12-23,15.693652153015137,15.693652153015135,15.358230831091884,15.63266645812,48325200
1998-12-24,15.317566871643066,15.724137989669426,15.307402593692407,15.724137989669426,28090400
1998-12-28,15.317566871643066,15.652988044014812,15.124445590580546,15.531016708606906,42841200
1998-12-29,15.205763816833496,15.398885148731782,14.992313923682758,15.388720868105557,32946800
1998-12-30,15.07361888885498,15.470025589236196,15.063454614486231,15.226083004386217,31787600
1998-12-31,15.093951225280762,15.287072486749,14.931322794570667,15.104115502200143,29021600
1999-01-04,15.50052547454834,15.71397533354212,15.18543282555752,15.368389847552189,62691200
1999-01-05,15.764792442321777,15.79528527103033,15.429371326527699,15.581835470070462,50396000
1999-01-06,16.222185134887695,16.50678487409625,16.10021381808403,16.242513687688305,81818000
1999-01-07,16.852375030517578,17.07598917446896,15.947754175441545,16.018904130335166,95150800
1999-01-08,17.350421905517578,17.56387173563818,16.882865134777212,17.52321462513902,96112800
1999-01-11,17.025165557861328,17.543543733055913,16.781222887181524,17.502886621275945,65645600
1999-01-12,15.957916259765625,16.974344047011844,15.896930592530852,16.96417976913938,99631200
1999-01-13,15.592001914978027,16.222187129273095,14.616231260585659,14.646724093535422,123995200
1999-01-14,15.673319816589355,16.34416229901147,15.632662696442562,16.140876698277495,81488800
1999-01-15,16.537281036376953,16.547445314825865,15.89693149409561,15.89693149409561,64330400
1999-01-19,17.29960060119629,17.319929156544347,16.61859399703639,17.015000826323494,70477600
1999-01-20,17.258943557739258,17.878964498270527,17.06582228118034,17.55370761143445,73077600
1999-01-21,16.476293563842773,17.25894291881865,16.262843739758445,17.126807313433112,76785600
1999-01-22,16.720237731933594,16.994673244858948,15.947752584440007,16.120545314800413,65845200
1999-01-25,16.821882247924805,16.832046527228687,16.16120409317247,16.832046527228687,46580800
1999-01-26,17.421573638916016,17.48255931093089,16.79138836142897,17.004838213481033,61173600
1999-01-27,16.821882247924805,17.563874637108192,16.730403734189867,17.54354607850043,64099600
1999-01-28,17.7061710357666,17.746828144918762,17.055657289332007,17.177628616788493,64947200
1999-01-29,18.143238067626953,18.214388020833333,17.380917140415736,17.726502627418153,76174000
1999-02-01,18.7022705078125,19.108841605808422,18.214385190217392,18.38717790686566,102006400
1999-02-02,18.277912139892578,18.986870500386118,18.09241407424373,18.92588483496732,126920400
1999-02-03,18.072084426879883,18.255041412078892,17.563870579104858,17.80781322603687,96946400
1999-02-04,17.11664581298828,18.051759479731107,16.872703117316238,17.9907738058131,94445600
1999-02-05,16.466129302978516,17.096314498524606,16.212022369290576,17.015000279744466,108850000
1999-02-08,16.577930450439453,16.984501399561204,15.95790975302878,16.81170874618446,91903200
1999-02-09,15.602167129516602,16.6694163468451,15.59200285125633,16.659252068584827,84167600
1999-02-10,16.02906608581543,16.201858808363852,15.531016473764096,15.602166418342858,80472800
1999-02-11,17.0556583404541,17.086151174197465,16.140873328153226,16.252680385212223,70136400
1999-02-12,16.110380172729492,16.89302955651509,16.01890167332598,16.88286527880359,64724000
1999-02-16,16.110380172729492,16.689744002285064,15.886766063076465,16.567772669747047,55928400
1999-02-17,15.470026969909668,16.029062110083803,15.429369868806095,15.724133851807002,75745600
1999-02-18,15.642827987670898,15.73430651391459,14.90083549702764,15.612335145589668,74250800
1999-02-19,15.795287132263184,15.91725846146985,15.551344473849852,15.73430146765985,43842000
1999-02-22,16.598264694213867,16.679578911944247,15.602165527016709,15.83594390299155,66749200
1999-02-23,16.740562438964844,16.984505061026262,16.43563416138807,16.618591127934135,66164000
1999-02-24,16.252687454223633,16.954022935362737,16.222194607217585,16.791394417997147,55276400
1999-02-25,16.018901824951172,16.425472937259578,15.79528771318155,16.12054460302827,70942400
1999-02-26,15.90709400177002,15.998572497626844,15.531015741025298,15.978243942991995,57699200
1999-03-01,16.17136001586914,16.27300275638372,15.69363913545063,15.896924616479783,49533200
1999-03-02,15.561515808105469,16.354329807473352,15.531022961975935,16.222194140912038,60816800
1999-03-03,15.470026969909668,15.734298127082896,15.287070014943588,15.541176896840922,70323200
1999-03-04,15.978241920471191,16.201855993149543,15.490356670991156,15.744463571762008,65345600
1999-03-05,16.394981384277344,16.43563849868349,16.03923163322359,16.36448854847274,48879200
1999-03-08,17.004837036132812,17.07598698189069,16.557608805654723,16.588101639550956,55211600
1999-03-09,17.12681007385254,17.563874069802484,16.933688773316515,16.964181610243255,65762800
1999-03-10,16.974346160888672,17.106481789686008,16.60843211191143,16.91336048605913,55808400
1999-03-11,17.15730094909668,17.360586505365596,16.893029725947088,17.07598672658911,44450800
1999-03-12,16.791383743286133,17.258940433474486,16.649083881054892,17.228447605853507,35631600
1999-03-15,17.075986862182617,17.075986862182617,16.557608689580643,16.81171563693455,34250800
1999-03-16,17.238616943359375,17.41140968394729,17.055659923913343,17.065824202771456,45531600
1999-03-17,17.2487735748291,17.319923495290976,17.055652362146866,17.22844502612571,28228400
1999-03-18,17.380916595458984,17.401245152880573,17.09631679155673,17.13697390639991,30107600
1999-03-19,16.994672775268555,17.72650078951457,16.82188004968269,17.685843677612013,60511200
1999-03-22,16.710079193115234,17.075993336030166,16.649093502629412,17.075993336030166,34202400
1999-03-23,16.313657760620117,16.842199943518715,16.161193669399367,16.588093124817465,53808400
1999-03-24,16.984506607055664,16.994670883900103,16.3238286121672,16.33399288901164,45670400
1999-03-25,17.47239875793457,17.502891600444055,17.055663243638282,17.197963175349212,54294400
1999-03-26,17.10647201538086,17.41140021529852,17.01499355540556,17.391071668637345,39559200
1999-03-29,17.889129638671875,17.899293916875667,17.223369416323578,17.258944390036845,51662400
1999-03-30,17.878965377807617,18.25504367171261,17.706172648175595,17.84847254316667,58505600
1999-03-31,17.81797981262207,18.295700891454494,17.78748697780298,18.102579604266918,46367600
1999-04-01,17.878965377807617,18.133072333148828,17.584201309611814,17.970443881730453,31877200
1999-04-05,18.61079216003418,18.620956437565603,18.112742560994487,18.112742560994487,40854000
1999-04-06,18.74293327331543,18.905561761587148,18.49899054090785,18.58030478504371,50344000
1999-04-07,19.312124252319336,19.5154097707648,18.620953489604748,19.007195974651136,67619600
1999-04-08,19.129173278808594,19.312130302729184,18.661616439900413,19.088516162381794,51874000
1999-04-09,19.21048927307129,19.45443199399918,19.108846472684668,19.16983215291664,36259200
1999-04-12,19.149499893188477,19.373114010837174,18.620957433291554,18.783585882490605,47398400
1999-04-13,18.559968948364258,19.20031836991242,18.539640395299237,19.19015409337991,48145200
1999-04-14,18.011104583740234,18.885232684305507,17.97044746278371,18.83441128310985,41214800
1999-04-15,17.93994903564453,18.072084637606785,17.27927102583326,18.051756083458745,66928400
1999-04-16,17.187795639038086,17.990773673032177,17.075988571013593,17.960280836298224,56689200
1999-04-19,16.262845993041992,17.74683068990707,16.260304923355577,17.30976670384407,81516400
1999-04-20,16.51695442199707,16.649090057373048,16.140876075157752,16.27301171053373,74923600
1999-04-21,17.553712844848633,17.584205687080566,16.44580624375512,16.69991326235455,58310800
1999-04-22,18.407503128051758,18.539638710969854,18.082246308561057,18.092410584170143,65308400
1999-04-23,19.088510513305664,19.11900334160168,18.07208290343848,18.326189805905276,54894800
1999-04-26,19.129173278808594,19.373115977369384,18.9258876966746,19.14950183702199,45702400
1999-04-27,18.712434768676758,19.23335398752232,18.356685058245642,19.149498698634986,55418000
1999-04-28,18.173730850219727,18.70227335816795,18.09241661822769,18.70227335816795,36496800
1999-04-29,17.756994247436523,18.214386772413423,17.360587392456544,18.194058215747784,58308000
1999-04-30,18.549808502197266,18.58030133809129,17.84847327663474,18.24488014325704,55174400
1999-05-03,18.478654861450195,18.539640521058942,18.041590967587513,18.49898341465311,41324400
1999-05-04,17.665515899658203,18.763257969372294,17.56387311542542,18.397343946134264,59052400
1999-05-05,18.046672821044922,18.204219105880853,17.035327315162654,17.584198242978157,71366000
1999-05-06,17.391077041625977,17.975522938699907,17.21828434162151,17.909455141639373,56656800
1999-05-07,17.64518928527832,17.82814631703812,17.05566107183008,17.604532167109475,63440800
1999-05-10,17.76715850830078,18.133072527922536,17.604530055135555,17.807815621592088,61404400
1999-05-11,18.194055557250977,18.224548387793856,17.848470144431683,18.051755681384208,55567600
1999-05-12,19.312124252319336,19.39343845969752,18.793746180283396,19.10883873387387,106396400
1999-05-13,19.13933753967285,19.891494192851713,19.068187585993773,19.332458842516072,88076000
1999-05-14,18.773418426513672,19.22064658610577,18.549804346717625,18.712432768387476,71554800
1999-05-17,18.936050415039062,18.946214693308004,18.34652227544042,18.671779180046567,43317200
1999-05-18,18.8953914642334,19.08851273256069,18.722598750466876,18.946212850635316,38190800
1999-05-19,18.956377029418945,19.108841187832503,18.58029877199884,19.0071984155568,34946400
1999-05-20,18.6616153717041,19.08851506974962,18.6616153717041,19.03769367712515,38444400
1999-05-21,18.41767120361328,18.834406589567003,18.275371315726645,18.6616138685618,45808800
1999-05-24,17.787487030029297,18.519315067836217,17.563872907366072,18.509150789533344,53234000
1999-05-25,16.974346160888672,17.838309887640488,16.933689044335644,17.838309887640488,64752000
1999-05-26,17.746829986572266,17.89929416171464,16.872702049089323,17.13697328600277,80338400
1999-05-27,17.563871383666992,17.909456815984516,17.238614506191677,17.706171267562443,50292400
1999-05-28,17.726497650146484,17.74682620249757,17.319926603124777,17.543540678986716,29332000
1999-06-01,17.411407470703125,17.78748574064826,17.299600417476192,17.736664352817836,37940000
1999-06-02,17.909460067749023,18.021267139681623,17.15730340202063,17.482560338551828,51811200
1999-06-03,17.696008682250977,18.397343891369484,17.645187290285868,17.889129971718393,46993200
1999-06-04,18.681941986083984,18.702270541019875,17.807814123840664,17.807814123840664,42558400
1999-06-07,18.763254165649414,18.905554034728013,18.498982980217733,18.65144712565909,43156000
1999-06-08,18.163562774658203,18.946212093991544,18.072084282788072,18.712433725878988,42976400
1999-06-09,18.498985290527344,18.539642401055975,18.0517570747124,18.295699737884185,36088400
1999-06-10,17.960277557373047,18.417670024878305,17.83830623270498,18.417670024878305,46404800
1999-06-11,18.000934600830078,18.28553435736494,17.970441769772773,18.021263154868283,42778800
1999-06-14,17.53337287902832,18.204214971791142,17.51304433076278,18.112736504596214,35985600
1999-06-15,18.08224868774414,18.133070072476418,17.543542009582005,17.62485622515365,37105600
1999-06-16,18.90555763244629,18.915721910743304,18.1940581516553,18.458329387377667,64423200
1999-06-17,19.088510513305664,19.210481826489726,18.84456788693754,18.986867752318943,71378000
1999-06-18,19.413768768310547,19.434097321994642,18.915719203050227,18.925883479892274,56777200
1999-06-21,20.023624420166016,20.176088565497228,19.423932115196575,19.525574878750717,89100000
1999-06-22,19.352787017822266,20.267572118454623,19.312129902238606,19.84067240482619,67755800
1999-06-23,20.12527084350586,20.186256512728605,19.27147147438743,19.51541415127841,49204800
1999-06-24,19.596729278564453,20.20658599885173,19.556072163878635,20.145600326823,38008200
1999-06-25,19.942306518554688,20.064277812246154,19.67803538222318,19.92197796960611,27674200
1999-06-28,20.145601272583008,20.206586947474783,19.820344339826875,20.165929830880266,41440200
1999-06-29,20.32855224609375,20.470852111816406,19.8406669921875,20.165923828125,39828000
1999-06-30,20.958744049072266,21.28400098872809,20.043958906290253,20.287901611032126,57262600
1999-07-01,20.93841552734375,21.182358232516687,20.653815704641993,21.162029673752276,42941400
1999-07-02,21.812536239624023,21.812536239624023,21.101036921462942,21.121365473410403,34589200
1999-07-06,21.69057273864746,22.524043668623605,21.62958706084433,22.219115279607944,51386600
1999-07-07,21.54826545715332,21.995493608150845,21.248419310461802,21.751550980334013,39944600
1999-07-08,21.609256744384766,21.75155664768739,21.304328380164847,21.52794251392612,35140800
1999-07-09,21.812536239624023,21.914178999361322,21.263665337042617,21.873521895466403,21307000
1999-07-12,21.344982147216797,22.056481552124023,21.304325038364954,22.036152997698103,29140000
1999-07-13,21.223011016845703,21.385639453756397,20.857097033796638,21.162025353004193,29620400
1999-07-14,21.24333381652832,21.446619307595576,20.796105736180355,21.42629075848885,37299600
1999-07-15,21.649913787841797,21.751556575578142,21.141699849160066,21.441546072982288,31955200
1999-07-16,21.46695899963379,21.751558834856205,21.243344843387604,21.751558834856205,34042800
1999-07-19,21.121370315551758,21.507612891100827,21.06038464572822,21.507612891100827,32816600
1999-07-20,20.247238159179688,20.938408939713934,20.12526684496776,20.938408939713934,52511400
1999-07-21,20.511512756347656,20.811358953727368,20.20658442002931,20.30822719880209,34655400
1999-07-22,19.881332397460938,20.572503462403343,19.84067527599374,20.470860658735344,36435400
1999-07-23,20.47085952758789,20.491188087198204,19.901659858499052,20.165931133433155,31477800
1999-07-26,19.86099624633789,20.328552964521894,19.840667693373366,20.16592454080572,30652200
1999-07-27,20.47085952758789,20.57250232563947,19.982974096940314,20.206588252653784,32806600
1999-07-28,20.592819213867188,20.836761790931753,19.98296277120577,20.450519377246188,26070000
1999-07-29,20.084613800048828,20.36921359073778,19.84067112231544,20.084613800048828,32851000
1999-07-30,20.206584930419922,20.75545594965668,20.165927817883865,20.22691348668795,30931600
1999-08-02,20.104938507080078,20.816437847573308,19.921981533810392,20.06428140190904,28405600
1999-08-03,19.881332397460938,20.34888929433374,19.596732547190538,20.328560733600142,32937000
1999-08-04,19.67803382873535,20.38953298576607,19.617048186704146,19.982962038891372,39040000
1999-08-05,20.0033016204834,20.023630179040797,18.986873692613305,19.881330269138985,57323800
1999-08-06,20.247238159179688,20.572494997078156,19.840667111806603,20.003295530755835,39723000
1999-08-09,19.45442771911621,20.775783833789724,19.393442052285124,20.531841166465384,43451800
1999-08-10,19.108840942382812,19.718697568203538,18.265205943330805,19.5154120262633,76086600
1999-08-11,20.47085952758789,20.491188087198204,19.556074345123683,20.308231050705363,75945000
1999-08-12,20.06429100036621,20.63349074505745,20.043962438055807,20.511519371195043,43322200
1999-08-13,20.674142837524414,20.674142837524414,20.247243132914765,20.348885919726587,41463800
1999-08-16,20.65381622314453,20.958744612265757,20.36921639329805,20.735130460243525,29650400
1999-08-17,20.89775848388672,21.060386954578444,20.531844424830336,20.89775848388672,28298200
1999-08-18,20.592819213867188,20.857090339020466,20.552162117689758,20.735119050488183,22717800
1999-08-19,20.247238159179688,20.49118078760354,20.0642811878618,20.369209473391614,27059200
1999-08-20,20.857086181640625,20.857086181640625,20.32854403668677,20.45051530090689,26887800
1999-08-23,21.38564682006836,21.42630394330043,20.877432779667494,21.060389834211808,29975400
1999-08-24,21.58892059326172,21.792206097906366,21.162021033507955,21.162021033507955,37240600
1999-08-25,22.32075309753418,22.463052980669644,21.670239346057773,21.7922106744596,40614200
1999-08-26,22.422393798828125,22.869621961633403,22.076808400296777,22.076808400296777,71319400
1999-08-27,22.28009796142578,22.72732620517703,22.158126622220895,22.646011979040438,31159600
1999-08-30,21.710899353027344,22.44272742110692,21.5076137785608,22.422398863660263,30237800
1999-08-31,22.056476593017578,22.32074774113668,21.46694864721342,21.873519644319735,40630200
1999-09-01,22.422393798828125,22.48337945739248,21.914179977458495,22.178451164570703,29680800
1999-09-02,22.19878387451172,22.28009810115828,21.71089851463234,22.19878387451172,32987200
1999-09-03,23.07291030883789,23.07291030883789,22.686667757412412,22.727324868088775,41353000
1999-09-07,22.88994789123535,23.337176002787018,22.869619340710276,23.072904845961034,29664600
1999-09-08,22.422393798828125,23.05257893732647,22.3207510345542,22.727322091649906,29108600
1999-09-09,22.747650146484375,22.828964356123283,22.32075054588011,22.747650146484375,27047000
1999-09-10,23.011919021606445,23.316847277193105,22.747647866764677,23.154218874213555,26933600
1999-09-13,22.991594314575195,23.6014509276939,22.971265760804574,23.377836836217043,40052600
1999-09-14,23.39816665649414,23.45915232110707,22.93060989446168,23.072909778558515,30686800
1999-09-15,22.930614471435547,23.66244259286434,22.93061447143555,23.642114033935766,29886800
1999-09-16,22.930614471435547,23.194885737507057,22.524043292863997,23.174557178578482,35386600
1999-09-17,23.906381607055664,23.926710162843975,23.072910819734844,23.133896487099783,52056200
1999-09-20,23.80474090576172,23.906383693574536,23.49981254232327,23.906383693574536,27081800
1999-09-21,23.13389778137207,23.72342593221547,23.052583553669532,23.682768818364202,31278600
1999-09-22,23.49980926513672,23.581123484047225,22.869624068580283,23.194880944222316,34365600
1999-09-23,22.564701080322266,23.703100414104288,22.361415485004045,23.662443295040646,38786600
1999-09-24,22.44272232055664,22.686664954475734,21.69056586597277,22.320751003597092,57435400
1999-09-27,22.158124923706055,22.849295792885876,21.995496483899036,22.80863868293412,39346400
1999-09-28,22.23944091796875,22.381740814153193,21.426298654057646,22.076812465186528,48341400
1999-09-29,21.73122215270996,22.605349891312887,21.710893600649428,22.36140726658649,34538000
1999-09-30,22.30042839050293,22.42239973994962,21.588928852063912,21.91418578392175,38812200
1999-10-01,22.402070999145508,22.442728115296404,21.79221425688202,22.097142628013763,34812000
1999-10-04,22.930614471435547,22.971271589292705,22.259772026792486,22.463057616078263,26348000
1999-10-05,23.296518325805664,23.703089326256023,22.849290225310266,23.133889925625517,40120200
1999-10-06,23.393085479736328,23.74375306568067,23.13389639447312,23.52013895290457,27806600
1999-10-07,23.052583694458008,23.591290456277353,22.9102837951095,23.418497721354164,29225000
1999-10-08,23.357507705688477,23.418493365494452,22.585022681479458,23.07290795992726,30828400
1999-10-11,23.560791015625,23.662433772379206,23.357505502116588,23.479476810221634,17772200
1999-10-12,23.337181091308594,23.70309508054514,22.930609992156878,23.56079519584204,23617400
1999-10-13,22.869630813598633,23.3981733924018,22.646016645643446,22.991602177937825,33096600
1999-10-14,22.564701080322266,22.869629473299593,22.280101246876757,22.84930091376777,42707400
1999-10-15,21.85319709777832,22.320753872893576,21.629582987940587,22.2394396511344,56896000
1999-10-18,21.914182662963867,22.1581253271156,21.162026115162696,21.771882775542025,50957000
1999-10-19,21.914182662963867,22.442725101959283,21.751554220196045,22.422396546613307,40404800
1999-10-20,22.747650146484375,22.7679786988941,22.097136469373115,22.442721860338473,36908600
1999-10-21,22.503707885742188,22.544364991226818,21.97516551444201,22.19877959460747,37816000
1999-10-22,21.649913787841797,23.072912816150648,21.588928115199987,22.747655895394338,51369400
1999-10-25,21.62958526611328,22.09714209047475,21.182356999332743,21.97517074498915,74015400
1999-10-26,21.873531341552734,22.361416798985136,21.853202780826383,22.056488388089885,38695000
1999-10-27,22.503707885742188,22.60535064945376,21.71089432879192,22.036151172668955,38332600
1999-10-28,23.07291030883789,23.113567419514258,22.585024980721496,22.727324868088775,40276400
1999-10-29,24.06900978088379,24.231638225349222,23.49981022525478,23.581124447487497,56607600
1999-11-01,23.703096389770508,24.06901039921808,23.54046794112714,23.743753501931348,31411400
1999-11-02,23.906381607055664,24.231638499668666,23.642110381807598,23.906381607055664,33270200
1999-11-03,23.255863189697266,24.17064801796333,23.113563327522545,24.0690052592671,47719800
1999-11-04,22.767990112304688,23.947046743120467,22.72733298710414,23.7031039919172,63778000
1999-11-05,23.886051177978516,23.90637973217254,23.255865997963763,23.316851660545836,43893000
1999-11-08,24.495912551879883,24.699198133223284,23.825070133446655,23.906384365984017,50149600
1999-11-09,24.150327682495117,24.88215579408588,23.947042095942127,24.861827235430578,56435600
1999-11-10,25.857912063598633,25.91889770525806,25.105755816465653,25.105755816465653,84182400
1999-11-11,27.240257263183594,27.382557114558434,25.918901500417224,25.97988715100644,55408200
1999-11-12,27.138622283935547,27.463879180222417,26.183180151092873,27.463879180222417,41353200
1999-11-15,26.935331344604492,27.240259623977376,26.650731617189805,27.179273968102798,25344800
1999-11-16,27.48421287536621,27.646841353918674,26.95567032007071,27.11829879862317,37070800
1999-11-17,27.565515518188477,28.033072197331794,27.484201313120074,27.64682972325688,38131200
1999-11-18,28.60228729248047,28.622615854877395,27.646844859824757,27.972101858175638,30482600
1999-11-19,28.66326904296875,28.82589751980829,28.21604073166002,28.520969125734155,35320400
1999-11-22,28.459970474243164,28.744570178985594,28.17537076950073,28.68358452796936,27224400
1999-11-23,28.78524398803711,29.110500982252216,28.459986993822,29.029186733698438,48103800
1999-11-24,30.065935134887695,30.553820492046118,28.988521637829518,29.15115009021566,49164200
1999-11-26,30.30986785888672,31.02136710440049,30.187896559655787,30.980710004656846,24342000
1999-11-29,30.167566299438477,31.062022443087596,30.12690920199988,30.533480176385844,46741400
1999-11-30,29.008848190307617,30.126918723220662,28.74457697343726,30.126918723220662,43533600
1999-12-01,29.74066925048828,29.84231200254053,29.008841435712082,29.39508389351063,39542400
1999-12-02,30.411527633666992,30.492841878676796,29.740685112336102,30.20824202114248,39396200
1999-12-03,31.082353591918945,31.54991025157502,30.574139831423217,30.858739537300824,49795400
1999-12-06,31.956483840942383,32.159769361559064,31.00104189404398,31.22465596672233,36850800
1999-12-07,33.013572692871094,33.31850101207865,32.546015936752845,32.83061570134656,55914600
1999-12-08,32.505374908447266,33.5014745773115,32.200446438386784,33.17621754258032,41666800
1999-12-09,32.07847213745117,33.176214529987526,31.22467249881179,33.155885967162774,48570000
1999-12-10,32.46470642089844,32.56634920869085,31.42794998541577,32.48503497845692,33256600
1999-12-13,32.911930084228516,33.09488707666709,31.956488012604833,32.525687544635964,36838200
1999-12-14,31.85484504699707,33.033901213382414,31.793859383218518,32.830615667453905,41910600
1999-12-15,31.184003829956055,31.387289382954464,30.208233175563684,30.980718276957642,90774200
1999-12-16,31.834522247314453,32.11912206306312,31.570250989833557,32.002232853023486,42678200
1999-12-17,32.42404556274414,32.77471314014686,32.11911723456787,32.769631001343924,57102400
1999-12-20,33.582767486572266,33.68441024530886,32.54601134745896,32.769625416679474,38061000
1999-12-21,33.82670593261719,33.989334326524,33.13553525851323,33.847034481855545,39562800
1999-12-22,33.338836669921875,34.15197902772485,32.688322783679496,33.96902199721918,30393400
1999-12-23,33.96901321411133,34.15197019731121,33.562442140333815,33.78605623091145,21218200
1999-12-27,34.21294403076172,34.233272577422895,33.19651669770284,34.151958390778184,26471200
1999-12-28,34.21294403076172,34.802471883935866,33.54210199094286,34.13162984411701,26290400
1999-12-29,34.517887115478516,34.80248689146008,34.050330340651655,34.29427300577871,18297400
1999-12-30,34.53821563720703,34.802486857503496,34.17230163987347,34.761829746688655,17842400
1999-12-31,34.84314727783203,34.86347583517032,34.456904688404485,34.70084737646398,10726400
2000-01-03,35.14807891845703,35.85957849170515,33.68442265348947,35.75793569552685,53076000
2000-01-04,33.17620086669922,34.802485222909965,33.09488664888868,34.31459991604674,50805600
2000-01-05,33.074562072753906,33.98934713315583,31.631234533008655,32.54601959341058,68524000
2000-01-06,32.525691986083984,33.13554871082306,32.07846372127533,32.789963233470914,48242600
2000-01-07,34.43656921386719,34.47722632037707,32.3223996753535,32.3223996753535,62260600
2000-01-10,35.71729278564453,35.77827848761205,34.517907313616625,35.29039287187189,50583000
2000-01-11,34.639854431152344,35.6562820846486,34.15196915747414,35.1683968109704,43210200
2000-01-12,33.76572799682617,34.96511267582241,33.66408522741971,34.76182713700949,40757800
2000-01-13,34.53821563720703,34.63985841424413,33.745401976317645,34.47722997098477,34494400
2000-01-14,34.985435485839844,35.53430635052182,34.151964913545,35.20904954182139,43623000
2000-01-18,36.42876434326172,36.59139275550842,34.88379442691803,34.96510863304138,59568600
2000-01-19,36.53040313720703,36.75401717978315,35.473318572301764,36.32711764395602,45597000
2000-01-20,36.550750732421875,37.4452073688104,36.24582233365306,36.87600769110861,41731200
2000-01-21,37.48586654663086,37.526523668698786,36.57108130010245,37.36389518042707,44974600
2000-01-24,35.47331619262695,37.64847082449577,35.290359260974434,37.64847082449577,43787800
2000-01-25,36.46942138671875,36.71336400469011,34.82280871541205,35.29036539985716,55379800
2000-01-26,34.86347198486328,36.34745650666795,34.802486319583636,36.24581373120188,35308800
2000-01-27,34.680519104003906,35.98154678434169,33.74540545876113,35.39201861668863,47908600
2000-01-28,33.78606033325195,35.57497327508479,33.50146054705127,34.660188248011174,49564400
2000-01-31,35.615631103515625,35.65628821664749,32.52569050549372,33.4811326640926,66914600
2000-02-01,38.31932067871094,38.420963439131924,35.63595180359696,35.707101735891655,87263000
2000-02-02,37.03862762451172,38.298998048616944,36.75402785132667,37.77045561270185,68449200
2000-02-03,38.31932067871094,38.583591855805494,37.24190741824851,37.36387873075369,48675200
2000-02-04,39.39675521850586,39.84398360591924,38.58361269593608,38.88854114189975,52970000
2000-02-07,40.718101501464844,40.77908717520643,39.864302069082655,40.35218745901533,48933400
2000-02-08,40.92137908935547,41.63287847739692,40.23020825525806,41.59222136950884,72100800
2000-02-09,41.89714813232422,43.90967489850573,41.12466311096161,43.34047540908065,107807600
2000-02-10,44.2146110534668,44.316253837497754,41.815841350336186,42.48668372494051,64314000
2000-02-11,42.58833694458008,43.46246510143781,41.67355166414757,43.299836607138694,75471000
2000-02-14,42.446022033691406,43.23883566363104,41.2872944207027,43.23883566363104,49103800
2000-02-15,41.63287353515625,42.32404428720474,40.758745819330215,42.202072978019714,61367200
2000-02-16,41.3635368347168,42.120775683269784,41.226319056791084,41.59223313125965,46274000
2000-02-17,42.446022033691406,42.48667914291908,41.51090852145491,41.937808168345484,39656600
2000-02-18,40.92137908935547,42.54766340487879,40.8400648735793,42.5070062969907,41600000
2000-02-22,40.3115234375,41.32795115907086,39.437395596949074,41.16532272361952,61144400
2000-02-23,45.08872604370117,45.21069734950018,41.0840015033003,41.30761556393182,105707800
2000-02-24,44.64150619506836,44.80413463293746,43.0965360353119,44.64150619506836,74976000
2000-02-25,43.17784118652344,44.64149681996491,42.628970323982884,44.43821131532026,46451200
2000-02-28,42.46635055541992,43.320149848539906,41.51090848930947,42.53241835786373,52048400
2000-02-29,42.99488830566406,43.564087772594846,42.04452848141357,43.05079182473762,41688600
2000-03-01,42.832271575927734,44.031656494285464,42.283400511594536,43.15752850294,39469400
2000-03-02,43.17784118652344,43.42178379209702,42.263056415622515,42.64929887444735,31939200
2000-03-03,44.70249557495117,45.19038092911162,43.543767858820104,43.74705342305362,38053800
2000-03-06,44.27558898925781,44.885445586905995,43.726718051374455,44.62117439459178,33787600
2000-03-07,42.954227447509766,44.82445410400333,42.52732788461449,44.80412555338927,42309600
2000-03-08,43.055885314941406,43.90968474045016,42.283400120433484,43.340485123444324,48042400
2000-03-09,45.31235122680664,45.5308832033379,42.9745672918211,43.54376685860019,67248600
2000-03-10,44.35690689086914,46.1458197260646,44.25526411614213,45.25136330846687,48013600
2000-03-13,44.29592514038086,45.54613138000152,43.58442565441788,43.90968256228667,47557200
2000-03-14,42.85259246826172,44.92610500704858,42.83226391395989,44.539862475313775,58617400
2000-03-15,41.83616638183594,43.90967900134384,41.18565261885306,43.421793679106685,62863600
2000-03-16,42.82718276977539,43.381135887362376,40.4334954451564,42.202079710479985,75486200
2000-03-17,43.90968322753906,44.21461158328586,42.60865557635272,42.60865557635272,53047600
2000-03-20,43.62507247924805,44.478871661041346,43.11685868056156,43.90967220651248,39242200
2000-03-21,45.81547546386719,45.98318602296953,43.238831419476654,43.7470452349383,57357400
2000-03-22,46.958961486816406,47.73144656755191,45.17004866827102,46.064505077543714,59111600
2000-03-23,50.61810302734375,51.349931022919804,46.83699171686747,47.56881971244353,76967200
2000-03-24,51.63454818725586,52.89491904851959,50.902719945231766,52.122433681938595,64910400
2000-03-27,52.081756591796875,53.34212696989657,51.431242848261554,52.97621298915795,47360000
2000-03-28,50.658756256103516,52.366354781590154,50.414813609605424,51.75649816534492,42658000
2000-03-29,49.479713439941406,51.21780526373557,48.78854242229227,50.699427000498716,54776100
2000-03-30,47.894065856933594,49.926920944239775,46.02383917661191,48.707207891856065,67081600
2000-03-31,50.29285430908203,50.61811124883357,46.99962779409768,48.37180550867449,53212600
2000-04-03,47.446842193603516,50.089554055286655,46.83698561013817,50.00823984415795,61832400
2000-04-04,47.56882095336914,48.46327741574018,41.632882612179486,48.13802052033253,10846100
2000-04-05,46.91830825805664,48.707221224568336,45.617280646048144,45.698594871798676,64975400
2000-04-06,46.71501541137695,48.30064256633231,46.02384460024257,48.05669992710841,43823900
2000-04-07,48.74787139892578,48.78852850601413,46.593044723243494,47.48750107918708,44893800
2000-04-10,47.20291519165039,49.43905673819713,47.162258072622265,49.07314266694403,42264200
2000-04-11,45.535980224609375,47.93475061144147,44.56020921979631,46.91832248142787,58865900
2000-04-12,42.28340148925781,45.98319911956787,42.12077302199143,45.37334236731896,94231500
2000-04-13,39.762664794921875,43.2591772411011,39.762664794921875,43.0050702319311,104047300
2000-04-14,37.07929229736328,39.722005015925355,35.81892161620291,39.60003365968403,14575300
2000-04-17,43.25917053222656,43.3404847625503,36.86583917302296,37.0386319124609,12074800
2000-04-18,45.048065185546875,45.21069357971852,43.58440963800203,44.31623741177445,80723900
2000-04-19,43.01521682739258,45.53595732200348,42.85258840838542,45.37332890299633,51863900
2000-04-20,42.36471176147461,44.031653395083495,41.99879774434095,43.42179669986073,36551400
2000-04-24,41.266963958740234,41.4702494954828,38.54293776638989,40.04725073828485,58933700
2000-04-25,42.93391799926758,42.974575118585065,41.02303339134563,42.36471832882274,54357600
2000-04-26,43.42179870605469,44.88545484221384,42.85259909754836,43.137198901801526,51055200
2000-04-27,44.88544464111328,44.966758852419645,41.632876188858695,41.79550461147142,51540300
2000-04-28,45.09889221191406,45.53595607603674,44.27558586321786,45.12938503964355,34352200
2000-05-01,46.47107696533203,46.75567673677326,45.21070654894945,45.45464921018479,40694200
2000-05-02,44.234947204589844,46.63371731954463,43.99100448103513,46.18648899302764,31282300
2000-05-03,42.97457504272461,43.99100302386758,41.38894739214158,43.950345904621855,47312400
2000-05-04,41.388946533203125,43.25917397969364,41.30763229639919,42.56800296686019,40026500
2000-05-05,44.07230758666992,44.22477175036919,41.3076240849231,41.51090963652213,45085600
2000-05-08,40.81975555419922,42.03946936557967,40.41318428373907,41.67355522216554,67640000
2000-05-09,40.81975555419922,41.42961245988945,39.55938461577275,41.32796964227441,70498200
2000-05-10,38.055057525634766,40.00659893720578,37.811114849188385,39.35608513334877,91957600
2000-05-11,39.193458557128906,39.76265816273037,37.77045954312526,38.949515869014,53912000
2000-05-12,38.990169525146484,40.98236796803718,38.21768441463785,39.11214085838469,43915500
2000-05-15,39.030826568603516,39.11214079062144,37.07928524017334,38.664912569522855,50519100
2000-05-16,39.39675521850586,40.504661905507184,38.21769856077968,39.76266935366226,50845600
2000-05-17,37.72978210449219,38.78686651690253,37.72978210449219,38.54292396019245,43334300
2000-05-18,36.02220916748047,37.93309385243711,35.85958068365437,37.72980824765449,75639200
2000-05-19,34.76183319091797,35.81891817684062,34.111319353427106,35.11758294579578,82841000
2000-05-22,35.940895080566406,36.10352356509385,32.52569690548996,34.59921008321494,92259800
2000-05-23,32.881439208984375,36.1848295468267,32.68831792769513,35.859572652023765,67684700
2000-05-24,35.85957336425781,36.10351604020514,32.64766146428461,32.85094702757405,97110300
2000-05-25,35.45299530029297,38.01439289652973,35.16839556737777,36.46942291784724,76771500
2000-05-26,35.73759841918945,36.388112156057524,34.23328540268205,35.534312876418184,36022200
2000-05-30,38.949520111083984,39.03083434931172,37.07929263184613,37.3943853049786,51328600
2000-05-31,37.03862762451172,39.19345447862711,36.67271363041665,38.33965515907195,49611300
2000-06-01,39.64067840576172,39.76264972393329,37.648480208959334,38.10587265210274,52127600
2000-06-02,41.8768310546875,42.7712876403216,41.26697429175516,41.99880240727397,61997000
2000-06-05,41.144981384277344,42.32403717493351,40.61643913329354,41.429581057884,36758700
2000-06-06,39.884613037109375,41.51089695299559,39.76264174341791,40.819726288743944,30704100
2000-06-07,40.901058197021484,41.307629352061454,39.762658962909555,40.08791588694153,32483900
2000-06-08,41.429595947265625,42.28339527493254,40.81973928464641,41.51091016894819,36633200
2000-06-09,41.8768310546875,42.28340222997573,41.632888349514566,41.95814528974515,23956400
2000-06-12,40.413169860839844,42.120768587354206,40.413169860839844,41.95814013720998,22663400
2000-06-13,42.28340148925781,42.28340148925781,40.00660294752854,40.57580258296086,33430700
2000-06-14,42.405372619628906,43.25917206834626,41.71420163733389,42.16142991999537,33894400
2000-06-15,43.25917053222656,43.3404847625503,42.03945707737055,42.60865668963669,38430500
2000-06-16,44.112953186035156,44.19426738545642,42.80176172036729,43.42178249095442,49657300
2000-06-19,44.84478759765625,45.0480731262041,43.096532052144724,43.58441732065957,34616900
2000-06-20,43.66574478149414,45.25137238529141,43.340487837125465,44.68217273264624,34001500
2000-06-21,43.8690185546875,44.07230409015871,42.771276663142956,42.8119337702372,27600800
2000-06-22,41.998783111572266,43.6657241644033,41.917468913873186,43.625067065553765,27506900
2000-06-23,40.73843002319336,42.8932571601487,40.65711579161014,41.99880061273328,25132300
2000-06-26,40.86039352416992,41.38893592796516,39.72199450061096,41.03318623310298,40313100
2000-06-27,40.494476318359375,42.446017345750185,40.413162108884755,40.69776184204592,31635200
2000-06-28,41.34828567504883,41.91748528119503,40.413172036380075,40.86040029835209,29624000
2000-06-29,39.80330276489258,41.317779810849935,39.35607464393873,40.779073210610065,36168100
2000-06-30,41.34828567504883,41.42959990449828,39.11214436518876,39.559372627160776,34402600
2000-07-03,42.03944778442383,42.20207620912179,41.06367723623604,41.226305660934,14879800
2000-07-05,40.25054168701172,42.12076887650924,39.965941897305576,41.510912184281786,27383000
2000-07-06,42.120758056640625,42.20207226138317,39.60001770962159,40.49447396178964,34561900
2000-07-07,42.527320861816406,42.89323471244389,41.3889222154198,42.03943572764643,30196900
2000-07-10,41.06367492675781,42.68995908227297,40.98236071898205,41.79550279673963,29138500
2000-07-11,40.413169860839844,41.99879724974603,40.08791296055139,40.982369436344634,33011500
2000-07-12,41.55156707763672,42.03945240535848,40.392839424297534,41.226310192488874,32863700
2000-07-13,42.446022033691406,43.6555710332147,41.55156563068258,41.6735369583656,58366200
2000-07-14,44.39756774902344,44.72282465560969,42.97456878270858,43.299825689294835,58353300
2000-07-17,45.29201889038086,45.37333310741925,43.82836298368992,43.990991417766686,41995400
2000-07-18,43.74706268310547,44.96677632668648,43.625091318747366,44.39757662634867,29673200
2000-07-19,43.46244430541992,44.19427217959912,43.09653036833033,43.665729826025256,24010200
2000-07-20,45.2107048034668,45.37333323801165,43.70639178392699,43.7470488925632,43828700
2000-07-21,44.31624984741211,45.29202048625421,44.062142910213645,44.64150672702614,29126500
2000-07-24,42.97457504272461,44.80414540878195,42.85260368498745,44.19428862009617,29325800
2000-07-25,44.31624984741211,44.804135166833156,42.89325099910071,43.34047920857001,32776100
2000-07-26,44.60085678100586,44.966770829345926,43.177857704127824,43.62508598543235,44805400
2000-07-27,44.234947204589844,44.88546113406911,43.421804792740765,44.14346868325683,34568500
2000-07-28,40.86039352416992,44.885447214610544,40.29119401239044,43.74704819105158,56395700
2000-07-31,42.567996978759766,42.93391099290383,40.69776979535676,40.9112196369408,51109200
2000-08-01,41.10433578491211,42.689962981362726,40.535136278493944,42.12076347494456,34942900
2000-08-02,39.64067840576172,41.95813345102164,39.518707087590144,41.144991329877804,45361900
2000-08-03,41.8768310546875,42.20208799491809,38.05506200697816,38.78689012249697,61286400
2000-08-04,42.64931106567383,43.50311042923832,41.99879726486279,42.62898250939848,41593000
2000-08-07,43.09653091430664,43.747044588484854,42.44601724012843,43.06603808582954,39458000
2000-08-08,42.60866165161133,43.543775409232566,42.20209045264557,42.933918610783934,46360200
2000-08-09,44.112953186035156,45.535951675907256,43.74703928863947,44.80412388111589,94337400
2000-08-10,41.2263069152832,43.34047650068234,41.06367848563712,43.34047650068234,59673700
2000-08-11,41.83616638183594,42.2020803735138,40.33185330493804,40.86039573736163,48999400
2000-08-14,41.958133697509766,41.998790803805804,40.575792083444526,41.632876847141475,29087500
2000-08-15,41.10433578491211,42.16142058254586,40.94170735450692,41.75484950653288,33757400
2000-08-16,41.02302551269531,41.795510631368465,40.535140174585955,41.30762529325911,35195300
2000-08-17,41.266963958740234,41.958134783664946,40.50464319595562,40.90104999260362,34739500
2000-08-18,41.30763244628906,41.83617498743252,40.98237549789308,41.34828956483856,41693400
2000-08-21,42.60866165161133,42.60866165161133,41.71420501388666,41.71420501388666,41781800
2000-08-22,42.16141891479492,43.218503670614275,41.958133384829665,42.64930418671155,40985800
2000-08-23,43.70639419555664,43.74705130643623,41.75485287333644,41.958138427734376,43615700
2000-08-24,43.25917053222656,43.909684374816436,42.68997091996042,43.78771302933083,26958500
2000-08-25,42.60866165161133,43.584432529129145,42.60866165161133,43.17786133016339,21182500
2000-08-28,42.97457504272461,43.604760391033246,42.689975208004576,42.77128944649601,25397800
2000-08-29,43.299827575683594,43.828370071912595,42.77128507945459,42.974570654927284,25801700
2000-08-30,43.299827575683594,43.543770266250824,43.05588488511636,43.177856230399975,24561800
2000-08-31,44.64150619506836,44.84479174240474,43.46245002051737,43.543764239451924,46835300
2000-09-01,44.60085678100586,45.29202776120376,44.31625696563025,44.80414236341701,33141800
2000-09-05,42.93391799926758,44.438231414014645,42.68997528336265,43.95034598220478,32365000
2000-09-06,41.79551696777344,43.543773027709484,41.30763155569826,43.1778589686531,37317100
2000-09-07,43.09653091430664,43.38113064675961,41.79550356595021,42.28338882158388,30302700
2000-09-08,41.55156707763672,42.89325172887156,41.185653081845395,42.77128039694112,35967700
2000-09-11,39.80330276489258,41.55155814680308,39.6000172553681,41.30761553537371,53535500
2000-09-12,38.29899978637695,40.9010549735618,37.81111443877979,40.01676278104195,76982100
2000-09-13,39.884613037109375,40.24036264370948,37.72978684856014,37.892415240148765,75426600
2000-09-14,39.84395980834961,41.18564416924301,39.386567412590495,40.73841604894521,48069600
2000-09-15,40.81975555419922,41.47026958693546,38.9088705830365,39.92529875918689,75803700
2000-09-18,39.07148361206055,40.69776804960729,38.05505583859383,40.047254274588596,59433800
2000-09-19,40.33184814453125,40.372505249515655,38.420964210264145,38.99016368004583,50635000
2000-09-20,41.06367492675781,41.388931757860846,39.681333394569926,39.884618914009316,61998200
2000-09-21,39.762664794921875,40.90106419600348,39.07149372997947,40.04726464519228,48728100
2000-09-22,39.2341194152832,39.35609077097838,38.01440585833139,38.05506297689646,55306500
2000-09-25,37.20124053955078,39.915101529731125,36.99795507212154,39.49836632150118,59634900
2000-09-26,35.90022277832031,38.5022774304296,35.8595656743811,37.851763767402275,72577600
2000-09-27,37.28257369995117,37.48585927083422,35.981546046299655,36.754031215655246,56557200
2000-09-28,38.6649169921875,38.86820257048502,35.53431908640576,36.672718324871845,90508900
2000-09-29,35.940895080566406,38.58360795413746,35.90023795943454,38.28884382593146,44248700
2000-10-02,36.10350799560547,38.35997724533081,35.513979993424975,37.32322110356511,76637400
2000-10-03,36.59139633178711,38.62425168355306,36.38811079661051,37.079281616210935,65208200
2000-10-04,38.09571838378906,38.42097531769548,35.94089119665905,36.794690648163396,56870600
2000-10-05,37.44519805908203,38.298997363360776,36.59139875480329,37.60782649799227,47457200
2000-10-06,36.550750732421875,37.89243568700466,35.53432273652583,37.28257888946703,54803700
2000-10-09,34.9244499206543,36.144162956299965,34.39590760520784,36.06284875392359,45976900
2000-10-10,33.25752258300781,35.37169272275892,32.972922756502854,34.47723612517191,61859800
2000-10-11,33.29816818237305,34.7211668226454,31.366955742003427,31.712541126069567,93499900
2000-10-12,32.40371322631836,34.88379667274925,32.0377992752056,34.23328298188213,78347800
2000-10-13,36.46942138671875,36.5507355927092,31.91582585125331,31.91582585125331,73929500
2000-10-16,35.45299530029297,36.26613739433638,35.04642425327126,35.900223452016846,51407200
2000-10-17,35.49365997314453,36.42877358068442,34.72117481908984,36.06285956034272,52349400
2000-10-18,33.98934555053711,35.625794304615006,32.525689522045084,34.31460244575756,66281300
2000-10-19,37.89242172241211,38.46162119034533,35.290367011860205,35.81890937494106,72023700
2000-10-20,37.28257369995117,38.6649155819559,36.91665967236168,37.48585927083422,51194000
2000-10-23,36.34746170043945,37.56717518031997,35.73760496049919,36.591404396415555,45486800
2000-10-24,35.69694519042969,37.24191548340956,35.168402721778676,36.79468724070486,46524900
2000-10-25,32.93225860595703,34.843142747290344,32.85094438717689,33.54211524680809,68796400
2000-10-26,34.84314727783203,35.20906130992128,32.52569174126677,33.42014826415161,83351700
2000-10-27,32.97291946411133,35.534317646896795,32.728976780036525,35.534317646896795,71866300
2000-10-30,31.265323638916016,32.32240870343073,29.435753334948235,31.997151760503122,7360400
2000-10-31,35.04642105102539,35.452992060898076,31.346624861183965,31.46859616414577,87881100
2000-11-01,33.90802764892578,35.69694037860532,33.21685682154959,34.39591293883838,76320300
2000-11-02,36.266143798828125,36.4287722463565,34.23328820472341,34.355259540369694,57679400
2000-11-03,36.91665267944336,37.160595318294305,35.16839710101157,36.022196336989886,59242000
2000-11-06,35.85957336425781,37.07928674399447,35.69694491362626,36.38811582881036,72645200
2000-11-07,36.91665267944336,37.48585217009557,34.477226290933885,35.24971131396188,97458000
2000-11-08,33.90802764892578,36.8759964958941,33.82671343394035,36.34745409848878,59053700
2000-11-09,34.639854431152344,34.802482855711744,32.850941760998936,33.13554150397789,70492400
2000-11-10,32.56634521484375,34.55854361125741,32.525688104712856,33.78605851877048,58042300
2000-11-13,32.76963424682617,34.07066190923118,31.22466389772022,31.753206385572255,75162400
2000-11-14,34.55854415893555,34.843143934362075,33.70474483265596,34.030001718857704,59774300
2000-11-15,34.84314727783203,35.36152548995847,33.46080537882819,34.4365761310662,51065300
2000-11-16,33.21686935424805,34.59921153055703,33.05424086291758,34.39592591639394,32594500
2000-11-17,34.31460189819336,34.924458567000116,32.85094589305715,33.338831228102556,49838500
2000-11-20,33.338836669921875,34.273950381395295,32.48503719422875,32.56635143000905,51552800
2000-11-21,34.9244499206543,35.24970673015981,32.85093776005666,33.13553746837398,57419900
2000-11-22,32.89160919189453,35.45300768273428,32.76963783518788,34.192636996765515,48342200
2000-11-24,34.273948669433594,34.273948669433594,33.542120583965264,33.74540616326202,21082300
2000-11-27,33.338836669921875,35.46317107968214,33.196536757306355,34.924464267637674,40198100
2000-11-28,33.17620086669922,34.59919967838362,32.93225821326761,33.78605750027825,52037000
2000-11-29,33.62342834472656,34.477227613456016,32.72897196796237,33.379485696518145,55316000
2000-11-30,31.143339157104492,33.13553709274172,29.395083825831,32.64765188401424,10840500
2000-12-01,31.549924850463867,33.58278083309685,30.736782457410673,31.99715316664312,70468000
2000-12-04,29.801660537719727,32.241087048310696,29.27311812709168,31.9158301802319,9501200
2000-12-05,33.90802764892578,33.90802764892578,30.77743037198659,31.062030124435605,90848900
2000-12-06,33.46080017089844,34.84314185475087,33.34899312293979,33.82671414603585,71419200
2000-12-07,32.48503494262695,33.17620589885306,31.8751782165451,32.7289776330597,46448400
2000-12-08,34.0706672668457,34.639866958654586,33.1762106082889,33.786067420941265,55400200
2000-12-11,35.656288146972656,36.26614484275896,34.233289190137945,34.39591764234763,78621500
2000-12-12,35.3716926574707,35.85957807343581,34.680521651520124,35.61563536545326,39485300
2000-12-13,33.25752258300781,35.94089237576883,33.05423699264713,35.9002352576967,54330600
2000-12-14,33.13554763793945,34.19263259326022,33.094890524273275,33.216861865271824,46244400
2000-12-15,31.336477279663086,32.647669485007405,30.655470475336966,32.56635523971473,100237900
2000-12-18,27.931427001953125,32.60699338510394,27.524856012113922,31.875165603393377,126032400
2000-12-19,27.15894317626953,29.923626014572417,26.99631477401642,27.972085187535082,99018800
2000-12-20,23.743759155273438,25.004129932351308,23.225380851797862,23.743759155273438,167411300
2000-12-21,25.288726806640625,26.183183381795118,22.869628342018252,23.418499422226688,17161000
2000-12-22,26.996326446533203,27.321583391672156,25.88841997715364,26.305155438112926,61418800
2000-12-26,26.508424758911133,27.524852088623984,25.735939988329367,27.158938249927356,39582600
2000-12-27,26.508424758911133,27.2809095294929,25.695282895140853,26.101853827025995,47381700
2000-12-28,25.735946655273438,27.036973974339393,24.96346168457803,26.183174796202362,56407400
2000-12-29,24.882152557373047,25.695294797810075,24.06901031693602,25.288723677591562,72819200
2001-01-02,21.670246124267578,25.044787265570033,21.22301778023954,24.80084453246383,17384600
2001-01-03,26.874353408813477,27.158953217983967,20.775786069445818,21.182357225403663,161938600
2001-01-04,27.240257263183594,28.94785547968167,26.61007220709502,27.606171166718894,108614900
2001-01-05,23.825061798095703,27.931429104593423,23.78440469605117,27.850114900504362,17850700
2001-01-08,23.77424430847168,23.825065694338445,21.914181585748157,22.727323759616365,92042800
2001-01-09,24.150327682495117,25.278562687864206,23.49981380552555,24.516241738290496,77470000
2001-01-10,23.581127166748047,24.39426948284281,21.883692581900235,22.402070808410645,3324100
2001-01-11,25.45134925842285,25.735949010513842,22.61551601437334,22.61551601437334,33695100
2001-01-12,24.760183334350586,25.85792545262229,24.394269294926687,25.492011413198387,66957400
2001-01-16,25.044776916503906,25.207405338039646,24.231634808825206,24.719520073432427,48381800
2001-01-17,25.370046615600586,26.864195995605908,24.922818229748653,25.979903505398678,69477200
2001-01-18,27.240257263183594,27.80945666868295,24.96345964118616,25.410687745507083,79187500
2001-01-19,26.264501571655273,28.622614715859616,26.142530202127464,28.58195759268368,78838600
2001-01-22,26.955665588378906,27.606179388400115,25.97989488834709,26.467780238362998,59726300
2001-01-23,27.728151321411133,27.890779774909145,26.305152353303523,27.118294620793584,55443000
2001-01-24,27.687496185302734,28.216038696916446,26.996325208577115,28.053410231804534,70171600
2001-01-25,25.573328018188477,27.6061839814785,25.492013779656876,27.4842126236811,65082100
2001-01-26,24.963464736938477,24.99395756845754,23.5404659327156,24.231636780480997,43833300
2001-01-29,24.231632232666016,24.719517445404257,23.09323340294345,23.49980441355865,12188100
2001-01-30,24.719518661499023,25.085432589054108,24.272290527820587,24.597547352313995,74652700
2001-01-31,24.353614807128906,25.695299763114306,24.272300567372216,25.248071444452506,83891100
2001-02-01,24.882152557373047,25.085438117482305,24.35361010108898,24.39426721311083,46785200
2001-02-02,23.09324073791504,25.126096436675166,22.889955168039027,24.922810866799153,57600300
2001-02-05,22.483379364013672,22.727321997257942,21.792208569821568,22.483379364013672,65876100
2001-02-06,23.255863189697266,23.54046291404671,22.483378223605925,22.615513809911022,91451300
2001-02-07,20.206584930419922,21.18235563128527,19.434099792234854,20.775784505924708,279312700
2001-02-08,19.515413284301758,20.65381239255269,19.474756173292796,20.287898393472034,101508200
2001-02-09,18.33635711669922,19.81017739492615,18.214385783328716,19.423934839252887,134360900
2001-02-12,19.230812072753906,19.43409761263503,18.092413049419637,18.580298345134324,97195000
2001-02-13,18.53964614868164,19.96264530483045,18.21438919870477,19.35278852362382,74303300
2001-02-14,19.108840942382812,19.271469375935006,18.214384557845744,18.824241183666473,73145200
2001-02-15,20.04395866394043,20.450529833594395,19.434101909459482,19.800015962148052,101537700
2001-02-16,18.37700653076172,18.986862942180803,17.8789571281028,18.214378154383297,86437400
2001-02-20,16.95401382446289,18.661612339156992,16.95401382446289,18.651448062283816,103669700
2001-02-21,16.344158172607422,17.36058591966012,16.262843952843205,16.710072161546396,96584700
2001-02-22,17.197954177856445,17.48255389238362,16.34415503427492,16.710068952952717,114885800
2001-02-23,17.563871383666992,17.563871383666992,16.262843873765735,17.197957396507263,100864600
2001-02-26,16.95401382446289,17.767155974317223,16.425471427057573,17.69600603620497,91552600
2001-02-27,15.612330436706543,17.238614857196808,15.40904488414526,16.791386641561985,124980300
2001-02-28,15.40904426574707,16.26284355223965,15.124444503582877,15.856272463433662,118246500
2001-03-01,15.93758773803711,15.93758773803711,14.4739317212786,15.124445506504603,119256900
2001-03-02,14.43327522277832,15.490360168671945,14.270646769563918,15.28707460215394,123632700
2001-03-05,15.012639999389648,15.165104183540526,14.67721879425772,14.921161488899124,82668400
2001-03-06,15.612330436706543,16.222187094390392,15.571673326194286,15.6529875472188,88650300
2001-03-07,15.612330436706543,16.181529983878136,15.327730663120747,16.14087287336588,74824100
2001-03-08,14.839847564697266,15.612332780393835,14.717876214850438,15.449704313931399,78985300
2001-03-09,13.41684627532959,14.44343830094193,13.213560725703383,14.392616913535377,159948800
2001-03-12,12.237791061401367,12.888304871974197,11.953191269275754,12.400419514044575,177487400
2001-03-13,13.904735565185547,13.986049808256807,12.613871956429286,12.613871956429286,135080500
2001-03-14,13.172906875610352,13.681120875440998,12.8171570757289,13.294878235569707,15405900
2001-03-15,13.213557243347168,14.229984723604643,13.17290014413687,13.94538502913255,87632100
2001-03-16,12.969618797302246,13.050933021736745,12.359762114043521,12.766333236216004,10082600
2001-03-19,13.538820266723633,13.62013450255981,12.84764926211612,13.335534677133188,67185500
2001-03-20,12.400420188903809,14.270647496082743,12.38009163121708,13.864076342348191,15255800
2001-03-21,12.563043594360352,13.010271683479974,12.197129703262476,12.522386495349476,3497900
2001-03-22,12.84764575958252,12.969617080084884,12.075160729734202,12.84764575958252,119093500
2001-03-23,12.156476020812988,13.335532223500536,12.004011856672358,13.294875113063036,128395900
2001-03-26,11.627931594848633,12.48173076789696,11.383988973977683,12.400416560939977,120308100
2001-03-27,11.790563583374023,11.871877814983499,11.46530665693612,11.66859223595981,104520000
2001-03-28,10.245591163635254,11.058733319479323,10.001648516882033,10.896104888310509,185769200
2001-03-29,9.920336723327637,10.530193489105976,9.757708252453414,10.204936547357528,141756600
2001-03-30,10.286245346069336,10.570845019675996,9.757703095085535,10.123616961151242,99565700
2001-04-02,9.798364639282227,10.48953558894114,9.757707524596409,10.367564244883685,75519700
2001-04-03,8.944564819335938,9.757707075639205,8.822593480890449,9.67639285000888,138417400
2001-04-04,8.903907775878906,9.422285968310213,8.578650870823969,9.188507567801976,161707700
2001-04-05,9.717048645019531,9.87967707422488,9.229163357403488,9.595077323115522,115077200
2001-04-06,8.863248825073242,9.676390919116658,8.700620406264559,9.595076709712316,97979300
2001-04-09,9.425945281982422,9.432450569196806,8.91203937923442,9.211275766934417,75640100
2001-04-10,10.317147254943848,10.570847826106565,9.510510400488643,9.725179875942395,113387300
2001-04-11,11.318936347961426,11.741769938170712,11.20834898675996,11.396998525591492,156531000
2001-04-12,11.696234703063965,11.917409435265927,11.078247502534238,11.188834868635219,87131700
2001-04-16,11.188838005065918,11.93042334988369,10.75949899061809,11.481568474504005,112225600
2001-04-17,10.837557792663574,11.162814632157094,10.310642060095857,10.343167247742658,179699500
2001-04-18,11.663711547851562,12.68501792035389,11.15631038436507,11.644195688994067,140776100
2001-04-19,12.301216125488281,12.359762468018372,11.722259227975858,11.949939311064366,94046600
2001-04-20,12.457338333129883,12.522389957684746,11.969453010103203,12.255679413690686,82599000
2001-04-23,11.273404121398926,12.125576853274335,10.987177701554712,12.06703051192537,86046500
2001-04-24,10.577353477478027,11.195340781127328,10.538323000799114,11.195340781127328,82895500
2001-04-25,10.232580184936523,10.668424412788083,10.004900762570228,10.447249655922729,91861200
2001-04-26,9.894314765930176,10.603374275569502,9.744696271705818,10.518808028843297,102367300
2001-04-27,10.148015022277832,10.375694468701143,9.887809143021983,10.330158703492135,61868800
2001-04-30,11.045722007751465,11.416514607472717,10.733475738592134,10.733475738592134,88925800
2001-05-01,11.579146385192871,11.709249655444955,10.746489426001098,11.130292708412332,84418000
2001-05-02,13.010273933410645,13.049304407799083,12.229657001103442,12.528893946765221,170728200
2001-05-03,12.138586044311523,12.639481911790314,11.8263397531909,12.639481911790314,103489100
2001-05-04,12.77609634399414,12.860663870607087,11.540119819845714,11.663717844487705,103541800
2001-05-07,12.522388458251953,13.205427332399504,12.411801081977394,12.938716820341401,123910800
2001-05-08,13.257467269897461,13.660786267538507,12.880169413090934,13.335529451644733,167326100
2001-05-09,12.444331169128418,12.841145070937346,12.132084774634611,12.359764902570173,119875800
2001-05-10,12.249175071716309,12.847647830408647,12.197134016210741,12.704535237957497,64343100
2001-05-11,12.392285346984863,12.470347536025002,12.060524455644378,12.30121382706837,45258000
2001-05-14,12.08004379272461,12.392290189385495,11.826343750532251,12.314229210598718,40417000
2001-05-15,12.190629005432129,12.795607064866767,11.97595949151242,12.119072087206671,86610500
2001-05-16,13.010273933410645,13.01677921926812,11.839349775706252,11.98246234230146,91196200
2001-05-17,12.91920280456543,13.485149043001906,12.632976421941626,13.010274327818092,101042200
2001-05-18,13.140379905700684,13.263976640464081,12.782596553565053,12.821627036082091,74267000
2001-05-21,14.877250671386719,14.909775864033488,13.146882877782797,13.205429217152236,142051000
2001-05-22,15.274057388305664,15.69689093470115,14.818698661709021,15.22852163972161,148928700
2001-05-23,14.545490264892578,15.241539894573648,14.512963827531905,15.02687037102008,76492600
2001-05-24,14.903267860412598,14.929289002391483,14.21372372780458,14.584516315709303,80093600
2001-05-25,14.343832015991211,15.000851250479176,14.311306814987176,14.955315472770772,46276500
2001-05-29,13.309510231018066,14.01857029122548,13.257469182597177,13.999055673540436,67521100
2001-05-30,12.359759330749512,13.003767694355702,12.242666675410874,12.886675039017064,82251200
2001-05-31,12.528894424438477,13.114356525611845,12.39228589773603,12.418307042158006,57099600
2001-06-01,12.262188911437988,13.010279748845194,12.021498190151288,12.743569113254425,72830000
2001-06-04,12.834635734558105,12.886676783893238,12.366266290541917,12.411802053615597,52929400
2001-06-05,14.012066841125488,14.23324037574329,13.140378312475294,13.179408790260021,88078300
2001-06-06,13.504666328430176,14.311303273114957,13.218439915556035,13.842933794485381,57377300
2001-06-07,14.194211959838867,14.265768880135804,13.270482246373993,13.335533879302417,53177400
2001-06-08,13.329026222229004,13.894973715105447,13.218438838138503,13.849437952378148,51469500
2001-06-11,13.257467269897461,13.335529451644733,12.79560318689132,13.211931514193338,50494800
2001-06-12,13.250964164733887,13.387571441529602,12.522388299554287,12.964737799046576,57859100
2001-06-13,12.372770309448242,13.172901826301315,12.359759738258024,13.153385969515986,57764900
2001-06-14,11.540111541748047,12.366264142072465,11.520595686354303,11.904398823804032,85642500
2001-06-15,10.831052780151367,11.49457704723433,10.66842435630298,11.22136124553878,116601600
2001-06-18,10.733479499816895,11.208354355663522,10.66842786075755,10.928633176238112,54183100
2001-06-19,10.824546813964844,11.396999524755097,10.622887928479251,11.36447309757592,60739500
2001-06-20,10.668424606323242,10.961156272413227,10.49929089266641,10.798527844753554,67861900
2001-06-21,11.501080513000488,11.910903530309954,10.59036173172462,10.785515313156516,82574700
2001-06-22,11.397005081176758,12.05402434143911,11.370983926747229,11.767797846498981,52644300
2001-06-25,12.041008949279785,12.06702885254757,11.55962895163961,11.709246807509576,56218100
2001-06-26,11.722258567810059,11.77429962037748,11.481567924212879,11.689732134482567,62755700
2001-06-27,11.663711547851562,11.871875745972229,11.455547349730898,11.71575259738173,44681200
2001-06-28,12.086542129516602,12.483355805852419,12.001975911009646,12.060522231805297,70696400
2001-06-29,11.839349746704102,13.010273901540153,11.77429812904512,12.210142354376972,87250800
2001-07-02,12.502873420715332,12.645987235133775,12.11256617604514,12.158101938539565,55643700
2001-07-03,12.48336410522461,12.645992606498876,12.229662799521996,12.392291300796263,26024800
2001-07-05,11.436034202575684,12.210146083555564,11.416518339090603,12.164610309513828,55909900
2001-07-06,10.922130584716797,11.442541285038349,10.863584225836,11.234377004909728,50458300
2001-07-09,11.22136116027832,11.507587531488515,10.948145360658678,11.071743309256146,52767600
2001-07-10,10.538326263427734,11.566138233060267,10.453758756892391,11.520601215287538,68598200
2001-07-11,10.863582611083984,10.928633008387418,10.414727673300881,10.609881346724771,63929500
2001-07-12,11.618176460266113,11.774299617936006,11.377485816718842,11.51409435515285,72525600
2001-07-13,12.190629005432129,12.32073226752266,11.63118671550218,11.748279403232324,70330500
2001-07-16,11.52059555053711,12.04100718809533,11.455545181504057,11.930419823680381,49931700
2001-07-17,11.572640419006348,11.63769080258686,11.045723378557145,11.442537170332253,56759900
2001-07-18,11.156311988830566,11.566136398482207,10.941642473550976,11.221363620287917,50243200
2001-07-19,11.553128242492676,12.10606536449325,11.416519663759862,11.501087174584207,80866400
2001-07-20,11.702742576599121,11.917412071127373,11.351465785896778,11.436032030086945,46501600
2001-07-23,11.884885787963867,12.340244640834998,11.839350026752397,12.242667832416643,64946900
2001-07-24,11.95644760131836,12.086550906622838,11.657211736177965,11.80032437940723,50964300
2001-07-25,12.1646089553833,12.353257318378796,11.910907721345708,12.099557325097852,58461200
2001-07-26,12.606958389282227,12.678515312788457,11.839353056721516,12.171114042098077,68742600
2001-07-27,12.398794174194336,12.750072264073811,12.30121734059118,12.483361673205362,47793000
2001-07-30,12.288207054138184,12.685020926311115,12.067032231034268,12.392289177862759,51555900
2001-07-31,12.502873420715332,12.847646143647571,12.151596652360865,12.385781991768157,61467400
2001-08-01,13.205429077148438,13.231450223595232,12.847646998800908,12.893182764326243,80598700
2001-08-02,13.172906875610352,13.498163835501966,12.717546635459358,13.407092283774501,62708600
2001-08-03,13.042800903320312,13.192420016964304,12.652493624615165,12.925709464162715,46978900
2001-08-06,12.711036682128906,13.010272350630402,12.619963931960237,12.873665086511785,39179100
2001-08-07,12.528894424438477,12.69802814091193,12.255678611790044,12.619965948402468,77109900
2001-08-08,11.696234703063965,12.353253614516115,11.598657907270457,12.151594737775364,88371300
2001-08-09,11.897896766662598,12.041009341184465,11.45554722990495,11.585649231991242,49364900
2001-08-10,11.92391586303711,12.001978051606043,11.416514739230026,11.832844343670349,45855600
2001-08-13,11.845853805541992,11.969451755161913,11.611669718756746,11.891390806485633,32726800
2001-08-14,11.481569290161133,11.969454681307555,11.455549381160147,11.910908335109447,36460900
2001-08-15,11.058736801147461,11.631188513156197,11.02621160097624,11.44904540698639,50466900
2001-08-16,11.370980262756348,11.377485549267575,10.512302295378648,10.818043316867213,55552800
2001-08-17,10.805034637451172,11.214857786368217,10.687941954687272,11.013198855361837,46172300
2001-08-20,10.993681907653809,11.052228243247017,10.538323036186778,10.746487233515305,36904400
2001-08-21,10.414727210998535,11.058735793618448,10.395211348219723,10.993684158445815,40024600
2001-08-22,10.720465660095215,10.746486804099753,10.245590948820325,10.616383565589937,60248300
2001-08-23,10.902612686157227,11.130292790397075,10.570850461251746,10.655416719008791,59888900
2001-08-24,11.871879577636719,12.099559708098939,11.253890829347393,11.383994115542059,85966300
2001-08-27,11.715754508972168,11.923918741057761,11.592156530887587,11.83935248705675,44244000
2001-08-28,11.117277145385742,11.709244402004355,11.065236108784859,11.676719219412373,51378300
2001-08-29,11.1107759475708,11.36447593922355,10.980672687834877,11.312434883480508,57053500
2001-08-30,10.414727210998535,10.86358212885729,10.245593455852386,10.818045115706727,67105100
2001-08-31,10.622889518737793,11.058733782134532,10.2455915922717,10.330158454462826,45434400
2001-09-04,10.258604049682617,10.824550422972592,10.226078232037187,10.473273577612735,56466000
2001-09-05,9.679643630981445,10.538322110273265,9.120202089625321,10.23908517233757,115754400
2001-09-06,9.36739444732666,9.920331187919277,9.34137393132101,9.458466563535456,82669200
2001-09-07,9.341377258300781,9.692654659675341,9.250305730034427,9.269820968894608,59269400
2001-09-10,9.412933349609375,9.575561773519249,9.0746659300953,9.139717547810532,68496800
2001-09-17,9.10719108581543,9.33487111111208,8.456677436828613,8.612800563694691,112436700
2001-09-18,8.827473640441895,9.490998132456564,8.781937864848954,9.237297481913588,81039300
2001-09-19,8.775431632995605,9.016121681552278,8.079382016348518,8.97709119820706,107879900
2001-09-20,8.378619194030762,8.651835084517078,8.229000672869967,8.430660256944497,85365900
2001-09-21,7.864711284637451,8.261524446171416,7.715092800532349,7.741113325544768,132033500
2001-09-24,8.170453071594238,8.55425566760949,8.014329298222151,8.183463024154593,106555400
2001-09-25,8.1964750289917,8.495711434694657,7.93626910816657,8.209484983824852,86807900
2001-09-26,7.95578145980835,8.424151450804885,7.806163621510901,8.411141500699003,86325700
2001-09-27,7.311774253845215,7.8061648427786405,7.181671630541219,7.708588030395204,103368100
2001-09-28,7.923257350921631,7.955782540794748,7.461392582411558,7.5329488686619355,92085300
2001-10-01,7.741116046905518,7.871219338083199,7.545962350895934,7.838693515288779,66345900
2001-10-02,7.467899799346924,7.845198458625977,7.363817667288609,7.676064683841995,75603400
2001-10-03,9.074664115905762,9.380405665438953,7.253226008177969,7.3898338817670055,196280700
2001-10-04,9.380410194396973,9.777223437656296,9.20477114910585,9.334874421341517,137857300
2001-10-05,9.718674659729004,9.744695183595791,8.944563609408439,9.126707276475944,85969500
2001-10-08,9.790230751037598,9.926838645066148,9.33487131106849,9.367396497912006,70666200
2001-10-09,9.490995407104492,9.82275755784588,9.419438499859348,9.783726461132325,62928100
2001-10-10,9.855286598205566,9.887812421444156,9.341380576246976,9.477988537546272,64764600
2001-10-11,10.707457542419434,10.739983979880703,10.082964832243695,10.148016466409516,113145700
2001-10-12,11.02620792388916,11.318938350079186,10.570847828807196,10.824547779656509,125292200
2001-10-15,10.544827461242676,10.831053863250098,10.40822016711246,10.831053863250098,63245200
2001-10-16,11.039215087890625,11.149802446941951,10.57084575348535,10.746484719170903,69242700
2001-10-17,10.148015022277832,11.351465740437735,10.12849916257831,11.31243402103869,87344600
2001-10-18,10.876590728759766,10.915622451681468,10.06344906628581,10.245592763938788,72685700
2001-10-19,10.876590728759766,11.019704564626029,10.395210646202012,10.564344389926086,69947500
2001-10-22,10.94814682006836,11.104269977697337,10.505797253074636,10.74648789655883,61129000
2001-10-23,10.674933433532715,11.299427448103579,10.65541756906721,11.234375807308739,95294000
2001-10-24,11.208351135253906,11.25388689728496,10.746486988074397,10.798528036217952,77814700
2001-10-25,11.540111541748047,11.579142011779263,10.655412615998669,10.980669428023438,88659400
2001-10-26,11.247384071350098,11.598660874214792,11.123786103325209,11.305929171197052,62461100
2001-10-29,10.681437492370605,11.481569232017169,10.616385859062502,11.2083533647285,84832900
2001-10-30,10.779012680053711,11.039217932893953,10.44725051739871,10.51880742721347,76335100
2001-10-31,11.006692886352539,11.325444480369198,10.805033967843334,11.149805467108019,85724000
2001-11-01,11.488075256347656,11.514096407642754,10.863582514346707,11.156313021875857,73546100
2001-11-02,11.227867126464844,11.494577656451451,11.058733407807598,11.410011417501064,71976400
2001-11-05,11.644198417663574,11.702744767199164,11.449044746382798,11.618178507179303,103486600
2001-11-06,12.014988899230957,12.132081576488474,11.657206821616587,11.858865743139782,123928900
2001-11-07,12.314223289489746,12.665500006637897,11.865368534641723,11.904399005267898,119637700
2001-11-08,12.418310165405273,12.938720777165205,12.301217467570096,12.515887000015665,122071800
2001-11-09,12.489867210388184,12.600454621549419,12.24267123684811,12.353258648009348,61623000
2001-11-12,12.528894424438477,12.587440758631459,12.0345038472291,12.476853376350988,71411500
2001-11-13,12.737061500549316,12.98425622474241,12.424815141329596,12.938720452450793,108595300
2001-11-14,12.93871784210205,13.003769464004701,12.600451641569947,12.893182078997143,75208500
2001-11-15,13.101350784301758,13.1468865630743,12.821629582405382,12.860661313430631,80721400
2001-11-16,13.02328109741211,13.075322129898272,12.808611683312176,13.075322129898272,53364600
2001-11-19,13.472140312194824,13.478645599138614,13.049306586901304,13.10134764169502,64166100
2001-11-20,12.873669624328613,13.511172896440392,12.750071646019041,13.394080205489923,72911700
2001-11-21,12.457338333129883,12.81512164780337,12.164607883767799,12.756575309779645,69396400
2001-11-23,12.743571281433105,12.847653437871747,12.509385809067577,12.54841754829995,18581100
2001-11-26,12.96474838256836,13.120871643821543,12.593955481997375,12.88018084058285,70098900
2001-11-27,12.815125465393066,13.211938135949694,12.678516889056889,12.867166532388538,75237600
2001-11-28,12.28170394897461,12.98425902934964,12.255684033797685,12.685023180651482,59998800
2001-11-29,12.93871784210205,13.016780036536531,12.437823207191563,12.502873588337726,72872400
2001-11-30,13.296502113342285,13.335532593032001,12.886677733952252,12.97775050757036,74661300
2001-12-03,12.91920280456543,13.13387228134417,12.847645898720366,13.02979018598214,53655700
2001-12-04,13.348544120788574,13.465636808985142,12.90619451682673,13.055812400297159,98810100
2001-12-05,14.012066841125488,14.246250948590372,13.433108756995527,13.504665666897958,19234800
2001-12-06,14.174701690673828,14.246257392184445,13.855948715530678,14.05760896360199,73072500
2001-12-07,13.76486873626709,14.259259259212715,13.647776080733085,13.992548761943622,54959300
2001-12-10,13.491653442382812,13.907981796469757,13.335530309600209,13.602240816531703,61016000
2001-12-11,13.517675399780273,13.907982634887574,13.459129066362891,13.751859492693367,65695400
2001-12-12,13.33553409576416,13.85594468612544,12.997266591650968,13.621760540841223,66607700
2001-12-13,12.366260528564453,13.010268679299045,12.314219503477492,12.776083446029773,91996800
2001-12-14,12.61346435546875,12.821628608768366,12.229661048163777,12.31422855153976,65012300
2001-12-17,12.528894424438477,12.906192333261886,12.489863948561974,12.53539971054397,60579700
2001-12-18,12.763083457946777,12.912701359439511,12.639485467656039,12.763083457946776,51952500
2001-12-19,12.587443351745605,12.860659220678695,12.392288450646705,12.476855946683242,65604400
2001-12-20,11.897896766662598,12.353255635099343,11.76128823760204,12.294709299895743,100945900
2001-12-21,11.832841873168945,12.398787969297064,11.8133260199122,12.216644968591986,90588500
2001-12-24,11.780807495117188,12.034507527023054,11.70925056683324,11.858868470738914,16740600
2001-12-26,11.865374565124512,12.249177903489727,11.748281852978252,11.780808295661613,36264500
2001-12-27,12.028000831604004,12.171113430670312,11.845856508536867,11.982465061026392,38393400
2001-12-28,12.060522079467773,12.320727257075006,11.839347368312586,12.158098865975965,46191700
2001-12-31,11.780807495117188,12.314228711307386,11.748281054644105,12.001982327306807,61550500
2002-01-02,12.509377479553223,12.554913237579967,11.878379671206543,11.9954723294218,55376900
2002-01-03,13.504666328430176,13.530686234642419,12.685018810260985,12.711039957229806,91379800
2002-01-04,13.550200462341309,13.986044695505937,13.283489941827058,13.784385793819744,75753000
2002-01-07,13.355048179626465,13.823417648576461,13.211934355768774,13.660789205652033,58262400
2002-01-08,13.628267288208008,13.719338841087854,13.316019659785805,13.400587165251537,62817100
2002-01-09,13.563214302062988,14.207222878034173,13.355050064265036,13.829924886836205,87613900
2002-01-10,13.660788536071777,13.842932829891739,13.329026379876398,13.530685291806593,62846400
2002-01-11,13.146882057189941,13.491654785206123,12.990758908868413,13.374562113775854,72916400
2002-01-14,12.769583702087402,13.140377562528194,12.685017464920767,12.958233275333933,67921100
2002-01-15,12.80211353302002,13.036298930083511,12.587443999297413,12.847649306725305,53271700
2002-01-16,12.320734024047852,12.606959256242515,12.31422873594022,12.606959256242515,59639300
2002-01-17,12.67200756072998,12.678512847125132,12.372771831092116,12.509379123120747,57684100
2002-01-18,12.262188911437988,12.509383680732983,12.229662467611698,12.249178333907473,56076600
2002-01-22,11.748279571533203,12.548412535566001,11.741774284259819,12.502875524652309,67592600
2002-01-23,12.314223289489746,12.372769615807153,11.793811637863493,11.813327493554727,64877200
2002-01-24,12.392285346984863,12.899686473854764,12.2621833529265,12.502872724350492,68395900
2002-01-25,12.444331169128418,12.691527162003673,12.301218548507975,12.379280767509867,55244800
2002-01-28,12.815125465393066,12.997268579498762,12.5679294665969,12.67201160058784,54156300
2002-01-29,12.366260528564453,13.003763396068688,12.255673195160174,12.854145604038166,67690500
2002-01-30,12.580934524536133,12.593945095766756,11.865369236684591,12.528893480370003,84758500
2002-01-31,12.88017463684082,12.886679924687767,12.385785168040679,12.672010388765646,62995800
2002-02-01,12.49637222290039,13.010278832341168,12.424816533037191,12.717547062310741,53772000
2002-02-04,11.910904884338379,12.489862891147054,11.70924599516673,12.359759661564881,57184800
2002-02-05,12.034504890441895,12.333740632695136,11.709248001511032,11.754783767440303,78978700
2002-02-06,12.106062889099121,12.522391347237882,11.884888085523738,12.509380772731877,112316300
2002-02-07,11.097764015197754,11.709247275906932,11.071744110889112,11.65720622653316,160137000
2002-02-08,10.902612686157227,11.253889533214544,10.583861036524137,11.22786962342651,121511000
2002-02-11,11.507591247558594,11.520600582593767,10.902613121556646,11.013200534274816,77809800
2002-02-12,11.227867126464844,11.449041893881514,11.156310219136959,11.27340288903478,62451400
2002-02-13,11.397005081176758,11.47506606295147,11.279912367757753,11.331953435859873,59732100
2002-02-14,11.357973098754883,11.494581674979793,11.266901541776214,11.455551184954206,53623000
2002-02-15,11.117277145385742,11.410008751738324,11.084751962793758,11.390492897729423,62729700
2002-02-19,10.935136795043945,11.071745340291866,10.77901362958677,10.805034777541279,58196000
2002-02-20,10.857074737548828,10.993682028260649,10.52531257913319,10.92863040569271,74671800
2002-02-21,9.829261779785156,10.55783704905227,9.757705496149548,10.55783704905227,106466000
2002-02-22,9.913829803466797,10.063448294635828,9.26331602706538,9.920335090121599,124883000
2002-02-25,10.148015022277832,10.219571313374598,9.822758138491725,9.991891246573013,70102100
2002-02-26,10.082962036132812,10.408218876008064,10.011405754696405,10.245590456070438,66791300
2002-02-27,9.263317108154297,10.219572644771493,9.204770762184909,10.187046828079794,122395000
2002-02-28,9.282830238342285,9.751199627493671,9.263314381844015,9.43244808255999,100935200
2002-03-01,9.757706642150879,9.783727168381484,9.282831883347777,9.432449754079183,82479300
2002-03-04,10.720465660095215,10.766001421346719,9.764210951544301,9.874798332050714,93030100
2002-03-05,10.739983558654785,10.831055098461043,10.47977827295357,10.62289086990007,66517800
2002-03-06,10.909114837646484,11.006691642624588,10.356177955095372,10.68143479885998,72915100
2002-03-07,11.058736801147461,11.234375859888507,10.752995700964675,11.065242089333077,74333800
2002-03-08,11.579146385192871,11.663713883083748,11.344962235798555,11.344962235798555,66457900
2002-03-11,11.331947326660156,11.59215252689076,11.071742126429552,11.488070446798519,60089900
2002-03-12,10.909114837646484,11.045722116464551,10.68143479885998,10.896104266114367,58617500
2002-03-13,10.642407417297363,10.824550508645281,10.583861069147888,10.752994825940066,50250800
2002-03-14,10.889604568481445,11.058738362922874,10.603378051676179,10.609883340780506,49705100
2002-03-15,10.759496688842773,10.980670194971779,10.596868271471557,10.85056820552862,54306800
2002-03-18,10.746491432189941,11.117284208645383,10.694450362525265,11.006696780513323,57252100
2002-03-19,10.889604568481445,11.058738362922874,10.739986641353,10.746491930457326,50773700
2002-03-20,10.421232223510742,10.850571267257774,10.408221648668297,10.772509058959809,45891900
2002-03-21,10.726970672607422,10.824547478623801,10.38870387408953,10.466765442978273,48718500
2002-03-22,10.779012680053711,11.169321179692332,10.700951724579898,10.746487488732376,63027800
2002-03-25,10.525310516357422,11.13028837838818,10.518805231299899,10.9871745886352,56806400
2002-03-26,10.596872329711914,11.05223132828446,10.486284913918027,10.486284913918027,66280800
2002-03-27,10.629396438598633,10.772509039334688,10.440746825996978,10.642407013417376,57560200
2002-03-28,11.013199806213379,11.136797786552698,10.60337538115653,10.681437589991026,52836300
2002-04-01,11.397005081176758,11.416519706241967,10.889603736613383,10.974171247752412,55846200
2002-04-02,10.681437492370605,11.221363939541462,10.648912296094906,11.078251338868998,70833700
2002-04-03,10.798528671264648,10.974167684361916,10.603373798682176,10.798528671264648,53666700
2002-04-04,10.974163055419922,11.00018294966838,10.635895744897912,10.713956668399295,57717400
2002-04-05,10.505794525146484,11.058731340313404,10.473269341036294,10.967659832199878,57972000
2002-04-08,10.525310516357422,10.538321086472466,10.07645577343843,10.23908417760772,61387900
2002-04-09,9.640613555908203,10.492786219178049,9.634108889909557,10.473271600803855,105561200
2002-04-10,10.11548900604248,10.232581059989382,9.803242081301471,9.92684004206209,87213800
2002-04-11,9.673140525817871,10.141510654613889,9.588573653925652,10.089469598123035,64249700
2002-04-12,9.952862739562988,10.102480637961886,9.770719022266556,9.842275327538413,55259200
2002-04-15,9.764212608337402,10.102479472876732,9.718676218981058,10.089469519045151,45652000
2002-04-16,10.135004997253418,10.161025524548386,9.920335491975363,9.96587125964698,51689200
2002-04-17,10.388704299926758,10.440744727607543,10.043931581063008,10.25209639367729,51955800
2002-04-18,10.043935775756836,10.50580073545498,9.874802609118316,10.226080140411376,65411400
2002-04-19,9.926838874816895,10.206559334489755,9.822756785601115,10.20005466919741,46082800
2002-04-22,9.673140525817871,9.751202110554154,9.464976299854454,9.725181582308727,48702100
2002-04-23,9.113698959350586,9.660130678938472,9.06165790228301,9.627604863176654,83697900
2002-04-24,9.386911392211914,9.627601348374,9.146221436049828,9.282829316074592,77480200
2002-04-25,9.490995407104492,9.588572218321024,9.08117168331423,9.250305401775908,82191500
2002-04-26,9.048645973205566,9.673139184905487,9.048645973205566,9.640613374012922,58851400
2002-04-29,9.191762924194336,9.334876178363496,9.029134423667992,9.16574238892526,69059400
2002-04-30,9.530024528503418,9.744693978961633,9.113696198101133,9.120201483358205,73316700
2002-05-01,8.912040710449219,9.490998331064809,8.8665049339034,9.46497779869885,102602100
2002-05-02,8.873007774353027,9.26982093856233,8.853491915178447,8.970584588712907,80762900
2002-05-03,8.547751426696777,8.853492461423148,8.489205086317343,8.820967268215279,70750200
2002-05-06,8.385124206542969,8.840483802269056,8.35910367594086,8.619308981961943,69219600
2002-05-07,8.508720397949219,8.781936241767815,7.981804570854997,8.560761451973875,108755600
2002-05-08,10.583858489990234,10.603373107446748,9.855282579873393,9.90732362768485,194497200
2002-05-09,10.245591163635254,10.440744784735246,10.011406446088326,10.382199070632188,89850000
2002-05-10,10.030922889709473,10.180540766585358,9.848779198614999,10.037428176628852,93204200
2002-05-13,10.213067054748535,10.29112864026867,9.855284322497498,10.024418067980292,69927100
2002-05-14,10.700952529907227,10.733477723676328,10.408220822958864,10.616385040896983,73338200
2002-05-15,10.77251148223877,11.19534533368115,10.486286215858781,10.538327286178506,85240300
2002-05-16,11.065241813659668,11.097767013020574,10.635902730160222,10.66842792952113,60338800
2002-05-17,11.22136116027832,11.377484297095773,11.019702263650327,11.182330686263057,61316400
2002-05-20,10.785518646240234,11.071745062782542,10.700952399020956,10.95465238143539,56815500
2002-05-21,10.512304306030273,11.032714918900378,10.45375795698779,10.889602310550293,60334400
2002-05-22,10.77251148223877,10.805037926661715,10.291131271592075,10.336667673405705,58041400
2002-05-23,10.993681907653809,11.006692480175962,10.434240937522516,10.772507137803128,66580900
2002-05-24,10.779012680053711,10.850569589868472,10.603373669102854,10.82454844420619,41671100
2002-05-28,10.655415534973145,10.850570420103047,10.486283038253152,10.818043985536423,42942600
2002-05-29,10.1805419921875,10.512304220475935,10.167532037160822,10.45375787190993,54470200
2002-05-30,10.414727210998535,10.518809330972053,10.01791335312654,10.063449745898732,61043200
2002-05-31,10.265106201171875,10.759497391537643,10.245590963518694,10.596868963545282,50648100
2002-06-03,9.97237491607666,10.544826422969809,9.939849107181363,10.284621812942037,53377300
2002-06-04,10.4602632522583,10.4602632522583,9.939852018635928,9.965872549298128,61643900
2002-06-05,10.356181144714355,10.47327384305423,10.05043944370379,10.369191099875238,67798600
2002-06-06,10.0569429397583,10.226076669366114,10.037427700304562,10.121994565108468,45735400
2002-06-07,10.232580184936523,10.37569337238673,9.66012867589211,9.66012867589211,79538300
2002-06-10,10.06344985961914,10.31714987482689,10.03742932933172,10.141511450481401,48831700
2002-06-11,9.751202583312988,10.330160140315733,9.72518205380603,10.18704691783829,74853200
2002-06-12,9.946355819702148,9.952861106489943,9.484491004199818,9.601583684866922,87072700
2002-06-13,9.686150550842285,9.900820051788047,9.530026769844945,9.803242611117422,58413200
2002-06-14,9.302347183227539,9.751201418709682,9.198265077630422,9.425944528529547,95569800
2002-06-17,9.803239822387695,9.855280861123251,9.497498874910828,9.523519394278606,61227200
2002-06-18,9.569055557250977,9.939848129191455,9.562550272036336,9.744693915399255,54635700
2002-06-19,9.425945281982422,9.692655853988832,9.34137840933043,9.510512154634414,59354300
2002-06-20,9.159234046936035,9.530026706017454,9.120203567231828,9.38040883318751,53272400
2002-06-21,8.938060760498047,9.256812419875102,8.833978636650713,8.866504455447604,86020700
2002-06-24,9.146224975585938,9.3413786336777,8.612803198383855,8.716885314800354,93242600
2002-06-25,8.749410629272461,9.354388671705324,8.67785433343629,9.250306561260599,83539700
2002-06-26,8.736400604248047,8.938059536491844,8.059866271508744,8.105402039361541,18704100
2002-06-27,8.990099906921387,9.035636291686055,8.521730449402812,8.95106942898397,81090400
2002-06-28,9.074664115905762,9.302344112013515,8.833974171082808,8.938056242316724,80577100
2002-07-01,8.515230178833008,9.107197946066767,8.489209638087962,9.003115783086583,60305800
2002-07-02,8.170453071594238,8.424153040114637,8.092390874719063,8.359102036556342,118532100
2002-07-03,8.48270320892334,8.48920849833086,7.994817670173044,8.020838207424584,77171300
2002-07-05,9.139719009399414,9.172244823458433,8.71688466738877,8.781936295506808,34151500
2002-07-08,8.892520904541016,9.230787651772754,8.755913024602902,9.06165458834594,52153600
2002-07-09,8.547751426696777,8.925049375388367,8.528235566318104,8.85999774821604,64055600
2002-07-10,8.78843879699707,9.100685024092783,8.703871955397455,9.022623467318855,91014000
2002-07-11,9.139719009399414,9.237295831198168,8.515225736903798,8.64532837276157,91259500
2002-07-12,9.354391098022461,9.653627553355363,9.250308960581185,9.328370563662142,83970000
2002-07-15,9.393417358398438,9.39992264415303,8.807955288805369,9.269820030952149,86182000
2002-07-16,9.282830238342285,9.627602304895486,9.165737580865352,9.256809096344593,80100400
2002-07-17,9.627602577209473,9.796736282709345,9.308851023259995,9.56905624681504,93493300
2002-07-18,9.328368186950684,9.614593991988665,9.302347659219958,9.477986066307777,57536300
2002-07-19,8.879515647888184,9.334875933731459,8.7819387982809,9.074669967481233,71800700
2002-07-22,8.443665504455566,8.78843812949338,8.294047687097242,8.619304459140272,104148900
2002-07-23,8.131422996520996,8.664844146571703,8.118412421944958,8.47619515786755,94867400
2002-07-24,8.515230178833008,8.528240139016217,7.773643837031265,7.877726000011448,119236300
2002-07-25,7.552464962005615,8.411143596149783,7.474403380788563,8.320071441207405,136175000
2002-07-26,7.689072132110596,7.871216424178601,7.448382125140273,7.689072132110595,75114200
2002-07-29,8.658337593078613,8.664842258570976,8.020833846461665,8.085885464410934,93513800
2002-07-30,8.677854537963867,8.781936650861697,8.287545994218684,8.456679737866818,83560800
2002-07-31,8.580277442932129,8.61930854705508,8.261525804045048,8.554256913642947,79309000
2002-08-01,7.871214389801025,8.593284224087336,7.767131698215342,8.443665781442846,132743600
2002-08-02,7.734609603881836,8.124917526720221,7.500424229800478,7.9687943575848665,93706700
2002-08-05,7.389834880828857,7.611009622291484,7.246722323723292,7.532948058312586,83088100
2002-08-06,7.851702690124512,8.209485464469877,7.584992086456746,7.591497374443377,129367900
2002-08-07,8.450170516967773,8.749406762436852,8.144429607754397,8.671345214102924,165854900
2002-08-08,8.586780548095703,8.651832164975552,7.9362668608099955,8.352595844008999,98212100
2002-08-09,8.534741401672363,8.677854618422954,8.43065928780951,8.45017452906421,60819200
2002-08-12,8.723386764526367,8.74940728218339,8.456676303447365,8.456676303447365,57748500
2002-08-13,8.697366714477539,9.081169835837104,8.619305157309544,8.677851480280069,77829700
2002-08-14,9.33487606048584,9.386917130366832,8.73640313647593,8.79494949518667,76786600
2002-08-15,9.341377258300781,9.458469932218387,9.133213056116821,9.406428881672397,76148600
2002-08-16,9.399922370910645,9.582066024097221,9.133211866507182,9.263314475926165,58451400
2002-08-19,9.57556438446045,9.757708095198204,9.432451158691597,9.562553809218565,65412100
2002-08-20,9.582066535949707,9.640612868410207,9.490995014680669,9.543036061228179,60171900
2002-08-21,9.829261779785156,9.920333921085374,9.621097594388326,9.712169735688544,80219600
2002-08-22,9.822754859924316,9.94635216154319,9.718672170734973,9.822754859924316,55149500
2002-08-23,9.399922370910645,9.757705012096483,9.269819761491659,9.7186739190817,65333800
2002-08-26,9.425945281982422,9.56255321159282,9.204770479720032,9.445461143625575,47858100
2002-08-27,9.12020492553711,9.575564518967056,9.107194350112469,9.517018170312936,59156900
2002-08-28,8.925050735473633,9.133214981541881,8.886019629146642,8.964081221422234,53706400
2002-08-29,9.237297058105469,9.341379180615982,8.762422219056655,8.768926886429773,61251900
2002-08-30,8.990099906921387,9.165738918774549,8.918543617117281,9.074666769623473,48710400
2002-09-03,8.502217292785645,8.860000096296586,8.489207336130253,8.846990139641193,68407800
2002-09-04,8.632316589355469,8.723388104960037,8.45017231738999,8.560759689519683,66497400
2002-09-05,8.307059288024902,8.50871816433871,8.24200767738153,8.50871816433871,64181900
2002-09-06,8.47619915008545,8.619312435935298,8.398137526997886,8.54775610319969,59676000
2002-09-09,8.430657386779785,8.59328580811398,7.942772122777201,8.398131578437308,53212100
2002-09-10,8.736400604248047,8.749410557758143,8.45017418248624,8.515225811171645,64977300
2002-09-11,8.827473640441895,9.087679579034837,8.781937864848954,8.801453108620441,48477000
2002-09-12,8.48270320892334,8.749413870846269,8.450177382264277,8.697372796343187,50396100
2002-09-13,8.489205360412598,8.534741128676487,8.30706166697873,8.339586861236755,55222300
2002-09-16,8.41114330291748,8.560761173272889,8.29405062498488,8.450173781976162,44468500
2002-09-17,8.157444953918457,8.586784064064936,8.137929709015012,8.528237708976153,77101000
2002-09-18,8.131422996520996,8.144433571097032,7.832186605433889,7.903742904467071,114958500
2002-09-19,7.8061652183532715,7.903742035431378,7.721598354042385,7.780144692440558,80020200
2002-09-20,7.858205795288086,7.96879317882862,7.8191753189668605,7.871216367647318,93721200
2002-09-23,7.780145645141602,7.897238336276283,7.611011895808918,7.767135070402927,74956900
2002-09-24,7.435372829437256,7.786650251752023,7.4288675426366515,7.565475463557855,90919400
2002-09-25,7.780145645141602,7.955784061465274,7.487414537683249,7.519940354151588,90609200
2002-09-26,7.389834880828857,7.786648606527629,7.363814359502557,7.786648606527629,105729400
2002-09-27,7.305269241333008,7.578485070698632,7.240218237432501,7.279248715697152,87729600
2002-09-30,6.817385673522949,7.207694278810079,6.758839941070463,7.149147925979167,103352600
2002-10-01,7.116621494293213,7.162157887239006,6.5897056048239,6.934477783645162,109859600
2002-10-02,6.537664413452148,6.993023991124092,6.349015418971843,6.97350874904085,151829300
2002-10-03,6.381541728973389,6.602715937217639,6.290469558252761,6.4921285229063095,137709000
2002-10-04,6.153860092163086,6.589704353751394,6.127839567010572,6.4921269191457736,103389600
2002-10-07,5.9066643714904785,6.160364938905609,5.691994899207757,5.991231227295522,130579400
2002-10-08,5.594419002532959,5.9912322024726725,5.282172051784704,5.9912322024726725,240948700
2002-10-09,6.004241943359375,6.153860436645405,5.496841364292821,5.496841364292821,173733800
2002-10-10,6.33600378036499,6.479116979167029,5.952200568346677,6.049778003139171,138466100
2002-10-11,6.7133026123046875,6.797869485723669,6.440086750605931,6.56368472728688,130192400
2002-10-14,6.498631000518799,6.667764692837629,6.37503368405697,6.544167376375801,69972100
2002-10-15,7.1491475105285645,7.1556527983269484,6.817385277351684,6.934477976209028,130800300
2002-10-16,6.381541728973389,6.810880810239301,6.342510621413574,6.719808639518673,123041400
2002-10-17,6.615724563598633,7.025548280502238,6.589704039686256,6.882435088795052,103342600
2002-10-18,6.836899757385254,6.914961334035898,6.453096540235889,6.654755458155487,107297800
2002-10-21,7.123125076293945,7.2207025060601895,6.713301360183459,6.752332456165601,86926400
2002-10-22,7.298765182495117,7.5329499327029605,6.8369003487459095,6.856415589501983,123035900
2002-10-23,7.324785232543945,7.396341524234573,7.084095210990078,7.233713080991829,92556400
2002-10-24,7.643536567687988,7.819175578088765,7.389835981679619,7.467897557287212,122749300
2002-10-25,7.663051605224609,7.754123751230578,7.155651066913046,7.545959555077781,71731800
2002-10-28,7.090600490570068,7.877722248766201,7.051570008227504,7.871217581961328,110940500
2002-10-29,6.895445346832275,7.058073768970978,6.596209025281934,6.986516866187903,106385800
2002-10-30,7.097105979919434,7.292260258326358,6.784859630771034,7.019044392632334,95089600
2002-10-31,7.272745132446289,7.415857734563097,7.090600805496674,7.188178256443616,94259100
2002-11-01,7.552464962005615,7.695578171092693,7.1036107149129935,7.16866234278302,104175900
2002-11-04,8.007823944091797,8.27453446263481,7.851700184134001,8.046854418797588,111142400
2002-11-05,8.255020141601562,8.287545956829977,7.923258563331037,7.962289045302475,86969000
2002-11-06,8.430657386779785,8.76241951519231,8.13142106670974,8.44366733788986,164715800
2002-11-07,8.033843040466309,8.20948138620371,7.903739826879374,7.936265630276107,129731900
2002-11-08,8.170453071594238,8.320070938118755,7.936267721725239,7.968793533693518,81592700
2002-11-11,7.910248279571533,8.281040973808215,7.871217796166802,8.118412512072359,63699700
2002-11-12,8.372110366821289,8.61280033614193,7.962286704341879,8.014327745255631,120669500
2002-11-13,8.72989273071289,8.794944340124072,8.274533325969005,8.326574365346698,128073100
2002-11-14,9.10719108581543,9.152726842723496,8.846985874371967,8.892521631280033,94769700
2002-11-15,9.159234046936035,9.276326726805237,8.794946674598082,9.00961617410609,93626500
2002-11-18,9.048645973205566,9.445459749414018,9.035636021075486,9.334872364606245,75782700
2002-11-19,8.88602066040039,9.282834575992618,8.78193852528717,9.003113372591994,77654600
2002-11-20,9.354391098022461,9.432452701103417,8.944567216563584,8.9770930396086,85645200
2002-11-21,9.913829803466797,10.06995296091235,9.601583488575692,9.965870855948648,118449900
2002-11-22,9.686150550842285,9.88780947821398,9.549542630206046,9.712171077612126,86739500
2002-11-25,9.686150550842285,9.809747897904456,9.614593636941501,9.757706844364774,88441900
2002-11-26,9.399922370910645,9.77071558322747,9.354386612708543,9.692653397197903,80178000
2002-11-27,9.647117614746094,9.796736080485466,9.536530241923392,9.673138136564484,68998200
2002-11-29,9.70566463470459,9.88130301438473,9.686149397046401,9.835767253056217,29261000
2002-12-02,9.796737670898438,10.056942931324338,9.725180758997608,9.985386639801783,81377000
2002-12-03,9.445462226867676,9.699162253540617,9.367400012099257,9.380410588020128,66302000
2002-12-04,9.386911392211914,9.59507554448656,8.912036144362743,9.380406107358803,84860600
2002-12-05,9.178749084472656,9.595078121203425,9.120203366206793,9.569057595181393,57950300
2002-12-06,9.224285125732422,9.341377178268585,8.892522966060413,8.964079254853527,60324400
2002-12-09,8.781935691833496,9.074666757485627,8.768925118952918,9.074666757485627,53749600
2002-12-10,9.061657905578613,9.204770502377329,8.814462574228557,8.820967861458954,50054300
2002-12-11,9.00961971282959,9.198268759838035,8.853495871556868,8.925052813083937,54186000
2002-12-12,9.178749084472656,9.321862287782963,9.035636501540624,9.152728558450624,53984900
2002-12-13,8.71688461303711,9.159234192573697,8.71688461303711,9.035636844374045,61548200
2002-12-16,8.892520904541016,8.951067227425652,8.58677934079798,8.814459347487539,73134800
2002-12-17,8.88602066040039,9.016123329291915,8.794949102365553,8.87301070370047,50138500
2002-12-18,8.599788665771484,8.78193227253299,8.49570660476491,8.762417041188762,58805500
2002-12-19,8.456676483154297,8.749407468110943,8.281037519953456,8.528232753137184,84851200
2002-12-20,8.632316589355469,8.794945004795823,8.45017231738999,8.599790782191764,98243400
2002-12-23,8.742904663085938,8.859997338429112,8.541245744859653,8.586781509547214,42288900
2002-12-24,8.684357643127441,8.840480773247487,8.619306028721669,8.651831835924556,18604300
2002-12-26,8.521730422973633,8.83397672701762,8.47619403835019,8.703874100332625,38600400
2002-12-27,8.46318244934082,8.59979033603869,8.456677164169935,8.476192399304448,35355500
2002-12-30,8.437165260314941,8.573773200950269,8.398134154256969,8.469691078633522,52058300
2002-12-31,8.521730422973633,8.567266187218815,8.391627175910378,8.424152987676193,46597500
2003-01-02,8.873007774353027,8.90553296555415,8.515225087736374,8.52823504014117,61335700
2003-01-03,9.048645973205566,9.081171784098132,8.8209665377141,8.83397648984418,50891700
2003-01-06,9.237297058105469,9.380410286746617,9.09418382946432,9.11369969271883,58936700
2003-01-07,9.497498512268066,9.562549498014613,9.263313226521836,9.302344314272238,83998600
2003-01-08,9.393417358398438,9.595076874143452,9.347881598872677,9.419437881038613,75927000
2003-01-09,9.725177764892578,9.829259837019034,9.530023569466428,9.562549372100467,75284400
2003-01-10,9.900818824768066,10.05694196603859,9.647118254919803,9.653623540900629,91193900
2003-01-13,9.939847946166992,10.095971686552899,9.783724826159217,10.063445881456746,66314800
2003-01-14,10.135004997253418,10.167530811466703,9.94635601927033,9.952861306188648,69977900
2003-01-15,9.874800682067871,10.167531797623031,9.842274864699883,10.128500692705773,61992300
2003-01-16,9.692657470703125,9.952863419275275,9.621101160544463,9.809750178579513,65668200
2003-01-17,9.191762924194336,9.575566284697064,9.139721853656186,9.556050417961387,81310000
2003-01-21,9.224285125732422,9.432449326132936,9.204769266661184,9.250305650782487,62930800
2003-01-22,9.081170082092285,9.354385849778152,9.042138992260822,9.230787915626955,64965500
2003-01-23,9.490995407104492,9.59507750450299,9.185253780712728,9.289335878111226,62491200
2003-01-24,9.016117095947266,9.471477052819557,8.977086632452973,9.464971768777831,70564100
2003-01-27,8.91854476928711,9.15272952830028,8.820967941459541,8.853493137149835,58554700
2003-01-28,9.2503023147583,9.3218585777454,8.977086590075876,9.029127621407953,64116500
2003-01-29,9.159234046936035,9.217780386870636,8.970585074023594,9.217780386870636,71861700
2003-01-30,9.022628784179688,9.341380483935307,8.996608249921646,9.269824169820312,68226500
2003-01-31,8.697366714477539,8.938056670840055,8.560758834339019,8.820964645277115,103330200
2003-02-03,8.768921852111816,8.97708659800195,8.703870873078298,8.794942988178859,65976600
2003-02-04,8.586780548095703,8.612801070772004,8.372111080921675,8.612801070772004,110586200
2003-02-05,8.586780548095703,8.846986395236904,8.521729551594051,8.658337450739177,115080200
2003-02-06,8.612801551818848,8.72338893446426,8.502214169173437,8.528234693303048,58738900
2003-02-07,8.359101295471191,8.742903857460012,8.235503345025093,8.677852859668885,69851700
2003-02-10,8.5542573928833,8.612803742158528,8.313567328379444,8.404639496182952,55955700
2003-02-11,8.762418746948242,8.846985593073018,8.625810860189473,8.664841330475898,71241800
2003-02-12,8.586780548095703,8.879511583298633,8.58027526233208,8.742903684153507,58732000
2003-02-13,8.658337593078613,8.71688330477911,8.52172969168771,8.593285975129342,51646500
2003-02-14,8.899025917053223,8.912035865974937,8.632315450188116,8.710377004852678,57732400
2003-02-18,9.308853149414062,9.360894206011316,8.996606189452212,9.061657820387945,56753300
2003-02-19,9.380410194396973,9.40643072476843,9.243802254852225,9.263317497536224,51678800
2003-02-20,9.276327133178711,9.464976114355407,9.237296031386355,9.419439725534607,61669800
2003-02-21,9.543038368225098,9.562553610303604,9.191760908920177,9.25681192264132,56243400
2003-02-24,9.380410194396973,9.614594967740091,9.31535855827914,9.458471785511346,55865600
2003-02-25,9.159234046936035,9.211275100127171,8.89252349423689,9.074667180405866,82039800
2003-02-26,8.78843879699707,9.17224191641913,8.775428227345696,9.1397161126688,77094000
2003-02-27,8.944564819335938,9.08767803015124,8.83397742284843,8.873008524117441,61466400
2003-02-28,9.094182968139648,9.165739885872146,8.944565086295933,8.951070373431309,57993200
2003-03-03,8.925050735473633,9.295843453877298,8.846989143198039,9.211276573817475,63539600
2003-03-04,8.866501808166504,8.983594472723466,8.827470713188113,8.918542854552218,38787400
2003-03-05,8.938060760498047,9.003112398091826,8.85349387977749,8.905534941701157,53969100
2003-03-06,8.768921852111816,8.840478735540124,8.703870873078298,8.749406620439563,58081600
2003-03-07,8.612801551818848,8.62581212407277,8.489204217297745,8.554255217432662,89592800
2003-03-10,8.46318244934082,8.580274480526038,8.437161929035423,8.554253960220642,47938900
2003-03-11,8.469691276550293,8.606298599999427,8.411144926284436,8.482701231954707,65703400
2003-03-12,8.255020141601562,8.450174412593729,8.020835388637957,8.372112828272527,121329600
2003-03-13,8.72989273071289,8.755913250401738,8.281037990607622,8.443666393757448,92368100
2003-03-14,8.71688461303711,8.97709050350852,8.612802504999864,8.827472007921257,76184900
2003-03-17,9.191762924194336,9.243803994732486,8.521733675731781,8.593289992627113,87513600
2003-03-18,9.237297058105469,9.256812300981593,9.061658631463574,9.243802345856972,64714100
2003-03-19,9.2503023147583,9.425940640409557,9.152724915727132,9.308848630101396,68112700
2003-03-20,9.13321304321289,9.230789857754194,8.983595178199124,9.08767727914405,82711300
2003-03-21,9.042144775390625,9.373907079821501,9.003114280974359,9.282835512597865,112479400
2003-03-24,8.78843879699707,8.918541391620284,8.781933512171383,8.807954031096026,62278100
2003-03-25,8.925050735473633,9.009617615533456,8.710381201621153,8.781937506112516,56643600
2003-03-26,8.88602066040039,9.009618661131185,8.82747430430459,8.912041194178695,48058100
2003-03-27,8.781935691833496,8.905533032307682,8.749409880010314,8.833976742599285,50736700
2003-03-28,8.599788665771484,8.81445807169205,8.567262866612426,8.723385958122288,46659800
2003-03-31,8.443665504455566,8.554252856580442,8.365603953610607,8.469686641781946,66180200
2003-04-01,8.443665504455566,8.528232339632122,8.326573488377157,8.482696590067077,78283300
2003-04-02,8.873007774353027,8.95757463630811,8.625812474879307,8.697368764051335,67337000
2003-04-03,8.873007774353027,9.042140877884936,8.814461437585797,9.035636211871664,57730000
2003-04-04,8.91854476928711,9.035637458982865,8.788442125390903,9.016121597114678,51357100
2003-04-07,8.827473640441895,9.354390185299334,8.820968972770341,9.321864365427913,61510800
2003-04-08,8.736400604248047,8.925049582981748,8.664843688618442,8.899029055583247,46422700
2003-04-09,8.48270320892334,8.860001309259951,8.48270320892334,8.742908581438746,63171900
2003-04-10,8.48270320892334,8.5282389940189,8.346095233258115,8.5152290355824,49099500
2003-04-11,8.59328842163086,8.807957953450186,8.391628844878385,8.788442710660716,49207900
2003-04-14,8.762418746948242,8.78843926726524,8.554253964034125,8.612800289841903,50958900
2003-04-15,8.677854537963867,9.029131979183202,8.586782378989104,8.749410835486543,44733500
2003-04-16,8.820966720581055,9.02913092200372,8.7429045246693,8.87300777093672,59430300
2003-04-17,9.074664115905762,9.0941793491676,8.781933135465849,8.79494370455913,55918100
2003-04-21,9.068161010742188,9.113697393134505,8.905532580259608,9.081171582962343,45501000
2003-04-22,9.31535816192627,9.36089455342261,8.97709128149001,9.022627052607994,62303100
2003-04-23,9.321861267089844,9.477984406127394,9.198263937113001,9.347881790262768,58465600
2003-04-24,9.33487606048584,9.517019805069316,9.172247562013114,9.269824412945354,59708700
2003-04-25,9.328368186950684,9.543037695823749,9.204770214946,9.40642977014286,68749200
2003-04-28,9.744694709777832,9.84877742056237,9.367396821865736,9.393417344467322,79292000
2003-04-29,9.84877872467041,10.213066089329061,9.660129755734753,9.84227343806408,77559500
2003-04-30,9.757706642150879,9.900819846608343,9.71867554261583,9.881303986651679,64638700
2003-05-01,9.835768699645996,9.89431504160945,9.718676015719087,9.783727644651439,42779000
2003-05-02,9.933345794677734,10.037427901016644,9.770717348428615,9.82275840159807,51035000
2003-05-05,10.004902839660645,10.252098170983924,9.99189226520126,10.128500195133118,65171500
2003-05-06,10.343170166015625,10.395211225387454,10.050439051954497,10.08296486915648,102755600
2003-05-07,10.082962036132812,10.343167259881739,10.030920991383027,10.135003080882598,103172800
2003-05-08,9.900818824768066,10.076457203602851,9.83576720571624,9.861787729261327,52584100
2003-05-09,10.375691413879395,10.388701983181823,10.050434625855726,10.050434625855726,72262000
2003-05-12,10.844064712524414,10.922126911699491,10.596870023190368,10.622889929077685,97288900
2003-05-13,10.713963508605957,10.84406678517921,10.577356184885161,10.583861472789504,63641600
2003-05-14,10.681437492370605,10.88309643894469,10.590365950193284,10.870085864131728,54299800
2003-05-15,10.896106719970703,10.909117294432868,10.700953066064942,10.733478261463677,55206400
2003-05-16,10.818042755126953,10.909115520798562,10.713960657864947,10.896104948451693,42361700
2003-05-19,10.369190216064453,10.733478235195118,10.349674974797304,10.68794246544566,52364300
2003-05-20,10.401717185974121,10.6359025886793,10.336666167739219,10.47977940046145,59535300
2003-05-21,10.213067054748535,10.304139214711194,10.056943883708264,10.258603444919032,57340100
2003-05-22,10.356181144714355,10.427738069423562,10.180542097204546,10.278119552613902,53064400
2003-05-23,10.206558227539062,10.362681964808543,10.193548277987176,10.349671394878536,37246400
2003-05-27,10.505794525146484,10.551330279203247,10.08296092793281,10.121992017394406,55332900
2003-05-28,10.590367317199707,10.752995801083724,10.512305099002358,10.66842829464019,52478800
2003-05-29,10.811538696289062,11.188836608584593,10.564342785031302,10.655414309833388,96486400
2003-05-30,10.674933433532715,10.967665196731064,10.58386188087405,10.928633467800053,67567500
2003-06-02,10.928630828857422,11.188837329204567,10.798528819440397,11.05222879244666,76219800
2003-06-03,11.065241813659668,11.156313364475663,10.941643822725942,10.98717959813394,59187800
2003-06-04,11.299421310424805,11.390492813614774,11.045720173207329,11.11727706328869,69641600
2003-06-05,11.299421310424805,11.3319464927766,11.130287632531878,11.214853851100255,52535900
2003-06-06,11.292919158935547,11.839350811190913,11.279908586082676,11.683226418469507,77286700
2003-06-09,11.208351135253906,11.507588092646703,11.110774325079294,11.18883651767286,51020800
2003-06-10,11.318936347961426,11.383987955860443,11.214854271625484,11.29291644925555,45810800
2003-06-11,11.44904613494873,11.514097780184192,11.214860708403839,11.273407065040061,51445400
2003-06-12,11.566139221191406,11.644200205385626,11.436035926525074,11.527107488337322,50701900
2003-06-13,11.325443267822266,11.644194827712115,11.24087703387451,11.572639165373676,48705100
2003-06-16,11.696234703063965,11.709245273371439,11.344957990056084,11.364472604761021,52161700
2003-06-17,11.696234703063965,11.839348494933631,11.676720088359028,11.774296884152536,59257700
2003-06-18,12.184118270874023,12.210139407961046,11.689727833025566,11.715748970112589,68132300
2003-06-19,12.073537826538086,12.424815933627922,12.02800205134277,12.164610617685534,84495000
2003-06-20,11.663711547851562,12.210143188296557,11.61817578460723,12.067029371521231,87622000
2003-06-23,11.214856147766113,11.676721524434305,11.123784625925806,11.66371095252671,68731000
2003-06-24,10.896106719970703,11.305929889475472,10.805035180248904,11.039219316784484,79578400
2003-06-25,10.974163055419922,11.253882812181883,10.896100891162533,11.026204084672846,60166000
2003-06-26,11.143299102783203,11.24738243597756,10.993681249998211,11.091258056564232,50488900
2003-06-27,10.987178802490234,11.370982082788316,10.967664180589583,11.156312556584027,50579400
2003-06-30,10.922130584716797,11.201850560666518,10.746491508074405,11.110778998299493,46270100
2003-07-01,11.214856147766113,11.25388662273247,10.779011914913111,10.902609866522406,58274700
2003-07-02,11.618176460266113,11.676722799486893,11.305928904169761,11.370980530054691,52691800
2003-07-03,11.397005081176758,11.631189267257831,11.351469301682018,11.494581928773616,29587300
2003-07-07,11.852357864379883,11.871873719906786,11.585647375960288,11.644193701784715,52582100
2003-07-08,12.184118270874023,12.223149976504557,11.800315184133197,11.832841605491975,57648200
2003-07-09,12.229652404785156,12.717537493924288,12.197127228478259,12.3467450246995,105099300
2003-07-10,11.910904884338379,12.346749090455393,11.832843939194158,12.047513399475294,60839500
2003-07-11,12.08004379272461,12.203641790020043,11.923920594394167,11.956445795429177,45129300
2003-07-14,12.106062889099121,12.49637019822587,11.99547548731143,12.39228808369118,55929300
2003-07-15,12.041008949279785,12.35325523303183,11.904400424665493,12.320730043757989,53053200
2003-07-16,11.858864784240723,12.197132215464485,11.748277402523586,12.197132215464485,45848700
2003-07-17,11.553128242492676,11.787313668459255,11.416519663759862,11.70274615763491,51602600
2003-07-18,11.637689590454102,11.83934972897053,11.494577024423828,11.78080339724078,42997600
2003-07-21,11.663711547851562,11.728763169953394,11.416515632015903,11.728763169953394,48856700
2003-07-22,12.145092010498047,12.164607870069492,11.767794077412544,11.793813982751267,71232200
2003-07-23,12.28170394897461,12.294714526941574,11.94343760713256,12.20364296268683,59967500
2003-07-24,12.086542129516602,12.489861090469288,12.03450109333782,12.372768448877986,56421000
2003-07-25,12.411803245544434,12.424813819316768,11.839351647884376,12.15159797388077,44919800
2003-07-28,12.411803245544434,12.522390641096065,12.346751617439367,12.496369493551395,49655500
2003-07-29,12.463842391967773,12.567924484700814,12.171110730683331,12.450831820187037,58491400
2003-07-30,12.541909217834473,12.672011261462941,12.41180593344913,12.489868152231711,43502500
2003-07-31,12.678515434265137,12.886679678361288,12.619969085518498,12.665504858819935,71706500
2003-08-01,12.457338333129883,12.69152368522478,12.398791995106157,12.632977347201056,49436400
2003-08-04,12.528894424438477,12.587440758631459,12.359760707965023,12.56792490031498,75402200
2003-08-05,12.268692970275879,12.574434067050916,12.09955920160559,12.515887714789784,87450900
2003-08-06,11.481569290161133,11.735270537271836,11.403508322401464,11.657208328755456,127298100
2003-08-07,11.403509140014648,11.553127039578635,11.331952213807176,11.488075401277005,54925900
2003-08-08,11.436034202575684,11.55963218980096,11.416518339090603,11.494580552274142,36852800
2003-08-11,11.52059555053711,11.566132545919007,11.416513471176717,11.455545181504057,35669100
2003-08-12,11.598661422729492,11.60516670985493,11.41651710548723,11.55312565360809,42866600
2003-08-13,11.442534446716309,11.702739641372471,11.338452368853845,11.67021445732404,56370800
2003-08-14,11.579146385192871,11.631187445142356,11.39700329574804,11.442539068109248,41729400
2003-08-15,11.572640419006348,11.631185516077501,11.46855707561315,11.540113986459556,19375400
2003-08-18,11.884885787963867,11.936926835170752,11.61817526593403,11.644195169159252,45909000
2003-08-19,12.06702995300293,12.119071005040832,11.923917370087837,11.99547428192366,44710000
2003-08-20,12.08004379272461,12.307723922240339,11.923920594394167,11.956445795429177,47404600
2003-08-21,12.275197982788086,12.359764244846142,12.138589416993613,12.281702029998327,45931900
2003-08-22,12.223152160644531,12.554913032493253,12.203636304342,12.509377275210344,53969900
2003-08-25,12.346752166748047,12.366268028274812,12.080041596332228,12.158103801682627,37226200
2003-08-26,12.424817085266113,12.4768581532782,12.210147524621632,12.288208506261299,56873000
2003-08-27,12.366260528564453,12.502867754134256,12.340239395643017,12.457332012277655,34604200
2003-08-28,12.48336410522461,12.535405176002095,12.36627138578602,12.515889309176664,36831300
2003-08-29,12.450833320617676,12.600452432613656,12.405297554654076,12.424813414677004,30008800
2003-09-02,12.743571281433105,12.789107069780364,12.476860600464445,12.56793217715896,51500100
2003-09-03,13.166399002075195,13.381068503819376,12.932213639897327,13.029791701309167,111248100
2003-09-04,13.394081115722656,13.56321487628322,13.316018902865173,13.32902947846755,65552800
2003-09-05,13.283492088317871,13.485151022590303,13.185915264686477,13.257470940279298,57015200
2003-09-08,13.569718360900879,13.608748841764747,13.33553299420444,13.36155414195143,45159500
2003-09-09,13.517675399780273,13.693313159275982,13.446118494324264,13.615252208557099,64965100
2003-09-10,13.309510231018066,13.628263048447039,13.283490327185854,13.420097614007016,57323600
2003-09-11,13.472140312194824,13.537191940876122,13.153388696488737,13.322522434757467,56578800
2003-09-12,13.43961238861084,13.537189191436367,13.237953497337234,13.43961238861084,49716800
2003-09-15,13.263975143432617,13.48514992066084,13.24446052475494,13.478644634182771,35947300
2003-09-16,13.84943675994873,13.93400299191025,13.211932414385915,13.283489315800074,67877700
2003-09-17,13.751860618591309,13.914489060119614,13.60224275016684,13.829922816457774,51082200
2003-09-18,13.934002876281738,13.953518733075388,13.628261897719378,13.738849271370675,45000500
2003-09-19,13.673799514770508,14.025076299509275,13.660788941806269,13.960024675444606,45582300
2003-09-22,13.517675399780273,13.569716447178344,13.400582732945507,13.413593304984134,43277400
2003-09-23,13.75836181640625,13.803897567980723,13.498156635440557,13.504661920059222,42942300
2003-09-24,13.218438148498535,13.973033939126934,13.140377199540515,13.920992892902783,79483300
2003-09-25,13.04930591583252,13.32902703624764,12.971244958034587,13.18591445311373,75988800
2003-09-26,12.9842529296875,13.29650045042392,12.977748884516455,13.01027407339738,53048000
2003-09-29,13.140379905700684,13.19242096264229,13.023287217392902,13.075328274334508,46655100
2003-09-30,12.743571281433105,13.094848249224222,12.554921597414836,13.049312460876964,64659700
2003-10-01,13.140379905700684,13.179410388217722,12.802112415201906,12.802112415201906,52225000
2003-10-02,13.003772735595703,13.205431697548022,12.847649548204538,13.16640121088943,51899500
2003-10-03,13.504666328430176,13.67380006145778,13.185914722601588,13.303007402448126,60069700
2003-10-06,13.53068733215332,13.654285308767433,13.133874734744873,13.576224343042387,24923600
2003-10-07,13.660788536071777,13.667293822360687,13.303006475477257,13.407088574586808,42996400
2003-10-08,13.524179458618164,13.745352959423387,13.459127845084238,13.693311916747513,35680500
2003-10-09,13.628267288208008,13.914492523189486,13.47214285361848,13.712833552916887,53862200
2003-10-10,13.524179458618164,13.797394002099264,13.47213717518596,13.68030258664579,38793300
2003-10-13,13.660788536071777,13.719334871915462,13.569717009540044,13.680304394938503,36969900
2003-10-14,13.751860618591309,13.777881764798979,13.498160646849248,13.55670698505996,30248000
2003-10-15,13.673799514770508,13.934004770272656,13.608747890705839,13.901479578618586,40761500
2003-10-16,13.686813354492188,13.725843841944142,13.51767958785795,13.61525642686625,35934800
2003-10-17,13.426605224609375,13.680306465244659,13.42009993733599,13.66729589069789,35416300
2003-10-20,13.712837219238281,13.745362428032344,13.498167615228784,13.498167615228784,31664100
2003-10-21,13.732346534729004,13.816912781685696,13.595737993329312,13.816912781685696,35152900
2003-10-22,13.420096397399902,13.667292285556783,13.40058178148397,13.576220769265486,29864600
2003-10-23,13.114358901977539,13.25096745343391,13.02328736151108,13.042801982607218,50188600
2003-10-24,12.88017463684082,13.075329549978886,12.515887202709267,13.042803110744147,63894200
2003-10-27,12.96474838256836,13.146891566985047,12.886686131563074,12.919212586464187,37862700
2003-10-28,13.595741271972656,13.615257137095075,13.055814744487957,13.068825321236238,48905600
2003-10-29,13.543696403503418,13.621758601321165,13.42660372715507,13.589232168581878,37626200
2003-10-30,13.569718360900879,13.745356145166593,13.472140297606286,13.712830951239473,42331800
2003-10-31,13.615252494812012,13.738850450264687,13.550200874007633,13.647777684835969,38105900
2003-11-03,14.122657775878906,14.161689507652577,13.777886163843386,13.777886163843386,60013500
2003-11-04,14.038089752197266,14.213728800974883,13.920997053012188,14.213728800974883,50027800
2003-11-05,14.181200981140137,15.000848554873961,13.888470502435911,14.064109534112445,83930200
2003-11-06,14.896769523620605,15.052892726049658,14.708121119302682,14.935800014038639,116611100
2003-11-07,14.532476425170898,14.974825947846766,14.460919519809673,14.90326904248554,61683600
2003-11-10,14.434905052185059,14.747151453740539,14.376358696798793,14.54549247449724,45426700
2003-11-11,14.538982391357422,14.604034013751255,14.343827524175925,14.408879146569758,39155500
2003-11-12,14.942304611206055,14.961820475890557,14.551997243570922,14.578017155726728,39368700
2003-11-13,14.766660690307617,14.799185877251785,14.311300628551177,14.740639548147204,48079500
2003-11-14,14.480432510375977,14.95530712831256,14.454411371485987,14.779668163073705,47384400
2003-11-17,14.343832015991211,14.415388947108351,14.181203529457266,14.311306814987176,39254300
2003-11-18,14.135665893554688,14.571510229802321,14.109645984323267,14.473933398860225,45390100
2003-11-19,14.343832015991211,14.421894235460535,14.05110148468424,14.116153127449197,35350100
2003-11-20,14.272274017333984,14.551995167453345,14.161686614746252,14.246252868133725,43726800
2003-11-21,14.421891212463379,14.49344812858135,14.01857210446657,14.389366018277006,37072700
2003-11-24,14.83171558380127,14.948808277691588,14.545490377354634,14.558499711642769,38693000
2003-11-25,14.714625358581543,14.929294901708742,14.701614782450966,14.870748549877975,37852900
2003-11-26,14.83822250366211,14.877254233090543,14.591027754399683,14.83822250366211,29278500
2003-11-28,14.766660690307617,14.870742777436574,14.708114361203037,14.773164735091372,13572800
2003-12-01,15.078912734985352,15.124448510474291,14.851232616783838,14.909778968342993,51925600
2003-12-02,15.033379554748535,15.117945832290204,15.000853108957864,15.033379554748535,38504900
2003-12-03,15.156973838806152,15.482230798787029,15.04638642278238,15.104932774839485,66001400
2003-12-04,15.59931468963623,15.683882146276359,15.404161120207853,15.430181017112107,70632500
2003-12-05,15.449697494506836,15.51474910052968,15.365131275206467,15.482222677140166,42335500
2003-12-08,15.800983428955078,15.853024491991391,15.41067483580433,15.41718012377847,39845800
2003-12-09,15.111428260803223,15.905055522449429,14.935789318561255,15.853014492239515,67079200
2003-12-10,15.469219207763672,15.527765551284011,15.130951720925411,15.222023259398537,64492100
2003-12-11,15.566802024841309,15.605832521958321,15.25455556639094,15.410678795616123,51500700
2003-12-12,15.670878410339355,15.677383697590919,15.34562149230119,15.534269859569854,38349800
2003-12-15,15.59931468963623,16.00263363807931,15.540768370656489,15.963603172344863,55187900
2003-12-16,15.4627103805542,15.76194607603344,15.358628291626083,15.456205094901645,43183900
2003-12-17,15.280570030212402,15.566796468676017,15.196003776516422,15.469219640332444,43194700
2003-12-18,15.722917556762695,15.768453321232931,15.300083862852102,15.300083862852102,51439900
2003-12-19,15.475727081298828,15.774962895295783,15.417180727993882,15.761952318837604,61620400
2003-12-22,15.59931468963623,15.644850439785774,15.48222205167675,15.534263086241392,27160100
2003-12-23,15.57330322265625,15.61883899745459,15.436694657504429,15.547282070910454,28410600
2003-12-24,15.527765274047852,15.599320949817743,15.495238838919144,15.540774607342703,10683900
2003-12-26,15.449697494506836,15.592810035152146,15.449697494506836,15.501738531173874,7099200
2003-12-29,15.872540473937988,15.924581541429315,15.443201356945305,15.469222511069429,31670500
2003-12-30,15.690394401550293,15.898558632291145,15.618837481949368,15.813991138079745,28734500
