Date,^IXIC,CSCO,INTC,AMZN,GE,WMT,^GSPC
1998-01-02,1581.530029296875,6.295074462890625,10.279914855957031,0.24791699647903442,62.3482551574707,4.157597541809082,975.0399780273438
1998-01-05,1594.1199951171875,6.281521797180176,10.545316696166992,0.23749999701976776,63.45413589477539,4.197194576263428,977.0700073242188
1998-01-06,1580.1400146484375,6.200210094451904,10.350687026977539,0.24192699790000916,62.6115837097168,4.223591327667236,966.5800170898438
1998-01-07,1561.699951171875,6.017252445220947,10.297609329223633,0.23906299471855164,63.13817596435547,4.210391998291016,964.0
1998-01-08,1555.5400390625,6.085014820098877,10.518776893615723,0.23072899878025055,62.55894088745117,4.150999546051025,956.0499877929688
1998-01-09,1503.219970703125,5.881728172302246,10.173749923706055,0.21302099525928497,61.031829833984375,4.032208442687988,927.6900024414062
1998-01-12,1507.5799560546875,6.037581920623779,10.704559326171875,0.21510399878025055,62.71693420410156,4.17079496383667,939.2100219726562
1998-01-13,1541.6300048828125,6.071461200714111,10.890338897705078,0.23229199647903442,62.92755126953125,4.17079496383667,952.1199951171875
1998-01-14,1548.760009765625,6.179879665374756,10.678014755249023,0.24375000596046448,62.664268493652344,4.190596580505371,957.9400024414062
1998-01-15,1547.06005859375,6.2273125648498535,10.660327911376953,0.24765600264072418,61.24246597290039,4.21699333190918,950.72998046875
1998-01-16,1562.8800048828125,6.274749279022217,10.589550018310547,0.23958300054073334,61.821720123291016,4.236789226531982,961.510009765625
1998-01-20,1590.1400146484375,6.450929641723633,10.7930326461792,0.24765600264072418,63.664764404296875,4.408374786376953,978.5999755859375
1998-01-21,1587.9200439453125,6.437375545501709,10.854954719543457,0.25364598631858826,63.664764404296875,4.296184539794922,970.8099975585938
1998-01-22,1576.510009765625,6.261194229125977,10.828413009643555,0.2567709982395172,63.34883117675781,4.223591327667236,963.0399780273438
1998-01-23,1575.9300537109375,6.254419326782227,10.925726890563965,0.24687500298023224,62.400962829589844,4.17079496383667,957.5900268554688
1998-01-26,1561.4599609375,6.139222145080566,10.996502876281738,0.24062499403953552,62.92755126953125,4.085006237030029,956.9500122070312
1998-01-27,1578.9000244140625,6.42382287979126,11.208823204040527,0.23749999701976776,64.24402618408203,4.150999546051025,969.02001953125
1998-01-28,1610.8199462890625,6.708423137664795,11.452022552490234,0.23854200541973114,64.24402618408203,4.289587020874023,977.4600219726562
1998-01-29,1619.489990234375,6.911706447601318,11.611324310302734,0.24791699647903442,64.98124694824219,4.243389129638672,985.489990234375
1998-01-30,1619.3599853515625,6.837170600891113,11.469720840454102,0.24583299458026886,65.29721069335938,4.203794479370117,980.280029296875
1998-02-02,1652.8900146484375,6.932037830352783,11.761775970458984,0.25989601016044617,66.1924057006836,4.309381484985352,1001.27001953125
1998-02-03,1666.3399658203125,6.830394268035889,12.221981048583984,0.25755199790000916,65.34986114501953,4.4347710609436035,1006.0
1998-02-04,1680.43994140625,6.99979829788208,12.398979187011719,0.25312501192092896,64.77061462402344,4.54036283493042,1006.9000244140625
1998-02-05,1676.9000244140625,6.979470729827881,12.24853229522705,0.24687500298023224,64.61264038085938,4.520563125610352,1003.5399780273438
1998-02-06,1694.3499755859375,7.148873805999756,12.396770477294922,0.24531300365924835,65.4552001953125,4.546961307525635,1012.4600219726562
1998-02-09,1690.4300537109375,6.938811779022217,12.151180267333984,0.2427079975605011,64.92857360839844,4.487565994262695,1010.739990234375
1998-02-10,1709.0400390625,7.020127773284912,12.213129997253418,0.2651039958000183,65.29721069335938,4.553557872772217,1019.010009765625
1998-02-11,1708.550048828125,7.033681392669678,12.044983863830566,0.2645829916000366,66.08710479736328,4.533761978149414,1020.010009765625
1998-02-12,1714.3399658203125,7.074337005615234,12.036125183105469,0.26302099227905273,66.13972473144531,4.718542575836182,1024.1400146484375
1998-02-13,1710.4200439453125,7.033681392669678,11.8679780960083,0.2593750059604645,65.56050109863281,4.6657490730285645,1020.0900268554688
1998-02-17,1703.4300537109375,7.040455341339111,11.983025550842285,0.2572920024394989,65.77114868164062,4.725142002105713,1022.760009765625
1998-02-18,1715.72998046875,7.101438999176025,12.310478210449219,0.25364598631858826,66.08710479736328,4.804336071014404,1032.0799560546875
1998-02-19,1727.010009765625,7.094667911529541,12.823781967163086,0.26145800948143005,65.56050109863281,4.7779388427734375,1028.280029296875
1998-02-20,1728.1300048828125,7.135324954986572,13.0007963180542,0.2635419964790344,65.87644958496094,4.7911376953125,1034.2099609375
1998-02-23,1751.760009765625,7.114992618560791,13.337093353271484,0.27031299471855164,65.4552001953125,4.876926898956299,1038.1400146484375
1998-02-24,1738.7099609375,7.020127773284912,13.08044719696045,0.27031299471855164,64.66532135009766,4.949522495269775,1030.56005859375
1998-02-25,1766.47998046875,7.236965656280518,13.31054973602295,0.2744790017604828,64.98124694824219,5.035314083099365,1042.9000244140625
1998-02-26,1777.1099853515625,7.2098612785339355,13.071587562561035,0.3031249940395355,64.87593841552734,4.989116191864014,1048.6700439453125
1998-02-27,1770.510009765625,7.142099857330322,12.69989013671875,0.3208329975605011,65.5078353881836,4.890127182006836,1049.3399658203125
1998-03-02,1758.5400390625,7.074337005615234,12.407832145690918,0.31770798563957214,64.50730895996094,4.949522495269775,1047.699951171875
1998-03-03,1757.1400146484375,6.993023872375488,12.0803804397583,0.2989580035209656,65.08655548095703,5.114506721496582,1052.02001953125
1998-03-04,1759.699951171875,7.074337005615234,12.2396821975708,0.3059900104999542,64.29670715332031,5.114506721496582,1047.3299560546875
1998-03-05,1711.9200439453125,6.708423137664795,10.699760437011719,0.3125,64.60330963134766,5.160702228546143,1035.050048828125
1998-03-06,1753.489990234375,6.979470729827881,11.062614440917969,0.3197920024394989,66.18929290771484,5.299288272857666,1055.68994140625
1998-03-09,1725.1600341796875,6.637274742126465,10.628954887390137,0.34791699051856995,66.40080261230469,5.4180779457092285,1052.31005859375
1998-03-10,1748.510009765625,6.654214859008789,10.690912246704102,0.3462890088558197,66.61225128173828,5.3850789070129395,1064.25
1998-03-11,1756.8499755859375,6.789735794067383,10.744012832641602,0.33177098631858826,66.8237075805664,5.378481388092041,1068.469970703125
1998-03-12,1764.06005859375,6.932037830352783,10.814810752868652,0.3270829916000366,66.9823226928711,5.4180779457092285,1069.9200439453125
1998-03-13,1771.6600341796875,6.99979829788208,10.850217819213867,0.32786500453948975,66.24221801757812,5.4246745109558105,1068.6099853515625
1998-03-16,1788.1800537109375,6.979470729827881,11.000673294067383,0.3291670083999634,67.14093780517578,5.437874794006348,1079.27001953125
1998-03-17,1779.300048828125,6.99979829788208,10.867912292480469,0.33281299471855164,67.66959381103516,5.431276321411133,1080.449951171875
1998-03-18,1788.280029296875,6.891378879547119,10.903316497802734,0.3554689884185791,67.40525817871094,5.366819858551025,1085.52001953125
1998-03-19,1799.97998046875,6.972692966461182,10.947569847106934,0.3499999940395355,67.72244262695312,5.3271636962890625,1089.739990234375
1998-03-20,1789.1600341796875,6.898156642913818,10.726312637329102,0.3499999940395355,69.04415893554688,5.294116973876953,1099.1600341796875
1998-03-23,1792.510009765625,7.020127773284912,10.628954887390137,0.3492189943790436,68.03962707519531,5.254457950592041,1095.550048828125
1998-03-24,1812.43994140625,7.352162837982178,10.5404634475708,0.3510420024394989,69.89002990722656,5.340382099151611,1105.6500244140625
1998-03-25,1824.510009765625,7.541891574859619,10.770565032958984,0.3403649926185608,69.36128997802734,5.247851371765137,1101.9300537109375
1998-03-26,1828.5400390625,7.521566867828369,11.071470260620117,0.3447920083999634,69.73140716552734,5.261069297790527,1100.800048828125
1998-03-27,1823.6199951171875,7.521566867828369,11.168817520141602,0.35416701436042786,70.63016510009766,5.280895709991455,1095.43994140625
1998-03-30,1818.699951171875,7.311503887176514,10.956422805786133,0.3578130006790161,72.16327667236328,5.333773136138916,1093.5999755859375
1998-03-31,1835.6800537109375,7.41314697265625,11.0537691116333,0.35637998580932617,72.90342712402344,5.373429298400879,1101.75
1998-04-01,1847.6600341796875,7.51478910446167,10.97411823272705,0.3755210041999817,73.1148910522461,5.446132183074951,1108.1500244140625
1998-04-02,1852.9599609375,7.616431713104248,10.814810752868652,0.3960939943790436,74.22505950927734,5.373429298400879,1120.010009765625
1998-04-03,1855.4000244140625,7.663867473602295,10.867912292480469,0.38749998807907104,73.90788269042969,5.446132183074951,1122.699951171875
1998-04-06,1829.1400146484375,7.480910301208496,10.460811614990234,0.36927101016044617,73.43206787109375,5.247851371765137,1121.3800048828125
1998-04-07,1798.7099609375,7.480910301208496,10.28381061553955,0.3583329916000366,73.69641876220703,5.366819858551025,1109.550048828125
1998-04-08,1807.010009765625,7.399593353271484,10.274958610534668,0.36927101016044617,72.85053253173828,5.287509441375732,1101.6500244140625
1998-04-09,1820.239990234375,7.264070987701416,10.443106651306152,0.3968749940395355,73.1677474975586,5.373429298400879,1110.6700439453125
1998-04-13,1824.949951171875,7.2098612785339355,10.797123908996582,0.392969012260437,73.43206787109375,5.413088798522949,1109.68994140625
1998-04-14,1843.030029296875,7.338608264923096,10.761717796325684,0.40494799613952637,73.27349090576172,5.631197452545166,1115.75
1998-04-15,1863.260009765625,7.663867473602295,10.602413177490234,0.40052101016044617,73.22059631347656,5.697290420532227,1119.3199462890625
1998-04-16,1858.239990234375,7.609660625457764,10.531615257263184,0.41041699051856995,72.4276123046875,5.558493614196777,1108.1700439453125
1998-04-17,1866.5999755859375,7.6367621421813965,10.646665573120117,0.39531299471855164,73.80213928222656,5.631197452545166,1122.719970703125
1998-04-20,1887.1400146484375,7.833270072937012,10.832518577575684,0.3927080035209656,72.85053253173828,5.52544641494751,1123.6500244140625
1998-04-21,1903.8699951171875,8.009450912475586,11.177669525146484,0.3877600133419037,72.79766082763672,5.532052516937256,1126.6700439453125
1998-04-22,1917.6099853515625,7.982345104217529,11.903379440307617,0.36354199051856995,72.05753326416016,5.532052516937256,1130.5400390625
1998-04-23,1881.3900146484375,7.772284507751465,11.788320541381836,0.3375000059604645,71.42314147949219,5.432913303375244,1119.5799560546875
1998-04-24,1868.9599609375,7.799386501312256,11.620177268981934,0.35364601016044617,70.94733428955078,5.3139472007751465,1107.9000244140625
1998-04-27,1820.31005859375,7.6367621421813965,11.328123092651367,0.3447920083999634,69.73140716552734,5.241243839263916,1086.5400390625
1998-04-28,1831.77001953125,7.684194564819336,11.230766296386719,0.3984380066394806,68.6211929321289,5.194976806640625,1085.1099853515625
1998-04-29,1851.6400146484375,7.8061652183532715,11.350114822387695,0.3979170024394989,69.62568664550781,5.214804172515869,1094.6199951171875
1998-04-30,1868.4100341796875,7.941686153411865,11.447503089904785,0.3822920024394989,72.05753326416016,5.346991062164307,1111.75
1998-05-01,1873.43994140625,7.982345104217529,11.633427619934082,0.39375001192092896,71.89895629882812,5.353602409362793,1121.0
1998-05-04,1878.8599853515625,8.12464427947998,11.615715026855469,0.3968749940395355,71.37029266357422,5.380037784576416,1122.0699462890625
1998-05-05,1864.9100341796875,7.982345104217529,11.598014831542969,0.3904950022697449,70.47154998779297,5.340382099151611,1115.5
1998-05-06,1856.6800537109375,8.239843368530273,11.527181625366211,0.37656301259994507,70.26004028320312,5.280895709991455,1104.9200439453125
1998-05-07,1835.1400146484375,8.172079086303711,11.474066734313965,0.37916699051856995,69.2555923461914,5.353602409362793,1095.1400146484375
1998-05-08,1864.3699951171875,8.212735176086426,11.907879829406738,0.38489601016044617,70.36579132080078,5.340382099151611,1108.1400146484375
1998-05-11,1848.0699462890625,8.104318618774414,11.686546325683594,0.36197900772094727,70.36579132080078,5.406475067138672,1106.6400146484375
1998-05-12,1860.1600341796875,8.280498504638672,11.978704452514648,0.38072898983955383,70.57727813720703,5.578319549560547,1115.7900390625
1998-05-13,1866.1800537109375,8.239843368530273,12.014120101928711,0.38697901368141174,71.58174133300781,5.723723888397217,1118.8599853515625
1998-05-14,1865.3599853515625,8.24661636352539,11.978704452514648,0.3815099895000458,71.15882873535156,5.7303361892700195,1117.3699951171875
1998-05-15,1846.77001953125,8.280498504638672,11.37667179107666,0.3734380006790161,69.89002990722656,5.717116355895996,1108.72998046875
1998-05-18,1831.6199951171875,8.429574012756348,11.24387264251709,0.36692699790000916,69.78425598144531,5.75016450881958,1105.8199462890625
1998-05-19,1845.8699951171875,8.715868949890137,11.270435333251953,0.37656301259994507,70.10145568847656,5.743556022644043,1109.52001953125
1998-05-20,1831.75,8.524441719055176,10.907440185546875,0.36927101016044617,72.48046112060547,5.803037643432617,1119.06005859375
1998-05-21,1820.989990234375,8.429574012756348,10.500184059143066,0.36979201436042786,72.69194030761719,5.895571708679199,1114.6400146484375
1998-05-22,1805.0,8.334709167480469,10.526744842529297,0.3583329916000366,71.89895629882812,5.86913537979126,1110.469970703125
1998-05-26,1778.0899658203125,8.239843368530273,10.579863548278809,0.34114599227905273,70.04859924316406,5.684070110321045,1094.02001953125
1998-05-27,1781.0999755859375,8.436347961425781,10.526744842529297,0.36093801259994507,70.84159088134766,5.75016450881958,1092.22998046875
1998-05-28,1794.6199951171875,8.402467727661133,10.411646842956543,0.35807299613952637,71.37029266357422,5.862522602081299,1097.5999755859375
1998-05-29,1778.8699951171875,8.199182510375977,10.119483947753906,0.3671880066394806,70.52442169189453,5.8294782638549805,1090.8199462890625
1998-06-01,1746.8199462890625,7.975569725036621,9.632546424865723,0.35677099227905273,70.10145568847656,5.974884510040283,1090.97998046875
1998-06-02,1761.7900390625,8.287272453308105,9.80961799621582,0.36406299471855164,69.9957275390625,6.021149158477783,1093.219970703125
1998-06-03,1742.31005859375,8.090767860412598,9.340385437011719,0.3520829975605011,68.77981567382812,5.9220099449157715,1082.72998046875
1998-06-04,1769.949951171875,8.334709167480469,9.659104347229004,0.3656249940395355,70.57727813720703,5.988102436065674,1094.8299560546875
1998-06-05,1782.9200439453125,8.395691871643066,9.889296531677246,0.3687500059604645,71.68748474121094,6.113677501678467,1113.8599853515625
1998-06-08,1787.77001953125,8.402467727661133,9.81847095489502,0.38541701436042786,71.42314147949219,6.133507251739502,1115.719970703125
1998-06-09,1800.760009765625,8.619308471679688,9.942413330078125,0.42708298563957214,71.7403564453125,6.140120983123779,1118.4100341796875
1998-06-10,1773.25,8.57865047454834,9.712228775024414,0.4510419964790344,72.11035919189453,6.265697479248047,1112.280029296875
1998-06-11,1749.75,8.571876525878906,9.712228775024414,0.5208330154418945,71.21168518066406,6.239257335662842,1094.5799560546875
1998-06-12,1745.050048828125,8.57865047454834,9.6945161819458,0.5083330273628235,72.11035919189453,6.219429969787598,1098.8399658203125
1998-06-15,1715.75,8.483787536621094,9.473180770874023,0.5479170083999634,70.94733428955078,5.981494426727295,1077.010009765625
1998-06-16,1753.1199951171875,8.666741371154785,9.889296531677246,0.6135420203208923,72.11035919189453,6.067416191101074,1087.5899658203125
1998-06-17,1776.4000244140625,8.748056411743164,9.80961799621582,0.6583330035209656,74.06647491455078,6.1881866455078125,1107.1099853515625
1998-06-18,1772.699951171875,8.903907775878906,9.871585845947266,0.6010419726371765,74.38370513916016,6.141857147216797,1106.3699951171875
1998-06-19,1781.2900390625,9.012328147888184,9.915854454040527,0.6317710280418396,73.5906753540039,6.12862491607666,1100.6500244140625
1998-06-22,1805.8199462890625,9.174958229064941,10.464771270751953,0.6781250238418579,72.85053253173828,6.069055080413818,1103.2099609375
1998-06-23,1844.5699462890625,9.41889762878418,10.6595458984375,0.7723960280418396,74.54229736328125,6.267603874206543,1119.489990234375
1998-06-24,1877.760009765625,9.52054214477539,10.960564613342285,0.8317710161209106,75.96967315673828,6.366884708404541,1132.8800048828125
1998-06-25,1863.25,9.439226150512695,10.712665557861328,0.8255209922790527,75.91682434082031,6.353648662567139,1129.280029296875
1998-06-26,1869.530029296875,9.744156837463379,10.818907737731934,0.7854170203208923,76.18116760253906,6.320556640625,1133.199951171875
1998-06-29,1891.0799560546875,9.95421314239502,10.739224433898926,0.8229169845581055,76.86844635009766,6.572052478790283,1138.489990234375
1998-06-30,1894.739990234375,9.981321334838867,10.500184059143066,0.831250011920929,76.86844635009766,6.433068752288818,1133.8399658203125
1998-07-01,1914.4599609375,10.252370834350586,10.65069580078125,0.9510419964790344,77.13274383544922,6.406593322753906,1148.56005859375
1998-07-02,1894.0,10.042306900024414,10.376236915588379,1.0333329439163208,76.9212646484375,6.426448822021484,1146.4200439453125
1998-07-06,1909.469970703125,10.082962036132812,10.409432411193848,1.162500023841858,77.97152709960938,6.486013889312744,1157.3299560546875
1998-07-07,1908.1099853515625,10.05585765838623,10.641839981079102,1.0177079439163208,78.60807037353516,6.472776889801025,1154.6600341796875
1998-07-08,1935.3900146484375,10.218488693237305,11.09337043762207,0.8927080035209656,79.1915054321289,6.651474952697754,1166.3800048828125
1998-07-09,1939.8199462890625,10.076186180114746,11.2969970703125,0.8791670203208923,79.88102722167969,6.684568881988525,1158.56005859375
1998-07-10,1943.0400390625,10.076186180114746,11.2969970703125,0.8291670083999634,79.61580657958984,6.797080993652344,1164.3299560546875
1998-07-13,1965.530029296875,10.218488693237305,11.668835639953613,0.8968750238418579,79.40365600585938,6.783837795257568,1165.18994140625
1998-07-14,1968.4100341796875,10.286245346069336,11.42979621887207,0.9583330154418945,80.6766586303711,7.028722763061523,1177.5799560546875
1998-07-15,1994.5400390625,10.360784530639648,11.934438705444336,0.9375,79.8280029296875,6.975774765014648,1174.81005859375
1998-07-16,2000.56005859375,10.381114959716797,11.934438705444336,0.9447919726371765,81.26014709472656,7.280220031738281,1183.989990234375
1998-07-17,2008.760009765625,10.81479263305664,11.775076866149902,0.9984380006790161,82.05572509765625,7.306694030761719,1186.75
1998-07-20,2014.25,11.187482833862305,11.580304145812988,1.1458330154418945,81.04795837402344,7.286836624145508,1184.0999755859375
1998-07-21,1979.1400146484375,10.726702690124512,11.562599182128906,1.1005209684371948,78.87325286865234,7.200800895690918,1165.0699462890625
1998-07-22,1969.75,10.679269790649414,11.668835639953613,1.1166670322418213,77.54723358154297,7.101521968841553,1164.0799560546875
1998-07-23,1935.219970703125,10.747025489807129,11.69540023803711,1.0635420083999634,76.3802719116211,6.724274635314941,1139.75
1998-07-24,1930.989990234375,10.597952842712402,11.766225814819336,1.0354169607162476,77.81245422363281,6.757369041442871,1140.800048828125
1998-07-27,1933.260009765625,10.570850372314453,12.191190719604492,1.046354055404663,78.07765197753906,6.763986110687256,1147.27001953125
1998-07-28,1896.530029296875,10.408218383789062,12.129216194152832,0.9911460280418396,77.06979370117188,6.717656135559082,1130.239990234375
1998-07-29,1881.489990234375,10.191384315490723,11.98755931854248,0.8984379768371582,75.95591735839844,6.446301460266113,1125.2099609375
1998-07-30,1919.5799560546875,10.679269790649414,12.412525177001953,0.9479169845581055,77.49413299560547,6.737514495849609,1142.949951171875
1998-07-31,1872.3900146484375,10.381114959716797,11.960999488830566,0.9239580035209656,75.90291595458984,6.684568881988525,1120.6700439453125
1998-08-03,1851.0999755859375,10.462428092956543,12.014120101928711,0.9020829796791077,75.95591735839844,6.525725364685059,1112.43994140625
1998-08-04,1785.6400146484375,10.096516609191895,11.60686206817627,0.9156249761581421,72.50820922851562,6.181568145751953,1072.1199951171875
1998-08-05,1788.199951171875,10.489533424377441,11.921093940734863,0.8848959803581238,73.62212371826172,6.459542751312256,1081.4300537109375
1998-08-06,1829.510009765625,10.77413272857666,12.328505516052246,0.9125000238418579,75.37249755859375,6.777224063873291,1089.6300048828125
1998-08-07,1846.77001953125,10.503087043762207,12.284220695495605,0.9666669964790344,74.78902435302734,6.658092498779297,1089.449951171875
1998-08-10,1839.2099609375,10.753804206848145,12.275367736816406,1.0135420560836792,74.5238265991211,6.677945137023926,1083.1400146484375
1998-08-11,1792.699951171875,10.625059127807617,11.983097076416016,1.0333329439163208,74.09945678710938,6.777224063873291,1068.97998046875
1998-08-12,1825.530029296875,10.68604564666748,12.133659362792969,1.0864579677581787,75.84984588623047,6.989011287689209,1084.219970703125
1998-08-13,1802.5400390625,10.482759475708008,12.080520629882812,1.0625,74.57687377929688,6.810314655303955,1074.9100341796875
1998-08-14,1790.18994140625,10.455656051635742,12.21336841583252,1.0229170322418213,74.20552825927734,6.605146884918213,1062.75
1998-08-17,1818.0400390625,10.6386079788208,12.691629409790039,0.9973959922790527,75.79682922363281,6.651474952697754,1083.6700439453125
1998-08-18,1855.1199951171875,10.862227439880371,12.95733642578125,1.0723960399627686,77.01677703857422,6.803694725036621,1101.199951171875
1998-08-19,1842.68994140625,10.977420806884766,12.691629409790039,1.0729169845581055,77.44109344482422,6.777224063873291,1098.06005859375
1998-08-20,1832.449951171875,11.126495361328125,12.18679428100586,1.0760420560836792,76.75154113769531,6.856648921966553,1091.5999755859375
1998-08-21,1797.6099853515625,11.14004898071289,12.036239624023438,1.0807290077209473,76.0620346069336,6.902976989746094,1081.239990234375
1998-08-24,1790.8199462890625,11.16715145111084,11.991954803466797,1.1229170560836792,76.16810607910156,7.1213765144348145,1088.1400146484375
1998-08-25,1798.1700439453125,11.268798828125,11.963168144226074,1.0968749523162842,76.64546966552734,7.253747940063477,1092.8499755859375
1998-08-26,1768.1300048828125,11.234917640686035,11.761678695678711,1.0604170560836792,76.75154113769531,7.313314437866211,1084.18994140625
1998-08-27,1686.4100341796875,10.747025489807129,11.301131248474121,0.9916669726371765,73.46295166015625,7.187561511993408,1042.5899658203125
1998-08-28,1639.6800537109375,10.265918731689453,10.9114351272583,0.8824219703674316,72.87950134277344,6.922831058502197,1027.1400146484375
1998-08-31,1499.25,8.876799583435059,10.087764739990234,0.6979169845581055,67.89356994628906,6.247750282287598,957.280029296875
1998-09-01,1575.0899658203125,9.757706642150879,10.769728660583496,0.6662759780883789,70.17436218261719,6.538960933685303,994.260009765625
1998-09-02,1592.8499755859375,9.93388557434082,10.610309600830078,0.7322919964790344,68.21182250976562,6.3470258712768555,990.47998046875
1998-09-03,1571.8599853515625,9.825468063354492,10.87601089477539,0.715624988079071,65.98406982421875,6.366884708404541,982.260009765625
1998-09-04,1566.52001953125,9.676393508911133,11.088569641113281,0.71875,64.39281463623047,6.194806098937988,973.8900146484375
1998-09-08,1660.8599853515625,10.259143829345703,11.606695175170898,0.768750011920929,69.48483276367188,6.6448564529418945,1023.4600219726562
1998-09-09,1624.550048828125,9.845797538757324,11.513689994812012,0.7041670083999634,68.05268096923828,6.466156482696533,1006.2000122070312
1998-09-10,1585.3299560546875,9.588299751281738,11.203706741333008,0.6635419726371765,65.40058898925781,6.1881866455078125,980.1900024414062
1998-09-11,1641.6400146484375,10.05585765838623,12.036239624023438,0.6338539719581604,67.257080078125,6.419834613800049,1009.0599975585938
1998-09-14,1665.68994140625,10.157503128051758,12.16022777557373,0.614063024520874,67.15097045898438,6.479393482208252,1029.719970703125
1998-09-15,1678.1099853515625,10.475983619689941,12.17794132232666,0.6083329916000366,66.24928283691406,6.618379592895508,1037.6800537109375
1998-09-16,1689.9100341796875,10.509861946105957,12.053946495056152,0.7041670083999634,67.78750610351562,6.67303991317749,1045.47998046875
1998-09-17,1646.25,10.0016508102417,11.761678695678711,0.6416670083999634,66.40840148925781,6.454356670379639,1018.8699951171875
1998-09-18,1663.77001953125,9.930498123168945,11.761678695678711,0.6640629768371582,66.09014129638672,6.421227931976318,1020.0900268554688
1998-09-21,1680.4300537109375,10.123619079589844,11.991954803466797,0.7124999761581421,67.257080078125,6.4344801902771,1023.8900146484375
1998-09-22,1697.800048828125,10.225264549255371,11.841391563415527,0.7348960041999817,67.78750610351562,6.613400459289551,1029.6300048828125
1998-09-23,1760.27001953125,10.77413272857666,12.337362289428711,0.8760420083999634,71.34133911132812,6.838703155517578,1066.0899658203125
1998-09-24,1720.3399658203125,10.560685157775879,12.089380264282227,0.8510419726371765,69.37874603271484,6.659786224365234,1042.719970703125
1998-09-25,1743.5899658203125,10.804628372192383,12.514496803283691,0.9104170203208923,70.49264526367188,6.56701135635376,1044.75
1998-09-28,1739.219970703125,10.77413272857666,12.328505516052246,0.9635419845581055,71.17401885986328,6.513997554779053,1048.68994140625
1998-09-29,1734.050048828125,10.509861946105957,12.54106616973877,0.9427080154418945,70.58846282958984,6.162785053253174,1049.02001953125
1998-09-30,1693.8399658203125,10.052469253540039,12.15137767791748,0.9302080273628235,67.76703643798828,5.791694641113281,1017.010009765625
1998-10-01,1612.3299560546875,9.310478210449219,11.823675155639648,0.8552079796791077,64.36006927490234,5.632655143737793,986.3900146484375
1998-10-02,1614.97998046875,9.066535949707031,11.885673522949219,0.918749988079071,64.20034790039062,5.877839088439941,1002.5999755859375
1998-10-05,1536.68994140625,7.856985092163086,11.416269302368164,0.8725259900093079,62.17745590209961,6.070010662078857,988.5599975585938
1998-10-06,1510.8900146484375,7.511401176452637,11.283421516418457,0.9026039838790894,62.816253662109375,6.308571815490723,984.5900268554688
1998-10-07,1462.6099853515625,7.135324954986572,11.203706741333008,0.7786459922790527,63.880958557128906,6.229053974151611,970.6799926757812
1998-10-08,1419.1199951171875,7.592715263366699,11.115140914916992,0.7182289958000183,60.95307540893555,6.0236287117004395,959.4400024414062
1998-10-09,1492.489990234375,8.141586303710938,11.876818656921387,0.7598959803581238,61.751590728759766,6.268815040588379,984.3900146484375
1998-10-12,1546.0799560546875,8.517666816711426,12.107090950012207,0.7765629887580872,63.08245086669922,6.447732448577881,997.7100219726562
1998-10-13,1509.449951171875,8.243229866027832,11.841391563415527,0.7614579796791077,64.83916473388672,6.354957103729248,994.7999877929688
1998-10-14,1540.969970703125,8.477006912231445,11.699681282043457,0.7791669964790344,66.11678314208984,6.480865001678467,1005.530029296875
1998-10-15,1611.010009765625,9.25965690612793,11.983097076416016,0.8088539838790894,69.84317016601562,6.851959228515625,1047.489990234375
1998-10-16,1620.949951171875,9.005552291870117,11.867958068847656,0.8286460041999817,71.38695526123047,7.064009666442871,1056.4200439453125
1998-10-19,1648.72998046875,9.147849082946777,12.04509449005127,0.8812500238418579,71.01433563232422,7.289317607879639,1062.3900146484375
1998-10-20,1639.18994140625,8.802263259887695,11.983097076416016,0.8895829916000366,70.0561294555664,6.951356887817383,1063.9300537109375
1998-10-21,1674.75,9.371466636657715,12.337362289428711,0.9166669845581055,71.44022369384766,6.885093688964844,1069.9200439453125
1998-10-22,1702.6400146484375,9.503597259521484,12.381650924682617,0.9557290077209473,73.67603302001953,7.08389139175415,1078.47998046875
1998-10-23,1693.8599853515625,9.544255256652832,12.363933563232422,0.9677079916000366,73.72926330566406,7.209798336029053,1070.6700439453125
1998-10-26,1724.97998046875,9.981321334838867,12.60306167602539,1.0119789838790894,73.14371490478516,6.931480407714844,1072.3199462890625
1998-10-27,1717.6300048828125,9.879679679870605,12.372790336608887,0.9692710041999817,72.82426452636719,6.706170082092285,1065.3399658203125
1998-10-28,1737.3499755859375,10.225264549255371,12.64292049407959,0.9755210280418396,72.34516906738281,6.871838092803955,1068.0899658203125
1998-10-29,1757.18994140625,10.194768905639648,12.718205451965332,1.0541670322418213,73.94221496582031,7.150160789489746,1085.9300537109375
1998-10-30,1771.3900146484375,10.245591163635254,12.638484954833984,1.0536459684371948,74.52776336669922,7.322452068328857,1098.6700439453125
1998-11-02,1800.9100341796875,10.520030975341797,13.010478019714355,1.0916670560836792,74.42131042480469,7.295942783355713,1111.5999755859375
1998-11-03,1788.4300537109375,10.3065767288208,12.815622329711914,1.0505210161209106,75.3795166015625,7.090517997741699,1110.8399658203125
1998-11-04,1823.5699462890625,10.662327766418457,13.441539764404297,1.0817710161209106,75.59246826171875,7.2164225578308105,1118.6700439453125
1998-11-05,1837.0999755859375,11.028238296508789,13.326349258422852,1.0708329677581787,77.34916687011719,7.448357582092285,1133.8499755859375
1998-11-06,1856.56005859375,10.967254638671875,13.530142784118652,1.0380209684371948,76.9765625,7.574262619018555,1141.010009765625
1998-11-09,1861.050048828125,10.896106719970703,13.609883308410645,1.0572919845581055,75.59246826171875,7.481490135192871,1130.199951171875
1998-11-10,1865.6199951171875,10.896106719970703,13.831406593322754,1.0979169607162476,75.85862731933594,7.441729545593262,1128.260009765625
1998-11-11,1862.1099853515625,10.743643760681152,14.699748992919922,1.0552079677581787,74.2616195678711,7.3953447341918945,1120.969970703125
1998-11-12,1851.06005859375,10.601343154907227,14.557975769042969,1.0916670560836792,73.78248596191406,7.289317607879639,1117.68994140625
1998-11-13,1847.989990234375,10.520030975341797,14.708608627319336,1.0645829439163208,75.11332702636719,7.388718605041504,1125.719970703125
1998-11-16,1861.6800537109375,10.885941505432129,15.15163516998291,1.0520830154418945,77.02978515625,7.5345025062561035,1135.8699951171875
1998-11-17,1878.52001953125,11.180706977844238,15.382011413574219,1.2374999523162842,76.65715026855469,7.594144344329834,1139.3199462890625
1998-11-18,1897.43994140625,11.851548194885254,15.576946258544922,1.3666670322418213,78.14765930175781,7.779691696166992,1144.47998046875
1998-11-19,1919.6800537109375,11.922698974609375,16.002248764038086,1.2770830392837524,78.8397445678711,7.739929676055908,1152.6099853515625
1998-11-20,1928.2099609375,12.136147499084473,15.887064933776855,1.5052080154418945,78.94622039794922,7.8194499015808105,1163.550048828125
1998-11-23,1977.4200439453125,12.39025592803955,16.099716186523438,1.8166669607162476,80.59648132324219,7.945355415344238,1188.2099609375
1998-11-24,1965.8800048828125,12.39025592803955,15.656691551208496,1.787500023841858,80.27706909179688,7.925478458404541,1182.989990234375
1998-11-25,1985.2099609375,12.532552719116211,15.55922794342041,1.7526040077209473,79.37206268310547,8.031501770019531,1186.8699951171875
1998-11-27,2016.43994140625,13.010273933410645,15.594667434692383,1.8052079677581787,78.62680053710938,8.117650032043457,1192.3299560546875
1998-11-30,1949.5400390625,12.258118629455566,15.257957458496094,1.600000023841858,76.9765625,7.985113620758057,1163.6300048828125
1998-12-01,2003.75,12.969618797302246,16.303512573242188,1.7458330392837524,77.61534118652344,7.938729763031006,1175.280029296875
1998-12-02,1995.2099609375,12.725674629211426,16.099716186523438,1.662500023841858,77.45563507080078,7.852582931518555,1171.25
1998-12-03,1954.3299560546875,12.39025592803955,15.523783683776855,1.5791670083999634,75.00687408447266,7.58089017868042,1150.1400146484375
1998-12-04,2003.1600341796875,12.725674629211426,16.489582061767578,1.5708329677581787,76.76362609863281,7.759807586669922,1176.739990234375
1998-12-07,2040.6400146484375,13.04076862335205,16.861736297607422,1.5916670560836792,77.34916687011719,7.912225723266602,1187.699951171875
1998-12-08,2034.75,12.979785919189453,17.02121925354004,1.7005209922790527,77.02978515625,8.058006286621094,1181.3800048828125
1998-12-09,2050.419921875,13.132250785827637,16.89717674255371,1.8020830154418945,76.65715026855469,8.14588737487793,1183.489990234375
1998-12-10,2015.9599609375,13.20339298248291,16.250349044799805,1.7760419845581055,75.32624816894531,8.039752960205078,1165.02001953125
1998-12-11,2029.31005859375,13.579471588134766,16.507312774658203,1.8583329916000366,75.85862731933594,8.099458694458008,1166.4599609375
1998-12-14,1966.9200439453125,13.071260452270508,15.816178321838379,1.8520829677581787,73.94221496582031,7.940250396728516,1141.199951171875
1998-12-15,2012.5999755859375,13.620128631591797,16.436418533325195,2.0229170322418213,79.3188247680664,8.152523040771484,1162.8299560546875
1998-12-16,2009.3599853515625,13.447338104248047,16.179466247558594,2.4083330631256104,78.36064147949219,8.033121109008789,1161.93994140625
1998-12-17,2043.8800048828125,13.80308723449707,16.5693302154541,2.3062500953674316,80.33027648925781,8.07955551147461,1179.97998046875
1998-12-18,2086.139892578125,14.707715034484863,17.012365341186523,2.3890628814697266,82.51287841796875,8.252021789550781,1188.030029296875
1998-12-21,2138.030029296875,15.398881912231445,17.393375396728516,2.65625,83.79051971435547,8.344891548156738,1202.8399658203125
1998-12-22,2120.97998046875,15.25657844543457,16.879451751708984,2.686458110809326,84.37608337402344,8.311721801757812,1203.5699462890625
1998-12-23,2172.5400390625,15.693652153015137,17.72120475769043,2.7083330154418945,86.3457260131836,8.643401145935059,1228.5400390625
1998-12-24,2163.0400390625,15.317566871643066,17.72120475769043,2.706770896911621,85.97307586669922,8.610231399536133,1226.27001953125
1998-12-28,2180.300048828125,15.317566871643066,17.313613891601562,2.9328129291534424,86.61190795898438,8.477564811706543,1225.489990234375
1998-12-29,2181.77001953125,15.205763816833496,17.162988662719727,2.769270896911621,88.24650573730469,8.696465492248535,1241.81005859375
1998-12-30,2166.949951171875,15.07361888885498,16.89717674255371,2.6770830154418945,87.4452133178711,8.570428848266602,1231.9300537109375
1998-12-31,2192.68994140625,15.093951225280762,16.80856704711914,2.6770830154418945,87.17813873291016,8.643401145935059,1229.22998046875
1999-01-04,2208.050048828125,15.50052547454834,17.12755584716797,2.957813024520874,85.94951629638672,8.557159423828125,1228.0999755859375
1999-01-05,2251.27001953125,15.764792442321777,17.473108291625977,3.112499952316284,87.7657699584961,8.623499870300293,1244.780029296875
1999-01-06,2320.860107421875,16.222185134887695,18.359172821044922,3.450000047683716,89.47512817382812,8.769429206848145,1272.3399658203125
1999-01-07,2326.090087890625,16.852375030517578,18.323734283447266,3.971874952316284,87.97946166992188,8.928641319274902,1269.72998046875
1999-01-08,2344.409912109375,17.350421905517578,18.385751724243164,4.006249904632568,87.4986343383789,8.862303733825684,1275.0899658203125
1999-01-11,2384.590087890625,17.025165557861328,19.81231117248535,4.615624904632568,85.20171356201172,8.663300514221191,1263.8800048828125
1999-01-12,2320.75,15.957916259765625,19.218656539916992,4.084374904632568,83.54573822021484,8.530633926391602,1239.510009765625
1999-01-13,2316.81005859375,15.592001914978027,19.705978393554688,3.700000047683716,82.53076934814453,8.557159423828125,1234.4000244140625
1999-01-14,2276.820068359375,15.673319816589355,18.961706161499023,3.450000047683716,82.9581069946289,8.464296340942383,1212.18994140625
1999-01-15,2348.199951171875,16.537281036376953,19.19207000732422,3.5093750953674316,86.1098403930664,8.5040922164917,1243.260009765625
1999-01-19,2408.169921875,17.29960060119629,19.759143829345703,3.4953129291534424,86.6973876953125,8.497461318969727,1252.0
1999-01-20,2415.489990234375,17.258943557739258,19.599660873413086,2.825000047683716,85.7892837524414,8.517363548278809,1256.6199951171875
1999-01-21,2344.719970703125,16.476293563842773,18.926250457763672,2.6500000953674316,84.88115692138672,8.391329765319824,1235.1600341796875
1999-01-22,2338.8798828125,16.720237731933594,18.270559310913086,3.075000047683716,83.6525650024414,8.703100204467773,1225.18994140625
1999-01-25,2369.31005859375,16.821882247924805,18.518667221069336,2.809375047683716,85.89613342285156,8.703100204467773,1233.97998046875
1999-01-26,2433.409912109375,17.421573638916016,19.41358184814453,2.8773438930511475,87.17813873291016,8.868936538696289,1252.31005859375
1999-01-27,2407.139892578125,16.821882247924805,18.819921493530273,3.140625,86.75077056884766,9.041409492492676,1243.1700439453125
1999-01-28,2477.340087890625,17.7061710357666,19.44902229309082,3.0718750953674316,88.4067611694336,9.034772872924805,1265.3699951171875
1999-01-29,2505.889892578125,18.143238067626953,19.980663299560547,2.92343807220459,89.63539123535156,9.127640724182129,1279.6400146484375
1999-02-01,2510.090087890625,18.7022705078125,19.546491622924805,2.8968749046325684,87.33843231201172,8.968435287475586,1273.0
1999-02-02,2463.419921875,18.277912139892578,19.085737228393555,2.7562499046325684,87.17813873291016,8.875568389892578,1261.989990234375
1999-02-03,2493.409912109375,18.072084426879883,19.67045021057129,3.143749952316284,87.92597961425781,9.101106643676758,1272.0699462890625
1999-02-04,2410.070068359375,17.11664581298828,18.456005096435547,2.950000047683716,85.57560729980469,8.888835906982422,1248.489990234375
1999-02-05,2373.6201171875,16.466129302978516,18.09256362915039,2.8968749046325684,83.75939178466797,8.941902160644531,1239.4000244140625
1999-02-08,2404.919921875,16.577930450439453,18.721939086914062,2.7281250953674316,83.38546752929688,9.067940711975098,1243.77001953125
1999-02-09,2310.7900390625,15.602167129516602,17.77342987060547,2.5,82.05005645751953,8.716365814208984,1216.1400146484375
1999-02-10,2309.5,16.02906608581543,18.26984405517578,2.4359378814697266,83.70597839355469,8.590333938598633,1223.550048828125
1999-02-11,2405.550048828125,17.0556583404541,18.899232864379883,2.746875047683716,85.46876525878906,9.10773754119873,1254.0400390625
1999-02-12,2321.889892578125,16.110380172729492,17.941864013671875,2.612499952316284,83.43888092041016,8.955172538757324,1230.1300048828125
1999-02-16,2313.8701171875,16.110380172729492,17.92412757873535,2.465625047683716,84.61408233642578,9.293478012084961,1241.8699951171875
1999-02-17,2248.909912109375,15.470026969909668,17.675920486450195,2.3375000953674316,84.88115692138672,9.02813720703125,1224.030029296875
1999-02-18,2260.550048828125,15.642827987670898,18.172348022460938,2.237499952316284,86.0029296875,9.061306953430176,1237.280029296875
1999-02-19,2283.60009765625,15.795287132263184,18.163476943969727,2.546875,85.7892837524414,8.994975090026855,1239.219970703125
1999-02-22,2342.010009765625,16.598264694213867,18.837177276611328,2.6624999046325684,88.88750457763672,9.366443634033203,1272.1400146484375
1999-02-23,2376.35009765625,16.740562438964844,19.041061401367188,2.879688024520874,88.0328598022461,9.286845207214355,1271.1800537109375
1999-02-24,2339.3798828125,16.252687454223633,18.49146270751953,2.773437976837158,86.32344818115234,8.975068092346191,1253.4100341796875
1999-02-25,2326.820068359375,16.018901824951172,18.11914825439453,3.125,85.7892837524414,9.021506309509277,1245.02001953125
1999-02-26,2288.030029296875,15.90709400177002,17.011079788208008,3.203125,85.7358627319336,9.140907287597656,1238.3299560546875
1999-03-01,2295.179931640625,16.17136001586914,16.603313446044922,3.325000047683716,86.27001190185547,9.114368438720703,1236.1600341796875
1999-03-02,2259.030029296875,15.561515808105469,15.575010299682617,3.03281307220459,84.88115692138672,9.067940711975098,1225.5
1999-03-03,2265.199951171875,15.470026969909668,16.266456604003906,3.0875000953674316,84.40042877197266,9.273580551147461,1227.699951171875
1999-03-04,2292.889892578125,15.978241920471191,16.08030128479004,3.003124952316284,86.20164489746094,9.485845565795898,1246.6400146484375
1999-03-05,2337.110107421875,16.394981384277344,16.25759506225586,3.0374999046325684,88.9356460571289,9.897125244140625,1275.469970703125
1999-03-08,2397.6201171875,17.004837036132812,16.966760635375977,3.054687976837158,89.90058898925781,9.917023658752441,1282.72998046875
1999-03-09,2392.93994140625,17.12681007385254,16.3550968170166,3.2484378814697266,90.91913604736328,9.97672176361084,1279.8399658203125
1999-03-10,2406.0,16.974346160888672,16.57671546936035,3.4281249046325684,90.7046890258789,9.930289268493652,1286.8399658203125
1999-03-11,2412.25,17.15730094909668,16.754003524780273,3.371875047683716,91.83049011230469,10.1160306930542,1297.6800537109375
1999-03-12,2381.530029296875,16.791383743286133,16.77174949645996,3.332813024520874,92.09851837158203,10.228793144226074,1294.5899658203125
1999-03-15,2431.43994140625,17.075986862182617,16.71855926513672,3.473438024520874,94.45726776123047,10.268601417541504,1307.260009765625
1999-03-16,2439.27001953125,17.238616943359375,17.0731258392334,3.34531307220459,94.35005950927734,10.18898868560791,1306.3800048828125
1999-03-17,2428.969970703125,17.2487735748291,17.090866088867188,3.2750000953674316,93.00984191894531,10.239463806152344,1297.8199462890625
1999-03-18,2462.9599609375,17.380916595458984,17.277015686035156,3.460937976837158,94.35005950927734,10.432031631469727,1316.550048828125
1999-03-19,2421.27001953125,16.994672775268555,16.878114700317383,3.37656307220459,96.06552124023438,10.066810607910156,1299.2900390625
1999-03-22,2395.93994140625,16.710079193115234,16.328508377075195,3.299999952316284,94.67169189453125,9.914083480834961,1297.010009765625
1999-03-23,2322.840087890625,16.313657760620117,16.248733520507812,2.984375,91.40165710449219,9.615266799926758,1262.1400146484375
1999-03-24,2365.280029296875,16.984506607055664,16.91357421875,3.0921878814697266,91.56245422363281,9.455897331237793,1268.5899658203125
1999-03-25,2434.800048828125,17.47239875793457,16.7274169921875,3.496875047683716,93.0634994506836,9.761354446411133,1289.989990234375
1999-03-26,2419.169921875,17.10647201538086,16.550127029418945,3.476562976837158,92.47374725341797,9.728155136108398,1282.800048828125
1999-03-29,2492.840087890625,17.889129638671875,17.241559982299805,3.7406249046325684,96.06552124023438,10.09337329864502,1310.1700439453125
1999-03-30,2480.2900390625,17.878965377807617,17.241559982299805,4.117187976837158,97.19129943847656,10.09337329864502,1300.75
1999-03-31,2461.39990234375,17.81797981262207,16.860374450683594,4.304687976837158,94.88615417480469,9.794554710388184,1286.3699951171875
1999-04-01,2493.3701171875,17.878965377807617,17.1440486907959,4.275000095367432,95.7438735961914,9.907445907592773,1293.719970703125
1999-04-05,2560.06005859375,18.61079216003418,18.08369255065918,4.662499904632568,98.31702423095703,10.13321590423584,1321.1199951171875
1999-04-06,2563.169921875,18.74293327331543,18.500320434570312,4.571875095367432,97.19129943847656,10.166420936584473,1317.8900146484375
1999-04-07,2544.429931640625,19.312124252319336,18.739662170410156,4.395312786102295,98.20982360839844,10.358986854553223,1326.8900146484375
1999-04-08,2573.389892578125,19.129173278808594,18.588972091674805,4.474999904632568,97.67373657226562,10.863656997680664,1343.97998046875
1999-04-09,2593.050048828125,19.21048927307129,18.553518295288086,4.571875095367432,96.22634887695312,10.916780471801758,1348.3499755859375
1999-04-12,2598.81005859375,19.149499893188477,17.37452507019043,4.61093807220459,99.92530822753906,11.14255428314209,1358.6300048828125
1999-04-13,2583.5,18.559968948364258,17.16177749633789,4.459374904632568,100.30058288574219,11.109354019165039,1349.8199462890625
1999-04-14,2507.280029296875,18.011104583740234,16.168956756591797,4.199999809265137,97.83458709716797,10.478514671325684,1328.43994140625
1999-04-15,2521.77001953125,17.93994903564453,16.57671546936035,4.181250095367432,96.49434661865234,10.385551452636719,1322.8499755859375
1999-04-16,2484.0400390625,17.187795639038086,16.2398624420166,4.75,95.42222595214844,10.09337329864502,1319.0
1999-04-19,2345.610107421875,16.262845993041992,15.743453025817871,3.973438024520874,89.84699249267578,9.535584449768066,1289.47998046875
1999-04-20,2409.639892578125,16.51695442199707,16.04484748840332,4.300000190734863,93.76036071777344,10.146499633789062,1306.1700439453125
1999-04-21,2489.080078125,17.553712844848633,16.57671546936035,4.481249809265137,97.40576171875,10.358986854553223,1336.1199951171875
1999-04-22,2561.610107421875,18.407503128051758,17.445444107055664,4.75156307220459,97.13764953613281,10.637885093688965,1358.8199462890625
1999-04-23,2590.68994140625,19.088510513305664,17.516357421875,5.253125190734863,96.81603240966797,10.823816299438477,1356.8499755859375
1999-04-26,2652.050048828125,19.129173278808594,18.278705596923828,5.179687976837158,97.35218048095703,10.823816299438477,1360.0400390625
1999-04-27,2602.409912109375,18.712434768676758,17.658201217651367,5.146874904632568,96.49434661865234,10.783973693847656,1362.800048828125
1999-04-28,2550.3701171875,18.173730850219727,17.35679817199707,4.837500095367432,95.63668823242188,10.45195484161377,1350.9100341796875
1999-04-29,2528.43994140625,17.756994247436523,17.250423431396484,4.206250190734863,92.31301879882812,9.960563659667969,1342.8299560546875
1999-04-30,2542.860107421875,18.549808502197266,17.35679817199707,4.301562786102295,90.3830795288086,9.77463436126709,1335.1800537109375
1999-05-03,2535.580078125,18.478654861450195,17.906396865844727,3.773437976837158,90.5975341796875,9.80119514465332,1354.6300048828125
1999-05-04,2485.1201171875,17.665515899658203,17.49863624572754,3.575000047683716,90.0078125,9.349653244018555,1332.0
1999-05-05,2534.449951171875,18.046672821044922,18.163440704345703,3.6624999046325684,93.49237060546875,9.575420379638672,1347.31005859375
1999-05-06,2472.280029296875,17.391077041625977,16.93954849243164,3.434375047683716,92.84904479980469,9.110593795776367,1332.050048828125
1999-05-07,2503.6201171875,17.64518928527832,17.294296264648438,3.409374952316284,94.29643249511719,9.509018898010254,1345.0
1999-05-10,2526.389892578125,17.76715850830078,17.20560646057129,3.671875,93.27787780761719,9.6019868850708,1340.300048828125
1999-05-11,2566.679931640625,18.194055557250977,17.684524536132812,3.7093749046325684,95.15419006347656,10.053529739379883,1355.6099853515625
1999-05-12,2606.5400390625,19.312124252319336,17.73773193359375,3.5734379291534424,94.51089477539062,9.894159317016602,1364.0
1999-05-13,2582.0,19.13933753967285,17.04596710205078,3.4000000953674316,93.76036071777344,9.987128257751465,1367.56005859375
1999-05-14,2527.860107421875,18.773418426513672,16.460615158081055,3.309375047683716,90.86552429199219,9.85431957244873,1337.800048828125
1999-05-17,2561.840087890625,18.936050415039062,16.868581771850586,3.440624952316284,91.1336441040039,9.708230972290039,1339.489990234375
1999-05-18,2558.360107421875,18.8953914642334,16.72669219970703,3.315624952316284,89.41809844970703,9.867606163024902,1333.3199462890625
1999-05-19,2577.39990234375,18.956377029418945,16.93954849243164,3.489063024520874,92.63462829589844,9.708230972290039,1344.22998046875
1999-05-20,2542.22998046875,18.6616153717041,16.37192726135254,3.270313024520874,91.29441833496094,9.455897331237793,1338.8299560546875
1999-05-21,2520.139892578125,18.41767120361328,16.176822662353516,3.2140629291534424,89.31089782714844,9.19028091430664,1330.2900390625
1999-05-24,2453.659912109375,17.787487030029297,15.875277519226074,2.9375,88.77481842041016,9.097318649291992,1306.6500244140625
1999-05-25,2380.89990234375,16.974346160888672,15.006119728088379,2.789062976837158,87.80984497070312,9.004347801208496,1284.4000244140625
1999-05-26,2427.179931640625,17.746829986572266,14.669109344482422,3.023437976837158,88.45318603515625,9.123881340026855,1304.760009765625
1999-05-27,2419.14990234375,17.563871383666992,15.077071189880371,2.864063024520874,86.36244201660156,8.738741874694824,1281.4100341796875
1999-05-28,2470.52001953125,17.726497650146484,15.34313678741455,2.96875,87.22016906738281,9.057472229003906,1301.8399658203125
1999-06-01,2412.030029296875,17.411407470703125,14.385313034057617,2.645313024520874,87.9707260131836,9.230125427246094,1294.260009765625
1999-06-02,2432.409912109375,17.909460067749023,14.740062713623047,2.8031249046325684,87.54183959960938,9.429337501525879,1294.81005859375
1999-06-03,2403.320068359375,17.696008682250977,14.3320951461792,2.62656307220459,88.23873901367188,9.668391227722168,1299.5400390625
1999-06-04,2478.340087890625,18.681941986083984,15.094813346862793,2.710937976837158,89.9542007446289,9.77463436126709,1327.75
1999-06-07,2524.2099609375,18.763254165649414,15.165763854980469,2.934375047683716,89.57894134521484,9.721513748168945,1334.52001953125
1999-06-08,2474.56005859375,18.163562774658203,14.669109344482422,2.789062976837158,87.80984497070312,9.429337501525879,1317.3299560546875
1999-06-09,2519.35009765625,18.498985290527344,15.077071189880371,2.8499999046325684,88.07793426513672,9.37621021270752,1318.6400146484375
1999-06-10,2484.6201171875,17.960277557373047,15.715628623962402,2.898437976837158,86.63050842285156,9.163721084594727,1302.8199462890625
1999-06-11,2447.8798828125,18.000934600830078,15.449576377868652,2.645313024520874,86.92536163330078,9.070755004882812,1293.6400146484375
1999-06-14,2398.31005859375,17.53337287902832,15.431836128234863,2.299999952316284,88.98926544189453,9.163721084594727,1294.0
1999-06-15,2414.669921875,18.08224868774414,15.804327011108398,2.4124999046325684,89.36450958251953,9.030908584594727,1301.1600341796875
1999-06-16,2517.830078125,18.90555763244629,16.93954849243164,2.7921879291534424,91.61604309082031,9.440441131591797,1330.4100341796875
1999-06-17,2544.14990234375,19.088510513305664,16.460615158081055,2.8234379291534424,93.00984191894531,9.280884742736816,1339.9000244140625
1999-06-18,2563.43994140625,19.413768768310547,15.591475486755371,2.78281307220459,92.2593765258789,9.307479858398438,1342.8399658203125
1999-06-21,2630.280029296875,20.023624420166016,16.123607635498047,3.0875000953674316,90.54393005371094,9.586701393127441,1349.0
1999-06-22,2580.260009765625,19.352787017822266,15.804327011108398,2.9375,90.81192779541016,9.560105323791504,1335.8800048828125
1999-06-23,2598.1201171875,20.12527084350586,16.052650451660156,2.9437499046325684,90.75831604003906,9.440441131591797,1333.06005859375
1999-06-24,2553.989990234375,19.596729278564453,15.626948356628418,2.840625047683716,91.56245422363281,9.214404106140137,1315.780029296875
1999-06-25,2552.64990234375,19.942306518554688,15.697896957397461,2.754688024520874,89.57894134521484,9.240994453430176,1315.31005859375
1999-06-28,2602.43994140625,20.145601272583008,16.176822662353516,2.76718807220459,91.07999420166016,9.693072319030762,1331.3499755859375
1999-06-29,2642.110107421875,20.32855224609375,16.815378189086914,2.9015629291534424,94.08203125,9.959003448486328,1351.449951171875
1999-06-30,2686.1201171875,20.958744049072266,16.886323928833008,3.128124952316284,96.92323303222656,10.264817237854004,1372.7099609375
1999-07-01,2706.179931640625,20.93841552734375,17.844161987304688,3.059375047683716,95.63668823242188,10.158445358276367,1380.9599609375
1999-07-02,2741.02001953125,21.812536239624023,18.021533966064453,3.101562976837158,96.65522766113281,10.371190071105957,1391.219970703125
1999-07-06,2736.780029296875,21.69057273864746,18.127967834472656,3.171875,98.03180694580078,10.464258193969727,1388.1199951171875
1999-07-07,2743.0400390625,21.54826545715332,18.26986312866211,3.046875,101.47342681884766,10.211634635925293,1395.8599853515625
1999-07-08,2771.860107421875,21.609256744384766,18.660104751586914,3.1343750953674316,100.66683197021484,9.998889923095703,1394.4200439453125
1999-07-09,2793.070068359375,21.812536239624023,18.8019962310791,3.137500047683716,100.77439880371094,10.198335647583008,1403.280029296875
1999-07-12,2790.43994140625,21.344982147216797,18.57140350341797,2.934375047683716,99.26863098144531,10.091967582702637,1399.0999755859375
1999-07-13,2778.22998046875,21.223011016845703,18.553674697875977,3.153125047683716,99.43000793457031,10.118558883666992,1393.56005859375
1999-07-14,2818.1298828125,21.24333381652832,19.298656463623047,3.375,99.64506530761719,10.131855010986328,1398.1700439453125
1999-07-15,2839.3701171875,21.649913787841797,19.209972381591797,3.489063024520874,101.15077209472656,10.105264663696289,1409.6199951171875
1999-07-16,2864.47998046875,21.46695899963379,19.050325393676758,3.440624952316284,102.28009796142578,10.211634635925293,1418.780029296875
1999-07-19,2830.2900390625,21.121370315551758,19.174497604370117,3.2921879291534424,103.2480239868164,10.224932670593262,1407.6500244140625
1999-07-20,2732.179931640625,20.247238159179688,18.429508209228516,3.003124952316284,101.15077209472656,9.972294807434082,1377.0999755859375
1999-07-21,2761.77001953125,20.511512756347656,18.606889724731445,3.1359379291534424,100.61309051513672,9.666481018066406,1379.2900390625
1999-07-22,2684.43994140625,19.881332397460938,18.127967834472656,2.6703128814697266,98.94602966308594,9.613293647766113,1360.969970703125
1999-07-23,2692.39990234375,20.47085952758789,18.216655731201172,2.864063024520874,99.10735321044922,9.560105323791504,1356.93994140625
1999-07-26,2619.18994140625,19.86099624633789,17.844161987304688,2.648437976837158,98.08563995361328,9.706367492675781,1347.760009765625
1999-07-27,2679.330078125,20.47085952758789,19.174497604370117,2.5250000953674316,100.0215072631836,9.693072319030762,1362.8399658203125
1999-07-28,2705.840087890625,20.592819213867188,19.954959869384766,2.643749952316284,98.08563995361328,9.586701393127441,1365.4000244140625
1999-07-29,2640.010009765625,20.084613800048828,19.724349975585938,2.539062976837158,96.36481475830078,9.360668182373047,1341.030029296875
1999-07-30,2638.489990234375,20.206584930419922,19.58246421813965,2.50156307220459,93.78363037109375,8.988364219665527,1328.719970703125
1999-08-02,2623.6298828125,20.104938507080078,20.238767623901367,2.3499999046325684,92.815673828125,9.014958381652832,1328.050048828125
1999-08-03,2587.989990234375,19.881332397460938,20.699939727783203,2.371875047683716,92.815673828125,8.921881675720215,1322.1800537109375
1999-08-04,2540.0,19.67803382873535,20.6729736328125,2.210937976837158,91.84771728515625,8.70914077758789,1305.3299560546875
1999-08-05,2565.830078125,20.0033016204834,20.28257942199707,2.4312500953674316,94.26763916015625,8.802213668823242,1313.7099609375
1999-08-06,2547.969970703125,20.247238159179688,20.318063735961914,2.239063024520874,92.06281280517578,8.77562141418457,1300.2900390625
1999-08-09,2518.97998046875,19.45442771911621,20.850418090820312,2.137500047683716,90.39579772949219,8.549580574035645,1297.800048828125
1999-08-10,2490.110107421875,19.108840942382812,20.37129783630371,2.2750000953674316,90.23445892333984,9.121330261230469,1281.4300537109375
1999-08-11,2564.97998046875,20.47085952758789,21.57796859741211,2.273437976837158,91.25619506835938,9.227696418762207,1301.9300537109375
1999-08-12,2549.489990234375,20.06429100036621,21.560224533081055,2.293750047683716,90.39579772949219,9.440441131591797,1298.1600341796875
1999-08-13,2637.81005859375,20.674142837524414,22.642669677734375,2.4359378814697266,92.70813751220703,9.533516883850098,1327.6800537109375
1999-08-16,2645.280029296875,20.65381622314453,22.305511474609375,2.457813024520874,94.48274230957031,9.78614616394043,1330.77001953125
1999-08-17,2671.22998046875,20.89775848388672,22.429719924926758,2.731250047683716,95.88078308105469,9.985596656799316,1344.1600341796875
1999-08-18,2657.72998046875,20.592819213867188,22.287761688232422,2.828125,96.09596252441406,9.865928649902344,1332.8399658203125
1999-08-19,2621.429931640625,20.247238159179688,21.950607299804688,2.653125047683716,95.50442504882812,9.799447059631348,1323.5899658203125
1999-08-20,2648.330078125,20.857086181640625,22.695911407470703,2.835937976837158,97.0638427734375,9.93241024017334,1336.6099853515625
1999-08-23,2719.570068359375,21.38564682006836,23.547670364379883,2.9593749046325684,100.29035949707031,10.158445358276367,1360.219970703125
1999-08-24,2752.3701171875,21.58892059326172,23.60089683532715,3.00156307220459,100.34418487548828,10.118558883666992,1363.5
1999-08-25,2805.60009765625,22.32075309753418,23.760602951049805,3.3218750953674316,102.6565170288086,10.291411399841309,1381.7900390625
1999-08-26,2774.6201171875,22.422393798828125,23.015310287475586,3.2140629291534424,102.33382415771484,10.065372467041016,1362.010009765625
1999-08-27,2758.89990234375,22.28009796142578,23.565406799316406,3.2125000953674316,100.29035949707031,9.93241024017334,1348.27001953125
1999-08-30,2712.68994140625,21.710899353027344,23.352468490600586,2.981250047683716,98.30068969726562,9.679779052734375,1324.02001953125
1999-08-31,2739.35009765625,22.056476593017578,23.33473014831543,3.109375,96.63369750976562,9.427144050598145,1320.4100341796875
1999-09-01,2750.800048828125,22.422393798828125,23.68962287902832,2.976562976837158,97.81671905517578,9.573407173156738,1331.0699462890625
1999-09-02,2734.239990234375,22.19878387451172,24.22197914123535,3.003124952316284,97.17143249511719,9.719669342041016,1319.1099853515625
1999-09-03,2843.110107421875,23.07291030883789,25.3576602935791,3.121875047683716,100.15592956542969,10.118558883666992,1357.239990234375
1999-09-07,2837.260009765625,22.88994789123535,24.878551483154297,3.1468749046325684,103.0866928100586,9.839332580566406,1350.449951171875
1999-09-08,2808.739990234375,22.422393798828125,24.39943504333496,3.0718750953674316,104.00078582763672,10.025485038757324,1344.1500244140625
1999-09-09,2852.02001953125,22.747650146484375,24.91403579711914,3.1812500953674316,103.03294372558594,10.105264663696289,1347.6600341796875
1999-09-10,2887.06005859375,23.011919021606445,24.807579040527344,3.325000047683716,102.54890441894531,10.145147323608398,1351.6600341796875
1999-09-13,2844.77001953125,22.991594314575195,23.95578956604004,3.1656250953674316,102.01122283935547,10.211634635925293,1344.1300048828125
1999-09-14,2868.2900390625,23.39816665649414,24.36393165588379,3.299999952316284,100.45173645019531,9.985596656799316,1336.2900390625
1999-09-15,2814.169921875,22.930614471435547,23.565406799316406,3.278125047683716,99.8063735961914,9.690096855163574,1317.969970703125
1999-09-16,2806.719970703125,22.930614471435547,23.458942413330078,3.262500047683716,100.88192749023438,9.650167465209961,1318.47998046875
1999-09-17,2869.6201171875,23.906381607055664,24.026775360107422,3.190624952316284,103.2480239868164,9.929688453674316,1335.4200439453125
1999-09-20,2886.14990234375,23.80474090576172,23.867076873779297,3.137500047683716,104.96884155273438,9.836519241333008,1335.530029296875
1999-09-21,2821.10009765625,23.13389778137207,23.281492233276367,3.112499952316284,102.60271453857422,9.743343353271484,1307.5799560546875
1999-09-22,2858.159912109375,23.49980926513672,23.512155532836914,3.299999952316284,102.38762664794922,10.062796592712402,1310.510009765625
1999-09-23,2749.830078125,22.564701080322266,22.00383949279785,3.112499952316284,100.45173645019531,9.943002700805664,1280.4100341796875
1999-09-24,2740.409912109375,22.44272232055664,21.484804153442383,3.25,101.52721405029297,9.903072357177734,1277.3599853515625
1999-09-27,2761.75,22.158124923706055,22.19904899597168,3.128124952316284,103.2480239868164,9.863138198852539,1283.31005859375
1999-09-28,2756.25,22.23944091796875,22.00383949279785,3.293750047683716,102.1478271484375,9.996243476867676,1282.199951171875
1999-09-29,2730.27001953125,21.73122215270996,21.347272872924805,4.037499904632568,100.47595977783203,9.71672534942627,1268.3699951171875
1999-09-30,2746.159912109375,22.30042839050293,21.09884262084961,3.996875047683716,102.30963897705078,10.129347801208496,1282.7099609375
1999-10-01,2736.85009765625,22.402070999145508,21.27630043029785,3.862499952316284,101.28485107421875,10.28907585144043,1282.81005859375
1999-10-04,2795.969970703125,22.930614471435547,21.861881256103516,3.8531250953674316,103.60399627685547,10.71501350402832,1304.5999755859375
1999-10-05,2799.669921875,23.296518325805664,21.631200790405273,3.921875,104.35900115966797,10.91467571258545,1301.3499755859375
1999-10-06,2857.2099609375,23.393085479736328,21.844139099121094,4.121874809265137,106.73204040527344,10.941292762756348,1325.4000244140625
1999-10-07,2860.699951171875,23.052583694458008,21.471494674682617,4.365624904632568,105.16795349121094,10.927985191345215,1317.6400146484375
1999-10-08,2886.570068359375,23.357507705688477,21.489242553710938,4.462500095367432,107.64888763427734,11.793168067932129,1336.02001953125
1999-10-11,2915.949951171875,23.560791015625,21.719928741455078,4.418749809265137,106.24665832519531,11.487027168273926,1335.2099609375
1999-10-12,2872.429931640625,23.337181091308594,21.77316665649414,4.246874809265137,104.73653411865234,11.473719596862793,1313.0400390625
1999-10-13,2801.27001953125,22.869630813598633,20.47776985168457,3.996875047683716,103.17254638671875,10.927985191345215,1285.550048828125
1999-10-14,2806.840087890625,22.564701080322266,20.82379913330078,3.9796879291534424,103.65794372558594,11.154260635375977,1283.4200439453125
1999-10-15,2731.830078125,21.85319709777832,20.122873306274414,3.753124952316284,99.88261413574219,10.821501731872559,1247.4100341796875
1999-10-18,2689.14990234375,21.914182662963867,19.696989059448242,3.703125,101.50064086914062,11.101021766662598,1254.1300048828125
1999-10-19,2688.179931640625,21.914182662963867,18.49032974243164,3.831249952316284,101.87808990478516,11.220815658569336,1261.3199462890625
1999-10-20,2788.1298828125,22.747650146484375,19.856698989868164,4.025000095367432,104.95226287841797,11.67337703704834,1289.4300537109375
1999-10-21,2801.949951171875,22.503707885742188,20.35354995727539,4.037499904632568,106.35454559326172,11.686689376831055,1283.6099853515625
1999-10-22,2816.52001953125,21.649913787841797,20.850418090820312,3.9312500953674316,108.40396881103516,12.15255069732666,1301.6500244140625
1999-10-25,2815.949951171875,21.62958526611328,20.229333877563477,4.137499809265137,108.08037567138672,11.9129638671875,1293.6300048828125
1999-10-26,2811.469970703125,21.873531341552734,20.28257942199707,4.0625,108.40396881103516,11.34061050415039,1281.9100341796875
1999-10-27,2802.52001953125,22.503707885742188,19.714740753173828,3.796875,110.83087158203125,11.287365913391113,1296.7099609375
1999-10-28,2875.219970703125,23.07291030883789,20.495525360107422,3.549999952316284,114.76803588867188,11.873038291931152,1342.43994140625
1999-10-29,2966.429931640625,24.06900978088379,21.986099243164062,3.53125,116.92523956298828,11.99283218383789,1362.9300537109375
1999-11-01,2967.64990234375,23.703096389770508,21.57796859741211,3.456249952316284,111.63988494873047,11.979523658752441,1354.1199951171875
1999-11-02,2981.6298828125,23.906381607055664,22.00383949279785,3.3218750953674316,111.31632232666016,11.952898979187012,1347.739990234375
1999-11-03,3028.510009765625,23.255863189697266,22.651437759399414,3.2906250953674316,113.36573028564453,11.873038291931152,1354.9300537109375
1999-11-04,3055.949951171875,22.767990112304688,23.16623878479004,3.153125047683716,113.79719543457031,11.92628002166748,1362.6400146484375
1999-11-05,3102.2900390625,23.886051177978516,23.39701271057129,3.246875047683716,115.41514587402344,12.365522384643555,1370.22998046875
1999-11-08,3143.969970703125,24.495912551879883,23.326005935668945,3.9000000953674316,115.63087463378906,12.458701133728027,1377.010009765625
1999-11-09,3125.0400390625,24.150327682495117,22.740190505981445,3.5406250953674316,115.0915756225586,12.35221004486084,1365.280029296875
1999-11-10,3155.9599609375,25.857912063598633,22.438404083251953,3.5999999046325684,115.63087463378906,12.16586685180664,1373.4599609375
1999-11-11,3197.2900390625,27.240257263183594,22.562681198120117,3.6500000953674316,115.63087463378906,12.232426643371582,1381.4599609375
1999-11-12,3221.14990234375,27.138622283935547,21.639572143554688,3.746875047683716,116.81744384765625,12.53856372833252,1396.06005859375
1999-11-15,3219.5400390625,26.935331344604492,21.0360164642334,3.674999952316284,116.92523956298828,12.551873207092285,1394.3900146484375
1999-11-16,3295.52001953125,27.48421287536621,21.746091842651367,3.9468750953674316,120.4847640991211,12.751535415649414,1420.0699462890625
1999-11-17,3269.389892578125,27.565515518188477,21.231285095214844,3.825000047683716,121.8331298828125,12.53856372833252,1410.7099609375
1999-11-18,3347.110107421875,28.60228729248047,22.296398162841797,3.8968749046325684,120.26899719238281,12.645051956176758,1424.93994140625
1999-11-19,3369.25,28.66326904296875,22.68693733215332,3.8968749046325684,118.81285095214844,12.37883472442627,1422.0
1999-11-22,3392.56005859375,28.459970474243164,22.86445426940918,4.025000095367432,120.97013854980469,12.08600902557373,1420.93994140625
1999-11-23,3342.8701171875,28.78524398803711,22.438404083251953,4.087500095367432,118.75887298583984,11.9129638671875,1404.6400146484375
1999-11-24,3420.5,30.065935134887695,23.343769073486328,4.362500190734863,118.11172485351562,12.338912963867188,1417.0799560546875
1999-11-26,3447.81005859375,30.30986785888672,22.793447494506836,4.65625,117.033203125,12.39547348022461,1416.6199951171875
1999-11-29,3421.3701171875,30.167566299438477,22.420663833618164,4.521874904632568,114.87582397460938,12.565192222595215,1407.8299560546875
1999-11-30,3336.159912109375,29.008848190307617,21.78159523010254,4.253125190734863,112.28705596923828,12.272350311279297,1388.9100341796875
1999-12-01,3353.7099609375,29.74066925048828,21.675073623657227,4.25,116.06233215332031,12.475342750549316,1397.719970703125
1999-12-02,3452.780029296875,30.411527633666992,22.030115127563477,4.453125,116.22412109375,12.282336235046387,1409.0400390625
1999-12-03,3520.6298828125,31.082353591918945,22.349645614624023,4.328125,117.57246398925781,12.578490257263184,1433.300048828125
1999-12-06,3546.010009765625,31.956483840942383,22.11888313293457,4.387499809265137,118.421875,12.688312530517578,1423.3299560546875
1999-12-07,3586.919921875,33.013572692871094,21.92361068725586,4.303124904632568,120.80841064453125,12.35221004486084,1409.1700439453125
1999-12-08,3586.080078125,32.505374908447266,21.16027069091797,4.428124904632568,121.90052032470703,12.491973876953125,1403.8800048828125
1999-12-09,3594.169921875,32.07847213745117,20.805240631103516,5.181250095367432,123.88251495361328,13.257333755493164,1408.1099853515625
1999-12-10,3620.239990234375,32.46470642089844,20.521207809448242,5.334374904632568,127.22642517089844,13.470300674438477,1417.0400390625
1999-12-13,3658.169921875,32.911930084228516,21.0360164642334,5.125,128.41282653808594,14.481910705566406,1415.219970703125
1999-12-14,3571.659912109375,31.85484504699707,20.574453353881836,4.78125,129.32972717285156,14.282256126403809,1403.1700439453125
1999-12-15,3621.949951171875,31.184003829956055,22.420663833618164,4.824999809265137,124.52970886230469,14.069780349731445,1413.3299560546875
1999-12-16,3715.06005859375,31.834522247314453,22.793447494506836,4.743750095367432,127.38813018798828,14.625917434692383,1418.780029296875
1999-12-17,3753.06005859375,32.42404556274414,23.308258056640625,4.703125,131.0554962158203,13.853331565856934,1421.030029296875
1999-12-20,3783.8701171875,33.582767486572266,23.024221420288086,4.849999904632568,132.2555389404297,13.700145721435547,1418.0899658203125
1999-12-21,3911.14990234375,33.82670593261719,23.539024353027344,4.993750095367432,136.1791229248047,13.81336498260498,1433.4300537109375
1999-12-22,3937.300048828125,33.338836669921875,23.432512283325195,4.884375095367432,136.5878448486328,13.999847412109375,1436.1300048828125
1999-12-23,3969.43994140625,33.96901321411133,23.61004066467285,4.5,136.263427734375,14.359514236450195,1458.3399658203125
1999-12-27,3975.3798828125,34.21294403076172,24.160348892211914,4.056250095367432,137.9938201904297,14.799087524414062,1457.0999755859375
1999-12-28,3972.110107421875,34.21294403076172,23.574533462524414,4.115624904632568,136.0471954345703,14.772451400756836,1457.6600341796875
1999-12-29,4041.4599609375,34.517887115478516,23.823062896728516,4.175000190734863,135.4523468017578,14.359514236450195,1463.4599609375
1999-12-30,4036.8701171875,34.53821563720703,23.769804000854492,3.953125,134.10049438476562,14.452752113342285,1464.469970703125
1999-12-31,4069.31005859375,34.84314727783203,23.379261016845703,3.8062500953674316,133.8842315673828,14.732486724853516,1469.25
2000-01-03,4131.14990234375,35.14807891845703,24.710657119750977,4.46875,129.77474975585938,14.23962116241455,1455.219970703125
2000-01-04,3901.68994140625,33.17620086669922,23.556781768798828,4.096875190734863,124.58374786376953,13.70680046081543,1399.4200439453125
2000-01-05,3877.5400390625,33.074562072753906,23.75204849243164,3.487499952316284,124.36742401123047,13.427071571350098,1402.1099853515625
2000-01-06,3727.1298828125,32.525691986083984,22.367406845092773,3.278125047683716,126.03014373779297,13.573599815368652,1403.449951171875
2000-01-07,3882.6201171875,34.43656921386719,23.290502548217773,3.4781250953674316,130.91030883789062,14.599282264709473,1441.469970703125
2000-01-10,4049.669921875,35.71729278564453,24.35562515258789,3.4593749046325684,130.85617065429688,14.332863807678223,1457.5999755859375
2000-01-11,3921.18994140625,34.639854431152344,25.47398567199707,3.3375000953674316,131.0724334716797,14.119745254516602,1438.56005859375
2000-01-12,3850.02001953125,33.76572799682617,25.91779136657715,3.1781249046325684,131.50511169433594,13.86664867401123,1432.25
2000-01-13,3957.2099609375,34.53821563720703,25.86453628540039,3.296875,133.0190887451172,13.879964828491211,1449.6800537109375
2000-01-14,4064.27001953125,34.985435485839844,29.27290153503418,3.2125000953674316,130.639892578125,13.746761322021484,1465.1500244140625
2000-01-18,4130.81005859375,36.42876434326172,29.00661277770996,3.206249952316284,128.0443572998047,13.973210334777832,1455.1400146484375
2000-01-19,4151.2900390625,36.53040313720703,28.420808792114258,3.340625047683716,128.66624450683594,13.653519630432129,1455.9000244140625
2000-01-20,4189.509765625,36.550750732421875,27.16040802001953,3.237499952316284,126.26001739501953,13.50699234008789,1445.5699462890625
2000-01-21,4235.39990234375,37.48586654663086,27.817232131958008,3.1031250953674316,124.69189453125,13.307191848754883,1441.3599853515625
2000-01-24,4096.080078125,35.47331619262695,28.065773010253906,3.5062499046325684,119.50086975097656,12.654483795166016,1401.530029296875
2000-01-25,4167.41015625,36.46942138671875,28.846851348876953,3.4625000953674316,119.82524871826172,13.027463912963867,1410.030029296875
2000-01-26,4069.909912109375,34.86347198486328,27.408946990966797,3.2406249046325684,122.3667221069336,13.2006196975708,1404.0899658203125
2000-01-27,4039.56005859375,34.680519104003906,27.8704891204834,3.346874952316284,122.6371078491211,12.601202964782715,1398.56005859375
2000-01-28,3887.070068359375,33.78606033325195,26.69887351989746,3.0843749046325684,115.93204498291016,11.748684883117676,1360.1600341796875
2000-01-31,3940.35009765625,35.615631103515625,28.101259231567383,3.2281250953674316,115.93204498291016,11.668766975402832,1394.4599609375
2000-02-01,4051.97998046875,38.31932067871094,28.811338424682617,3.371875047683716,117.66241455078125,12.507957458496094,1409.280029296875
2000-02-02,4073.9599609375,37.03862762451172,28.420808792114258,3.471874952316284,115.9862060546875,12.441352844238281,1409.1199951171875
2000-02-03,4210.97998046875,38.31932067871094,29.60131072998047,4.209374904632568,120.47418212890625,12.441352844238281,1424.969970703125
2000-02-04,4244.14013671875,39.39675521850586,29.761125564575195,3.9281249046325684,122.47489166259766,12.001776695251465,1424.3699951171875
2000-02-07,4321.77001953125,40.718101501464844,30.666746139526367,3.75,118.09496307373047,11.881895065307617,1424.239990234375
2000-02-08,4427.5,40.92137908935547,30.915348052978516,4.15625,118.58164978027344,12.681117057800293,1441.719970703125
2000-02-09,4363.240234375,41.89714813232422,29.72560691833496,4.012499809265137,115.9862060546875,12.321467399597168,1411.7099609375
2000-02-10,4485.6298828125,44.2146110534668,30.577938079833984,3.809375047683716,117.17581176757812,12.148299217224121,1416.8299560546875
2000-02-11,4395.4501953125,42.58833694458008,30.080739974975586,3.809375047683716,115.71578979492188,11.948501586914062,1387.1199951171875
2000-02-14,4418.5498046875,42.446022033691406,31.217227935791016,3.721874952316284,116.25650787353516,12.547917366027832,1389.93994140625
2000-02-15,4420.77001953125,41.63287353515625,31.820964813232422,3.690624952316284,118.96013641357422,12.36142635345459,1402.050048828125
2000-02-16,4427.64990234375,41.3635368347168,30.45365333557129,3.534374952316284,117.36504364013672,11.242508888244629,1387.6700439453125
2000-02-17,4548.919921875,42.446022033691406,31.252727508544922,3.450000047683716,113.33658599853516,10.310077667236328,1388.260009765625
2000-02-18,4411.740234375,40.92137908935547,29.938688278198242,3.237499952316284,108.25374603271484,10.176871299743652,1346.0899658203125
2000-02-22,4382.1201171875,40.3115234375,30.329362869262695,3.1781249046325684,112.14695739746094,10.25678825378418,1352.1700439453125
2000-02-23,4550.330078125,45.08872604370117,30.986364364624023,3.5218749046325684,112.90401458740234,10.01701831817627,1360.68994140625
2000-02-24,4617.64990234375,44.64150619506836,32.460208892822266,3.421875,113.33658599853516,10.203508377075195,1353.4300537109375
2000-02-25,4590.5,43.17784118652344,32.17610168457031,3.456249952316284,109.1188735961914,9.484203338623047,1333.3599853515625
2000-02-28,4577.85009765625,42.46635055541992,31.92749786376953,3.2874999046325684,111.98472595214844,9.843852996826172,1348.050048828125
2000-02-29,4696.68994140625,42.99488830566406,32.10508346557617,3.4437499046325684,114.52611541748047,10.389997482299805,1366.4200439453125
2000-03-01,4784.080078125,42.832271575927734,32.92190170288086,3.293750047683716,113.66102600097656,10.443275451660156,1379.18994140625
2000-03-02,4754.509765625,43.17784118652344,32.88640594482422,3.128124952316284,117.01348876953125,10.776289939880371,1381.760009765625
2000-03-03,4914.7900390625,44.70249557495117,33.88080596923828,3.125,120.58229064941406,11.215867042541504,1409.1700439453125
2000-03-06,4904.85009765625,44.27558898925781,33.34807586669922,3.1968750953674316,119.25685119628906,10.762969970703125,1391.280029296875
2000-03-07,4847.83984375,42.954227447509766,32.88640594482422,3.174999952316284,112.74900817871094,10.136902809143066,1355.6199951171875
2000-03-08,4897.259765625,43.055885314941406,32.65556335449219,3.1812500953674316,113.074462890625,10.296754837036133,1366.699951171875
2000-03-09,5046.85986328125,45.31235122680664,33.6321907043457,3.440624952316284,111.93556213378906,10.42995548248291,1401.68994140625
2000-03-10,5048.6201171875,44.35690689086914,34.14715576171875,3.34375,114.26750183105469,10.21683120727539,1395.0699462890625
2000-03-13,4907.240234375,44.29592514038086,34.69762420654297,3.265625,112.31515502929688,10.16354751586914,1383.6199951171875
2000-03-14,4706.6298828125,42.85259246826172,33.49014663696289,3.28125,110.20008850097656,10.176871299743652,1359.1500244140625
2000-03-15,4582.6201171875,41.83616638183594,34.14715576171875,3.1875,115.8944320678711,10.989912033081055,1392.1400146484375
2000-03-16,4717.39013671875,42.82718276977539,35.5322265625,3.3125,120.61266326904297,11.656767845153809,1458.469970703125
2000-03-17,4798.1298828125,43.90968322753906,36.8995361328125,3.2406249046325684,121.37193298339844,11.896844863891602,1464.469970703125
2000-03-20,4610.0,43.62507247924805,38.35561752319336,3.2093749046325684,122.29388427734375,11.763465881347656,1456.6300048828125
2000-03-21,4711.68017578125,45.81547546386719,39.332275390625,3.6187500953674316,130.59144592285156,12.083564758300781,1493.8699951171875
2000-03-22,4864.75,46.958961486816406,40.930419921875,3.534374952316284,130.91685485839844,11.816816329956055,1500.6400146484375
2000-03-23,4940.60986328125,50.61810302734375,40.52203369140625,3.3843750953674316,138.8347625732422,11.523401260375977,1527.3499755859375
2000-03-24,4963.02978515625,51.63454818725586,39.50983428955078,3.6343750953674316,138.02127075195312,11.843487739562988,1527.4599609375
2000-03-27,4958.56005859375,52.081756591796875,40.539764404296875,3.65625,137.04510498046875,11.83015251159668,1523.8599853515625
2000-03-28,4833.89013671875,50.658756256103516,38.55094909667969,3.5062499046325684,135.36392211914062,11.630095481872559,1507.72998046875
2000-03-29,4644.669921875,49.479713439941406,37.46775436401367,3.3125,141.43789672851562,12.537026405334473,1508.52001953125
2000-03-30,4457.89013671875,47.894065856933594,36.08269119262695,3.325000047683716,137.7501678466797,12.590384483337402,1487.9200439453125
2000-03-31,4572.830078125,50.29285430908203,37.485511779785156,3.3499999046325684,135.0385284423828,12.056891441345215,1498.5799560546875
2000-04-03,4223.68017578125,47.446842193603516,37.11262893676758,3.1781249046325684,139.7024383544922,13.057182312011719,1505.969970703125
2000-04-04,4148.89013671875,47.56882095336914,37.71636199951172,3.1968750953674316,133.62843322753906,12.803777694702148,1494.72998046875
2000-04-05,4169.22021484375,46.91830825805664,36.8995361328125,3.109375,133.03189086914062,12.430326461791992,1487.3699951171875
2000-04-06,4267.56005859375,46.71501541137695,36.88177490234375,3.2125000953674316,136.12318420410156,13.04384708404541,1501.3399658203125
2000-04-07,4446.4501953125,48.74787139892578,38.87059020996094,3.378124952316284,137.8043975830078,13.123878479003906,1516.3499755859375
2000-04-10,4188.2001953125,47.20291519165039,37.254676818847656,3.168750047683716,138.34669494628906,13.564001083374023,1504.4599609375
2000-04-11,4055.89990234375,45.535980224609375,37.14812469482422,3.168750047683716,140.24484252929688,13.523993492126465,1500.5899658203125
2000-04-12,3769.6298828125,42.28340148925781,34.626583099365234,2.8187499046325684,136.01470947265625,13.323931694030762,1467.1700439453125
2000-04-13,3676.780029296875,39.762664794921875,34.413516998291016,2.4000000953674316,130.59144592285156,12.817117691040039,1440.510009765625
2000-04-14,3321.2900390625,37.07929229736328,31.394790649414062,2.34375,126.46980285644531,11.73678970336914,1356.56005859375
2000-04-17,3539.159912109375,43.25917053222656,34.94624710083008,2.3531250953674316,131.89303588867188,11.523401260375977,1401.43994140625
2000-04-18,3793.570068359375,45.048065185546875,36.65092086791992,2.746875047683716,135.79783630371094,11.496724128723145,1441.6099853515625
2000-04-19,3706.409912109375,43.01521682739258,33.827518463134766,2.671875,134.9300537109375,11.723459243774414,1427.469970703125
2000-04-20,3643.8798828125,42.36471176147461,32.77982711791992,2.6187500953674316,137.5332489013672,12.310301780700684,1434.5400390625
2000-04-24,3482.47998046875,41.266963958740234,32.99292755126953,2.4906249046325684,140.62435913085938,12.563703536987305,1429.8599853515625
2000-04-25,3711.22998046875,42.93391799926758,35.51445388793945,2.621875047683716,144.0411376953125,12.737092971801758,1477.43994140625
2000-04-26,3630.090087890625,43.42179870605469,34.32473373413086,2.674999952316284,141.65484619140625,12.537026405334473,1460.989990234375
2000-04-27,3774.030029296875,44.88544464111328,35.60325622558594,2.643749952316284,140.1364288330078,12.310301780700684,1464.9200439453125
2000-04-28,3860.659912109375,45.09889221191406,36.0294189453125,2.7593750953674316,136.4486083984375,11.816816329956055,1452.4300537109375
2000-05-01,3958.080078125,46.47107696533203,36.118221282958984,2.996875047683716,138.29241943359375,12.363649368286133,1468.25
2000-05-02,3785.449951171875,44.234947204589844,34.431278228759766,2.8062500953674316,139.75669860839844,12.296961784362793,1446.2900390625
2000-05-03,3707.31005859375,42.97457504272461,33.83591079711914,2.706249952316284,135.4181365966797,11.403365135192871,1415.0999755859375
2000-05-04,3720.239990234375,41.388946533203125,33.97799301147461,2.753124952316284,133.62843322753906,10.883204460144043,1409.5699462890625
2000-05-05,3816.820068359375,44.07230758666992,35.06145095825195,2.924999952316284,137.0994110107422,10.949895858764648,1432.6300048828125
2000-05-08,3669.3798828125,40.81975555419922,33.427371978759766,2.800781011581421,136.5027618408203,11.176628112792969,1424.1700439453125
2000-05-09,3585.010009765625,40.81975555419922,33.23200607299805,2.8125,135.6893310546875,11.310002326965332,1412.1400146484375
2000-05-10,3384.72998046875,38.055057525634766,30.141483306884766,2.6656250953674316,131.78457641601562,12.096904754638672,1383.050048828125
2000-05-11,3499.580078125,39.193458557128906,32.841251373291016,2.7437500953674316,132.5980682373047,11.9501953125,1407.81005859375
2000-05-12,3529.06005859375,38.990169525146484,32.681392669677734,2.6875,136.01470947265625,12.123578071594238,1420.9599609375
2000-05-15,3607.64990234375,39.030826568603516,33.5694694519043,2.8031249046325684,140.57017517089844,12.16358470916748,1452.3599853515625
2000-05-16,3717.570068359375,39.39675521850586,34.635189056396484,2.953125,141.2209014892578,12.376977920532227,1466.0400390625
2000-05-17,3644.9599609375,37.72978210449219,35.00818634033203,3.049999952316284,139.59400939941406,12.030216217041016,1447.800048828125
2000-05-18,3538.7099609375,36.02220916748047,35.2213134765625,2.768749952316284,138.29241943359375,12.363649368286133,1437.2099609375
2000-05-19,3390.39990234375,34.76183319091797,33.49842834472656,2.6312499046325684,135.0385284423828,12.176924705505371,1406.949951171875
2000-05-22,3364.2099609375,35.940895080566406,33.6405143737793,2.59375,130.15762329101562,12.243609428405762,1400.719970703125
2000-05-23,3164.550048828125,32.881439208984375,31.22494888305664,2.3343749046325684,130.15762329101562,12.203598022460938,1373.8599853515625
2000-05-24,3270.610107421875,35.85957336425781,33.35634231567383,2.4281249046325684,132.10995483398438,12.136914253234863,1399.050048828125
2000-05-25,3205.35009765625,35.45299530029297,32.73466873168945,2.2750000953674316,132.10995483398438,11.73678970336914,1381.52001953125
2000-05-26,3205.110107421875,35.73759841918945,33.40962600708008,2.325000047683716,129.01878356933594,11.523401260375977,1378.02001953125
2000-05-30,3459.47998046875,38.949520111083984,35.73638916015625,2.5875000953674316,133.41156005859375,11.390033721923828,1422.449951171875
2000-05-31,3400.909912109375,37.03862762451172,35.434452056884766,2.4156250953674316,136.99082946777344,12.296961784362793,1420.5999755859375
2000-06-01,3582.5,39.64067840576172,36.85536575317383,2.5093750953674316,136.3401336669922,12.16358470916748,1448.81005859375
2000-06-02,3813.3798828125,41.8768310546875,38.13423538208008,2.893749952316284,137.31629943847656,12.603713035583496,1477.260009765625
2000-06-05,3821.760009765625,41.144981384277344,37.67240905761719,2.7249999046325684,134.22496032714844,12.657065391540527,1467.6300048828125
2000-06-06,3756.3701171875,39.884613037109375,36.81985855102539,2.528125047683716,133.24879455566406,12.430326461791992,1457.8399658203125
2000-06-07,3839.260009765625,40.901058197021484,36.64223861694336,2.590625047683716,133.73695373535156,12.350311279296875,1471.3599853515625
2000-06-08,3825.56005859375,41.429595947265625,35.86073303222656,2.59375,132.4353485107422,12.136914253234863,1461.6700439453125
2000-06-09,3874.840087890625,41.8768310546875,36.10938262939453,2.609375,129.83224487304688,11.523401260375977,1456.949951171875
2000-06-12,3767.909912109375,40.413169860839844,35.541015625,2.421875,129.83224487304688,11.256654739379883,1446.0
2000-06-13,3851.06005859375,42.28340148925781,37.37044906616211,2.450000047683716,133.24879455566406,11.73678970336914,1469.43994140625
2000-06-14,3797.409912109375,42.405372619628906,35.93177032470703,2.3218750953674316,132.76071166992188,11.7763090133667,1470.5400390625
2000-06-15,3845.739990234375,43.25917053222656,36.446861267089844,2.315624952316284,135.0385284423828,11.856423377990723,1478.72998046875
2000-06-16,3860.56005859375,44.112953186035156,35.82521438598633,2.299999952316284,133.08619689941406,11.509282112121582,1464.4599609375
2000-06-19,3989.830078125,44.84478759765625,38.79141616821289,2.265625,130.80841064453125,11.616093635559082,1486.0
2000-06-20,4013.360107421875,43.66574478149414,39.306480407714844,2.3062500953674316,132.76071166992188,11.642799377441406,1475.949951171875
2000-06-21,4064.010009765625,43.8690185546875,39.50185012817383,2.3031249046325684,128.69332885742188,11.522632598876953,1479.1300048828125
2000-06-22,3936.840087890625,41.998783111572266,38.098697662353516,2.0999999046325684,126.90365600585938,11.215543746948242,1452.1800537109375
2000-06-23,3845.340087890625,40.73843002319336,38.187503814697266,1.693750023841858,129.83224487304688,11.482576370239258,1441.47998046875
2000-06-26,3912.1201171875,40.86039352416992,38.13423538208008,1.696874976158142,129.9949188232422,11.482576370239258,1455.31005859375
2000-06-27,3858.9599609375,40.494476318359375,37.334922790527344,1.8250000476837158,128.2052459716797,12.136817932128906,1450.550048828125
2000-06-28,3940.340087890625,41.34828567504883,37.619136810302734,1.8937499523162842,131.5812530517578,11.959906578063965,1454.8199462890625
2000-06-29,3877.22998046875,39.80330276489258,37.44150161743164,1.8562500476837158,129.50685119628906,11.5626859664917,1442.3900146484375
2000-06-30,3966.110107421875,41.34828567504883,37.99214172363281,1.8156249523162842,137.967041015625,12.310386657714844,1454.5999755859375
2000-07-03,3991.929931640625,42.03944778442383,38.89795684814453,1.850000023841858,135.36392211914062,12.150166511535645,1469.5400390625
2000-07-05,3863.10009765625,40.25054168701172,37.405982971191406,1.8250000476837158,130.33831787109375,12.17686653137207,1446.22998046875
2000-07-06,3960.570068359375,42.120758056640625,38.826900482177734,1.803125023841858,130.99075317382812,12.283686637878418,1456.6700439453125
2000-07-07,4023.199951171875,42.527320861816406,39.59066390991211,1.806249976158142,133.92713928222656,13.151558876037598,1478.9000244140625
2000-07-10,3980.2900390625,41.06367492675781,39.16439437866211,1.7531249523162842,136.86331176757812,13.084799766540527,1475.6199951171875
2000-07-11,3956.419921875,40.413169860839844,39.44858169555664,1.65625,136.37399291992188,13.245022773742676,1480.8800048828125
2000-07-12,4099.58984375,41.55156707763672,40.12351989746094,1.7531249523162842,140.2889862060547,13.031387329101562,1492.9200439453125
2000-07-13,4174.85986328125,42.446022033691406,40.69187545776367,1.75,137.02647399902344,12.630841255187988,1495.8399658203125
2000-07-14,4246.18017578125,44.39756774902344,41.68654251098633,2.1312499046325684,134.41647338867188,12.710942268371582,1509.97998046875
2000-07-17,4274.669921875,45.29201889038086,41.57999801635742,2.0562500953674316,140.12591552734375,12.97130298614502,1510.489990234375
2000-07-18,4177.169921875,43.74706268310547,40.63860321044922,2.0875000953674316,136.37399291992188,12.8311128616333,1493.739990234375
2000-07-19,4055.6298828125,43.46244430541992,39.25318908691406,2.043750047683716,137.67898559570312,12.817760467529297,1481.9599609375
2000-07-20,4184.56005859375,45.2107048034668,40.54979705810547,2.015625,141.7572021484375,12.817760467529297,1495.5699462890625
2000-07-21,4094.449951171875,44.31624984741211,39.27096176147461,2.0562500953674316,141.26779174804688,12.751005172729492,1480.18994140625
2000-07-24,3981.570068359375,42.97457504272461,39.2176628112793,1.9375,140.94151306152344,12.270334243774414,1464.2900390625
2000-07-25,4029.570068359375,44.31624984741211,40.034706115722656,1.881250023841858,139.7996063232422,12.644185066223145,1474.469970703125
2000-07-26,3987.719970703125,44.60085678100586,39.50185012817383,1.803125023841858,136.04779052734375,12.550719261169434,1452.4200439453125
2000-07-27,3842.22998046875,44.234947204589844,38.933494567871094,1.568750023841858,137.02647399902344,12.8311128616333,1449.6199951171875
2000-07-28,3663.0,40.86039352416992,36.69551086425781,1.5,132.9483642578125,12.537373542785645,1419.8900146484375
2000-07-31,3766.989990234375,42.567996978759766,37.9388313293457,1.506250023841858,134.90586853027344,11.803019523620605,1430.8299560546875
2000-08-01,3685.52001953125,41.10433578491211,36.731056213378906,1.5125000476837158,137.67898559570312,11.642799377441406,1438.0999755859375
2000-08-02,3658.4599609375,39.64067840576172,35.98507308959961,1.540624976158142,135.72154235839844,11.549333572387695,1438.699951171875
2000-08-03,3759.8798828125,41.8768310546875,36.99139404296875,1.5750000476837158,138.00527954101562,11.509282112121582,1452.56005859375
2000-08-04,3787.360107421875,42.64931106567383,35.56999969482422,1.625,139.31027221679688,11.309001922607422,1462.9300537109375
2000-08-07,3862.989990234375,43.09653091430664,35.783226013183594,1.6906249523162842,137.35272216796875,11.7763090133667,1479.3199462890625
2000-08-08,3848.550048828125,42.60866165161133,35.037010192871094,1.646875023841858,140.2889862060547,12.310386657714844,1482.800048828125
2000-08-09,3853.5,44.112953186035156,36.13858413696289,1.5437500476837158,145.9984588623047,11.455869674682617,1472.8699951171875
2000-08-10,3759.989990234375,41.2263069152832,35.25020217895508,1.521875023841858,148.77163696289062,10.895094871520996,1460.25
2000-08-11,3789.469970703125,41.83616638183594,36.28071212768555,1.6843750476837158,147.62979125976562,11.135427474975586,1471.8399658203125
2000-08-14,3849.68994140625,41.958133697509766,38.05744552612305,1.743749976158142,148.77163696289062,11.295650482177734,1491.56005859375
2000-08-15,3851.659912109375,41.10433578491211,38.590450286865234,1.8781249523162842,149.4241180419922,11.015263557434082,1484.4300537109375
2000-08-16,3861.199951171875,41.02302551269531,38.69704818725586,1.931249976158142,148.2822723388672,10.668111801147461,1479.8499755859375
2000-08-17,3940.8701171875,41.266963958740234,39.83414077758789,1.912500023841858,147.95599365234375,10.681466102600098,1496.0699462890625
2000-08-18,3930.340087890625,41.30763244628906,40.11842727661133,1.9500000476837158,146.65098571777344,10.86839485168457,1491.719970703125
2000-08-21,3953.14990234375,42.60866165161133,40.97126770019531,1.875,147.62979125976562,10.467836380004883,1499.47998046875
2000-08-22,3958.2099609375,42.16141891479492,41.00679016113281,1.8250000476837158,146.8141632080078,10.494542121887207,1498.1300048828125
2000-08-23,4011.010009765625,43.70639419555664,42.42817687988281,1.9406249523162842,151.21852111816406,10.494542121887207,1505.969970703125
2000-08-24,4053.280029296875,43.25917053222656,42.21495819091797,1.96875,153.82861328125,10.561299324035645,1508.31005859375
2000-08-25,4042.679931640625,42.60866165161133,41.4687614440918,1.9968750476837158,154.64414978027344,10.788278579711914,1506.449951171875
2000-08-28,4070.590087890625,42.97457504272461,42.001766204833984,1.9562499523162842,156.60165405273438,10.574652671813965,1514.0899658203125
2000-08-29,4082.169921875,43.299827575683594,42.10835266113281,1.9812500476837158,156.2754669189453,10.561299324035645,1509.8399658203125
2000-08-30,4103.81005859375,43.299827575683594,41.788551330566406,2.1468749046325684,150.07666015625,10.347673416137695,1502.5899658203125
2000-08-31,4206.35009765625,44.64150619506836,42.57032012939453,2.075000047683716,153.01292419433594,10.174099922180176,1517.6800537109375
2000-09-01,4234.330078125,44.60085678100586,42.03728485107422,2.075000047683716,152.68666076660156,10.4144287109375,1520.77001953125
2000-09-05,4143.18017578125,42.93391799926758,39.37220764160156,2.284374952316284,150.8922576904297,10.628058433532715,1507.0799560546875
2000-09-06,4013.340087890625,41.79551696777344,37.355621337890625,2.293750047683716,153.9917449951172,10.681466102600098,1492.25
2000-09-07,4098.35009765625,43.09653091430664,38.34172058105469,2.174999952316284,153.9917449951172,10.895094871520996,1502.510009765625
2000-09-08,3978.409912109375,41.55156707763672,37.169071197509766,2.1468749046325684,156.2754669189453,11.135427474975586,1494.5
2000-09-11,3896.35009765625,39.80330276489258,36.77817153930664,2.1187500953674316,155.78611755371094,11.616093635559082,1489.260009765625
2000-09-12,3849.510009765625,38.29899978637695,36.92033386230469,2.1343750953674316,154.15481567382812,11.53598403930664,1481.989990234375
2000-09-13,3893.889892578125,39.884613037109375,34.82380294799805,2.121875047683716,154.15481567382812,11.52208137512207,1484.9100341796875
2000-09-14,3913.860107421875,39.84395980834961,33.89989471435547,2.2437500953674316,153.9917449951172,11.228014945983887,1480.8699951171875
2000-09-15,3835.22998046875,40.81975555419922,32.70060729980469,2.1812500953674316,148.11911010742188,11.121081352233887,1465.81005859375
2000-09-18,3726.52001953125,39.07148361206055,31.732297897338867,2.140625,150.07666015625,10.933952331542969,1444.510009765625
2000-09-19,3865.639892578125,40.33184814453125,34.32632827758789,2.0374999046325684,148.77163696289062,10.66661262512207,1459.9000244140625
2000-09-20,3897.43994140625,41.06367492675781,35.85429382324219,1.875,147.79286193847656,10.37254810333252,1451.3399658203125
2000-09-21,3828.8701171875,39.762664794921875,34.9570426940918,2.003124952316284,146.8141632080078,10.693343162536621,1449.050048828125
2000-09-22,3803.760009765625,39.2341194152832,27.25494384765625,2.0718750953674316,149.58729553222656,10.800274848937988,1448.719970703125
2000-09-25,3741.219970703125,37.20124053955078,25.798030853271484,2.018749952316284,151.54476928710938,10.47947883605957,1439.030029296875
2000-09-26,3689.10009765625,35.90022277832031,24.625396728515625,1.9874999523162842,151.381591796875,10.131948471069336,1427.2099609375
2000-09-27,3656.300048828125,37.28257369995117,24.945201873779297,1.8937499523162842,155.133544921875,10.292350769042969,1426.5699462890625
2000-09-28,3778.320068359375,38.6649169921875,25.265018463134766,2.0,153.9917449951172,10.38591194152832,1458.2900390625
2000-09-29,3672.820068359375,35.940895080566406,23.630435943603516,1.921875,151.243408203125,10.292350769042969,1436.510009765625
2000-10-02,3568.89990234375,36.10350799560547,22.81313133239746,1.7937500476837158,153.04202270507812,9.891345024108887,1436.22998046875
2000-10-03,3455.830078125,36.59139633178711,22.919742584228516,1.7531249523162842,154.5136260986328,9.797775268554688,1426.4599609375
2000-10-04,3523.10009765625,38.09571838378906,23.879167556762695,1.7999999523162842,154.02301025390625,9.864614486694336,1434.3199462890625
2000-10-05,3472.10009765625,37.44519805908203,23.310623168945312,1.678125023841858,156.31222534179688,9.851243019104004,1436.280029296875
2000-10-06,3361.010009765625,36.550750732421875,22.70652961730957,1.578125,155.49464416503906,9.730942726135254,1408.989990234375
2000-10-09,3355.56005859375,34.9244499206543,22.20905113220215,1.5031249523162842,153.04202270507812,9.650742530822754,1402.030029296875
2000-10-10,3240.5400390625,33.25752258300781,21.356225967407227,1.521875023841858,151.8975372314453,9.918079376220703,1387.02001953125
2000-10-11,3168.489990234375,33.29816818237305,20.112512588500977,1.390625,148.13685607910156,9.690845489501953,1364.5899658203125
2000-10-12,3074.679931640625,32.40371322631836,21.107479095458984,1.256250023841858,142.57766723632812,9.436875343322754,1329.780029296875
2000-10-13,3316.77001953125,36.46942138671875,22.955280303955078,1.421875,149.11785888671875,9.624013900756836,1374.1700439453125
2000-10-16,3290.280029296875,35.45299530029297,20.29018783569336,1.2156250476837158,151.07997131347656,10.118581771850586,1374.6199951171875
2000-10-17,3213.9599609375,35.49365997314453,20.574464797973633,1.0968749523162842,145.52076721191406,9.83788013458252,1349.969970703125
2000-10-18,3171.56005859375,33.98934555053711,21.711566925048828,1.256250023841858,145.1937713623047,9.998278617858887,1342.1300048828125
2000-10-19,3418.60009765625,37.89242172241211,23.843639373779297,1.3875000476837158,145.52076721191406,10.22551155090332,1388.760009765625
2000-10-20,3483.139892578125,37.28257369995117,24.483240127563477,1.540624976158142,136.3644256591797,9.958176612854004,1396.9300537109375
2000-10-23,3468.68994140625,36.34746170043945,24.625396728515625,1.5,130.15118408203125,10.118581771850586,1395.780029296875
2000-10-24,3419.7900390625,35.69694519042969,23.879167556762695,1.478124976158142,139.6345672607422,10.345817565917969,1398.1300048828125
2000-10-25,3229.570068359375,32.93225860595703,23.488292694091797,1.59375,138.49000549316406,9.82451057434082,1364.9000244140625
2000-10-26,3272.179931640625,34.84314727783203,25.40716552734375,1.84375,136.3644256591797,9.289848327636719,1364.43994140625
2000-10-27,3278.360107421875,32.97291946411133,26.366586685180664,1.78125,136.69139099121094,9.249741554260254,1379.5799560546875
2000-10-30,3191.39990234375,31.265323638916016,25.584827423095703,1.6437499523162842,141.2696075439453,9.356681823730469,1398.6600341796875
2000-10-31,3369.6298828125,35.04642105102539,25.584827423095703,1.8312499523162842,143.3952178955078,9.704212188720703,1429.4000244140625
2000-11-01,3333.389892578125,33.90802764892578,25.513771057128906,1.868749976158142,142.4141082763672,9.984914779663086,1421.219970703125
2000-11-02,3429.02001953125,36.266143798828125,26.54426383972168,1.9874999523162842,140.4520721435547,10.359177589416504,1428.3199462890625
2000-11-03,3451.580078125,36.91665267944336,26.129024505615234,1.8781249523162842,139.4709930419922,10.131948471069336,1426.68994140625
2000-11-06,3416.2099609375,35.85957336425781,26.484535217285156,1.828125,142.57766723632812,10.47947883605957,1432.18994140625
2000-11-07,3415.7900390625,36.91665267944336,26.2712345123291,1.8468749523162842,143.7222137451172,10.46611499786377,1431.8699951171875
2000-11-08,3231.699951171875,33.90802764892578,24.28044891357422,1.693750023841858,142.74110412597656,10.426013946533203,1409.280029296875
2000-11-09,3200.35009765625,34.639854431152344,23.533910751342773,1.5625,142.74110412597656,10.078479766845703,1400.1400146484375
2000-11-10,3028.989990234375,32.56634521484375,21.045429229736328,1.5031249523162842,140.9425506591797,9.343317031860352,1365.97998046875
2000-11-13,2966.719970703125,32.76963424682617,21.72087287902832,1.390625,134.56585693359375,9.690845489501953,1351.260009765625
2000-11-14,3138.27001953125,34.55854415893555,23.285064697265625,1.446874976158142,137.99942016601562,10.02501106262207,1382.949951171875
2000-11-15,3165.489990234375,34.84314727783203,23.605012893676758,1.475000023841858,137.34536743164062,10.47947883605957,1389.81005859375
2000-11-16,3031.8798828125,33.21686935424805,22.751819610595703,1.390625,137.6724090576172,10.319073677062988,1372.3199462890625
2000-11-17,3027.18994140625,34.31460189819336,23.605012893676758,1.3718750476837158,135.71034240722656,10.38591194152832,1367.719970703125
2000-11-20,2875.639892578125,33.338836669921875,23.391706466674805,1.290624976158142,130.96861267089844,10.23888111114502,1342.6199951171875
2000-11-21,2871.449951171875,34.9244499206543,24.244905471801758,1.212499976158142,132.7672576904297,10.078479766845703,1347.3499755859375
2000-11-22,2755.340087890625,32.89160919189453,23.427270889282227,1.259374976158142,127.0445556640625,9.81114673614502,1322.3599853515625
2000-11-24,2904.3798828125,34.273948669433594,24.991445541381836,1.446874976158142,129.1701202392578,9.664111137390137,1341.77001953125
2000-11-27,2880.489990234375,33.338836669921875,24.991445541381836,1.399999976158142,128.51608276367188,10.546316146850586,1348.969970703125
2000-11-28,2734.97998046875,33.17620086669922,23.907180786132812,1.2515629529953003,130.3146514892578,10.47947883605957,1336.0899658203125
2000-11-29,2706.929931640625,33.62342834472656,24.316011428833008,1.3468749523162842,129.98764038085938,11.09434986114502,1341.9300537109375
2000-11-30,2597.929931640625,31.143339157104492,21.649776458740234,1.234375,129.66062927246094,11.16118049621582,1314.949951171875
2000-12-01,2645.2900390625,31.549924850463867,19.410152435302734,1.2312500476837158,133.42132568359375,10.947314262390137,1315.22998046875
2000-12-04,2615.75,29.801660537719727,18.73470115661621,1.328125,135.05633544921875,11.508715629577637,1324.969970703125
2000-12-05,2889.800048828125,33.90802764892578,20.476634979248047,1.2687499523162842,141.5965576171875,11.816145896911621,1376.5400390625
2000-12-06,2796.5,33.46080017089844,18.05924415588379,1.181249976158142,141.10606384277344,11.722578048706055,1351.4599609375
2000-12-07,2752.659912109375,32.48503494262695,18.379199981689453,1.068750023841858,139.9615020751953,11.762677192687988,1343.550048828125
2000-12-08,2917.429931640625,34.0706672668457,19.33903694152832,1.171875,144.376220703125,11.642380714416504,1369.8900146484375
2000-12-11,3015.10009765625,35.656288146972656,21.294281005859375,1.265625,144.70315551757812,10.987411499023438,1380.199951171875
2000-12-12,2931.77001953125,35.3716926574707,20.76103973388672,1.2937500476837158,138.16293334960938,11.09434986114502,1371.1800537109375
2000-12-13,2822.77001953125,33.25752258300781,20.19223976135254,1.1875,138.65347290039062,10.760175704956055,1359.989990234375
2000-12-14,2728.510009765625,33.13554763793945,19.97893714904785,1.134374976158142,134.56585693359375,10.920575141906738,1340.9300537109375
2000-12-15,2653.27001953125,31.336477279663086,18.450298309326172,1.1437499523162842,130.3146514892578,10.66661262512207,1312.1500244140625
2000-12-18,2624.52001953125,27.931427001953125,18.91244888305664,0.9937499761581421,133.42132568359375,10.813651084899902,1322.739990234375
2000-12-19,2511.7099609375,27.15894317626953,19.019088745117188,0.9125000238418579,131.13217163085938,10.265613555908203,1305.5999755859375
2000-12-20,2332.780029296875,23.743759155273438,18.165897369384766,0.8343750238418579,124.10139465332031,10.479209899902344,1264.739990234375
2000-12-21,2340.1201171875,25.288726806640625,18.841346740722656,0.7593749761581421,125.2459716796875,11.081470489501953,1274.8599853515625
2000-12-22,2517.02001953125,26.996326446533203,18.73470115661621,0.778124988079071,127.86198425292969,11.24206829071045,1305.949951171875
2000-12-26,2493.52001953125,26.508424758911133,18.699146270751953,0.846875011920929,129.0065460205078,10.840564727783203,1315.18994140625
2000-12-27,2539.35009765625,26.508424758911133,18.521400451660156,0.84375,126.47379302978516,11.255454063415527,1328.9200439453125
2000-12-28,2557.760009765625,25.735946655273438,17.59710121154785,0.8687499761581421,127.12994384765625,11.335752487182617,1334.219970703125
2000-12-29,2470.52001953125,24.882152557373047,17.099422454833984,0.778124988079071,125.81770324707031,11.375899314880371,1320.280029296875
2001-01-02,2291.860107421875,21.670246124267578,17.6682071685791,0.6937500238418579,114.82707214355469,11.536499977111816,1283.27001953125
2001-01-03,2616.68994140625,26.874353408813477,19.472354888916016,0.878125011920929,125.4896011352539,12.513493537902832,1347.56005859375
2001-01-04,2566.830078125,27.240257263183594,19.223506927490234,0.7749999761581421,126.14582061767578,12.031688690185547,1333.3399658203125
2001-01-05,2407.64990234375,23.825061798095703,18.237003326416016,0.7281249761581421,124.17724609375,11.549890518188477,1298.3499755859375
2001-01-08,2395.919921875,23.77424430847168,18.165897369384766,0.746874988079071,119.58425903320312,11.549890518188477,1295.8599853515625
2001-01-09,2441.300048828125,24.150327682495117,18.343656539916992,0.8187500238418579,117.1236801147461,11.295598030090332,1300.800048828125
2001-01-10,2524.179931640625,23.581127166748047,18.77023696899414,0.824999988079071,117.28768157958984,11.068084716796875,1313.27001953125
2001-01-11,2640.570068359375,25.45134925842285,18.983545303344727,0.8500000238418579,122.2088623046875,11.121615409851074,1326.8199462890625
2001-01-12,2626.5,24.760183334350586,18.272550582885742,0.8843749761581421,119.91230773925781,11.335752487182617,1318.550048828125
2001-01-16,2618.550048828125,25.044776916503906,17.845947265625,0.903124988079071,124.34130859375,11.710488319396973,1326.6500244140625
2001-01-17,2682.780029296875,25.370046615600586,17.348257064819336,0.918749988079071,122.53691101074219,11.549890518188477,1329.469970703125
2001-01-18,2768.489990234375,27.240257263183594,18.308095932006836,0.9750000238418579,124.9974594116211,11.362517356872559,1347.969970703125
2001-01-19,2770.3798828125,26.264501571655273,19.090192794799805,0.996874988079071,123.357177734375,10.880715370178223,1342.5400390625
2001-01-22,2757.909912109375,26.955665588378906,18.983545303344727,0.925000011920929,120.07632446289062,11.255454063415527,1342.9000244140625
2001-01-23,2840.389892578125,27.728151321411133,20.121129989624023,0.947655975818634,122.53691101074219,11.42944049835205,1360.4000244140625
2001-01-24,2859.14990234375,27.687496185302734,20.61882972717285,1.09375,121.55265045166016,11.456204414367676,1364.300048828125
2001-01-25,2754.280029296875,25.573328018188477,19.623437881469727,0.949999988079071,120.56841278076172,11.56326675415039,1357.510009765625
2001-01-26,2781.300048828125,24.963464736938477,20.405534744262695,0.9750000238418579,117.1236801147461,11.482970237731934,1354.949951171875
2001-01-29,2838.340087890625,24.231632232666016,21.080989837646484,1.006250023841858,116.48056030273438,11.606099128723145,1364.1700439453125
2001-01-30,2838.35009765625,24.719518661499023,21.045429229736328,0.9468749761581421,121.38864135742188,11.514016151428223,1373.72998046875
2001-01-31,2772.72998046875,24.353614807128906,21.045429229736328,0.8656250238418579,120.67996215820312,12.162847518920898,1366.010009765625
2001-02-01,2782.7900390625,24.882152557373047,21.507572174072266,0.8125,121.33614349365234,11.927294731140137,1373.469970703125
2001-02-02,2660.5,23.09324073791504,20.298891067504883,0.71875,121.46737670898438,11.726015090942383,1349.469970703125
2001-02-05,2643.2099609375,22.483379364013672,19.741147994995117,0.721875011920929,125.58805847167969,11.529008865356445,1354.31005859375
2001-02-06,2664.489990234375,23.255863189697266,20.16798973083496,0.7906249761581421,124.93189239501953,11.391958236694336,1352.260009765625
2001-02-07,2607.820068359375,20.206584930419922,19.88343048095703,0.75,123.2259292602539,11.704595565795898,1340.8900146484375
2001-02-08,2562.06005859375,19.515413284301758,19.70558738708496,0.71875,123.72457885742188,11.199239730834961,1332.530029296875
2001-02-09,2470.969970703125,18.33635711669922,19.06532859802246,0.668749988079071,119.84011840820312,10.792383193969727,1314.760009765625
2001-02-12,2489.659912109375,19.230812072753906,19.670011520385742,0.7250000238418579,124.69568634033203,11.4454984664917,1330.31005859375
2001-02-13,2427.719970703125,18.53964614868164,18.460647583007812,0.6875,123.77701568603516,11.58468246459961,1318.800048828125
2001-02-14,2491.39990234375,19.108840942382812,19.421037673950195,0.721875011920929,121.41482543945312,11.34913444519043,1315.9200439453125
2001-02-15,2552.909912109375,20.04395866394043,20.38140296936035,0.7250000238418579,125.92926788330078,11.135000228881836,1326.6099853515625
2001-02-16,2425.3798828125,18.37700653076172,19.563297271728516,0.684374988079071,123.357177734375,11.212087631225586,1301.530029296875
2001-02-20,2318.35009765625,16.95401382446289,17.891530990600586,0.625,125.16807556152344,11.434785842895508,1278.93994140625
2001-02-21,2268.93994140625,16.344158172607422,17.50027084350586,0.596875011920929,124.14446258544922,10.75169849395752,1255.27001953125
2001-02-22,2244.9599609375,17.197954177856445,17.07343292236328,0.596875011920929,123.61959838867188,10.642495155334473,1252.8199462890625
2001-02-23,2262.510009765625,17.563871383666992,17.037857055664062,0.590624988079071,121.20491027832031,10.766687393188477,1245.8599853515625
2001-02-26,2308.5,16.95401382446289,16.78887176513672,0.596875011920929,125.92926788330078,10.935858726501465,1267.6500244140625
2001-02-27,2207.820068359375,15.612330436706543,16.504318237304688,0.5874999761581421,125.9817123413086,10.918723106384277,1257.93994140625
2001-02-28,2151.830078125,15.40904426574707,16.255329132080078,0.5093749761581421,122.04473114013672,10.726003646850586,1239.93994140625
2001-03-01,2183.3701171875,15.93758773803711,16.57545280456543,0.5218750238418579,120.49623107910156,10.35127067565918,1241.22998046875
2001-03-02,2117.6298828125,14.43327522277832,16.682157516479492,0.5,116.97925567626953,10.475468635559082,1234.1800537109375
2001-03-05,2142.919921875,15.012639999389648,17.286846160888672,0.6312500238418579,118.74406433105469,10.35768985748291,1241.4100341796875
2001-03-06,2204.429931640625,15.612330436706543,17.927104949951172,0.59375,119.63967895507812,10.610371589660645,1253.800048828125
2001-03-07,2223.919921875,15.612330436706543,18.745206832885742,0.612500011920929,121.11473083496094,10.856624603271484,1261.8900146484375
2001-03-08,2168.72998046875,14.839847564697266,18.92305564880371,0.5843750238418579,120.82499694824219,11.060056686401367,1264.739990234375
2001-03-09,2052.780029296875,13.41684627532959,16.753299713134766,0.612500011920929,115.39887237548828,10.87375259399414,1233.4200439453125
2001-03-12,1923.3800048828125,12.237791061401367,15.792919158935547,0.53125,104.3093490600586,10.344842910766602,1180.1600341796875
2001-03-13,2014.780029296875,13.904735565185547,16.717729568481445,0.550000011920929,111.50039672851562,10.449769020080566,1197.6600341796875
2001-03-14,1972.0899658203125,13.172906875610352,16.539878845214844,0.53125,108.07615661621094,10.107156753540039,1166.7099609375
2001-03-15,1940.7099609375,13.213557243347168,16.21976089477539,0.543749988079071,108.20779418945312,10.246338844299316,1173.56005859375
2001-03-16,1890.9100341796875,12.969618797302246,15.864066123962402,0.550000011920929,106.94342803955078,10.049333572387695,1150.530029296875
2001-03-19,1951.1800537109375,13.538820266723633,15.401668548583984,0.5249999761581421,108.26045989990234,10.145696640014648,1170.81005859375
2001-03-20,1857.43994140625,12.400420188903809,14.014443397521973,0.512499988079071,105.49472045898438,10.252764701843262,1142.6199951171875
2001-03-21,1830.22998046875,12.563043594360352,14.547986030578613,0.5,102.72893524169922,10.359987258911133,1122.1400146484375
2001-03-22,1897.699951171875,12.84764575958252,16.326473236083984,0.5093749761581421,99.30465698242188,10.059762001037598,1117.5799560546875
2001-03-23,1928.6800537109375,12.156476020812988,16.397611618041992,0.5093749761581421,105.33665466308594,10.201298713684082,1139.8299560546875
2001-03-26,1918.489990234375,11.627931594848633,16.1130428314209,0.546999990940094,105.96881103515625,10.636629104614258,1152.68994140625
2001-03-27,1972.22998046875,11.790563583374023,16.717729568481445,0.5820000171661377,110.39408111572266,10.784594535827637,1182.1700439453125
2001-03-28,1854.1300048828125,10.245591163635254,15.330513000488281,0.5400000214576721,109.44587707519531,10.649496078491211,1153.2900390625
2001-03-29,1820.5699462890625,9.920336723327637,15.117097854614258,0.5,109.05073547363281,10.855364799499512,1147.949951171875
2001-03-30,1840.260009765625,10.286245346069336,14.97481918334961,0.5115000009536743,110.26240539550781,10.829625129699707,1160.3299560546875
2001-04-02,1782.969970703125,9.798364639282227,14.681375503540039,0.45500001311302185,110.10433959960938,10.859652519226074,1145.8699951171875
2001-04-03,1673.0,8.944564819335938,14.227855682373047,0.43149998784065247,104.5201187133789,10.54870319366455,1106.4599609375
2001-04-04,1638.800048828125,8.903907775878906,12.876212120056152,0.41999998688697815,104.3093490600586,10.694527626037598,1103.25
2001-04-05,1785.0,9.717048645019531,14.5835542678833,0.4560000002384186,110.89456939697266,10.838202476501465,1151.43994140625
2001-04-06,1720.3599853515625,8.863248825073242,13.445326805114746,0.41850000619888306,108.44486999511719,10.988321304321289,1128.4300537109375
2001-04-09,1745.7099609375,9.425945281982422,13.203451156616211,0.5590000152587891,110.63111877441406,10.786738395690918,1137.5899658203125
2001-04-10,1852.030029296875,10.317147254943848,14.096963882446289,0.6004999876022339,115.45152282714844,10.90254020690918,1168.3800048828125
2001-04-11,1898.949951171875,11.318936347961426,15.662030220031738,0.6660000085830688,113.9764175415039,10.771729469299316,1165.8900146484375
2001-04-12,1961.4300537109375,11.696234703063965,16.003490447998047,0.7335000038146973,117.74315643310547,10.658075332641602,1183.5
2001-04-16,1909.5699462890625,11.188838005065918,14.967707633972168,0.7014999985694885,117.61141967773438,10.518680572509766,1179.6800537109375
2001-04-17,1923.219970703125,10.837557792663574,14.819733619689941,0.7369999885559082,119.74505615234375,10.559428215026855,1191.81005859375
2001-04-18,2079.43994140625,11.663711547851562,17.801898956298828,0.8270000219345093,126.14583587646484,11.307849884033203,1238.1600341796875
2001-04-19,2182.139892578125,12.301216125488281,18.49052619934082,0.7994999885559082,127.77898406982422,11.258528709411621,1253.68994140625
2001-04-20,2163.409912109375,12.457338333129883,18.456388473510742,0.7889999747276306,126.6990737915039,11.089109420776367,1242.97998046875
2001-04-23,2059.320068359375,11.273404121398926,17.25554656982422,0.8100000023841858,124.32838439941406,11.159883499145508,1224.3599853515625
2001-04-24,2016.6099853515625,10.577353477478027,16.583982467651367,0.7839999794960022,121.1410903930664,10.743852615356445,1209.469970703125
2001-04-25,2059.800048828125,10.232580184936523,16.52138328552246,0.8044999837875366,125.93513488769531,10.866084098815918,1228.75
2001-04-26,2034.8800048828125,9.894314765930176,16.2994384765625,0.7714999914169312,129.8599090576172,10.988321304321289,1234.52001953125
2001-04-27,2075.679931640625,10.148015022277832,17.175870895385742,0.7634999752044678,131.57208251953125,11.329294204711914,1253.050048828125
2001-04-30,2116.239990234375,11.045722007751465,17.591325759887695,0.7889999747276306,127.83164978027344,11.09554386138916,1249.4599609375
2001-05-01,2168.239990234375,11.579146385192871,17.744983673095703,0.8445000052452087,128.8326416015625,11.472975730895996,1266.43994140625
2001-05-02,2220.60009765625,13.010273933410645,18.177520751953125,0.8554999828338623,129.33309936523438,11.382909774780273,1267.4300537109375
2001-05-03,2146.199951171875,12.138586044311523,17.31191635131836,0.8374999761581421,127.752685546875,11.387199401855469,1248.5799560546875
2001-05-04,2191.530029296875,12.77609634399414,17.585264205932617,0.878000020980835,131.5193634033203,11.37004280090332,1266.6099853515625
2001-05-07,2173.570068359375,12.522388458251953,17.744709014892578,0.8460000157356262,131.59844970703125,11.162027359008789,1263.510009765625
2001-05-08,2198.77001953125,13.257467269897461,17.92694664001465,0.8090000152587891,130.3340301513672,11.147018432617188,1261.199951171875
2001-05-09,2156.6298828125,12.444331169128418,17.04426383972168,0.7505000233650208,130.2022705078125,11.063379287719727,1255.5400390625
2001-05-10,2128.860107421875,12.249175071716309,16.520349502563477,0.7310000061988831,131.2559814453125,11.455818176269531,1255.1800537109375
2001-05-11,2107.429931640625,12.392285346984863,15.911012649536133,0.734000027179718,129.09605407714844,11.601644515991211,1245.6700439453125
2001-05-14,2081.919921875,12.08004379272461,15.609203338623047,0.6664999723434448,130.99256896972656,11.655259132385254,1248.9200439453125
2001-05-15,2085.580078125,12.190629005432129,15.489609718322754,0.6769999861717224,132.09889221191406,11.151302337646484,1249.43994140625
2001-05-16,2166.43994140625,13.010273933410645,16.150190353393555,0.7064999938011169,137.5250244140625,11.076250076293945,1284.989990234375
2001-05-17,2193.679931640625,12.91920280456543,16.286869049072266,0.7390000224113464,137.26161193847656,11.099837303161621,1288.489990234375
2001-05-18,2198.8798828125,13.140379905700684,16.37798309326172,0.7360000014305115,139.57957458496094,11.159883499145508,1291.9599609375
2001-05-21,2305.590087890625,14.877250671386719,17.027183532714844,0.8190000057220459,140.65960693359375,11.408638954162598,1312.8299560546875
2001-05-22,2313.85009765625,15.274057388305664,16.81648063659668,0.8125,138.76312255859375,11.477264404296875,1309.3800048828125
2001-05-23,2243.47998046875,14.545490264892578,16.400758743286133,0.7799999713897705,135.2596893310547,11.262813568115234,1289.050048828125
2001-05-24,2282.02001953125,14.903267860412598,16.634246826171875,0.8374999761581421,135.39146423339844,11.342164039611816,1293.1700439453125
2001-05-25,2251.030029296875,14.343832015991211,16.571605682373047,0.8544999957084656,131.57208251953125,10.979742050170898,1277.8900146484375
2001-05-29,2175.5400390625,13.309510231018066,15.859764099121094,0.8610000014305115,130.83450317382812,10.981887817382812,1267.9300537109375
2001-05-30,2084.5,12.359759330749512,15.14792537689209,0.7829999923706055,129.122314453125,11.03764820098877,1248.0799560546875
2001-05-31,2110.489990234375,12.528894424438477,15.3814058303833,0.8345000147819519,129.0697021484375,11.09769344329834,1255.8199462890625
2001-06-01,2149.43994140625,12.262188911437988,16.366594314575195,0.8475000262260437,129.0697021484375,11.09125804901123,1260.6700439453125
2001-06-04,2155.929931640625,12.834635734558105,16.229921340942383,0.8454999923706055,130.2550506591797,10.934710502624512,1267.1099853515625
2001-06-05,2233.659912109375,14.012066841125488,16.930368423461914,0.8220000267028809,129.54383850097656,11.001190185546875,1283.5699462890625
2001-06-06,2217.72998046875,13.504666328430176,16.98162078857422,0.7994999885559082,128.41116333007812,10.883243560791016,1270.030029296875
2001-06-07,2264.0,14.194211959838867,17.733327865600586,0.8065000176429749,128.8326416015625,10.95830249786377,1276.9599609375
2001-06-08,2215.10009765625,13.329026222229004,17.465665817260742,0.7850000262260437,126.80438232421875,10.941145896911621,1264.9599609375
2001-06-11,2170.780029296875,13.257467269897461,17.27204132080078,0.7429999709129333,124.85518646240234,10.771729469299316,1254.3900146484375
2001-06-12,2169.949951171875,13.250964164733887,17.158159255981445,0.7319999933242798,128.4638214111328,10.84463882446289,1255.8499755859375
2001-06-13,2121.659912109375,12.372770309448242,16.54882049560547,0.7059999704360962,126.0405044555664,10.754573822021484,1241.5999755859375
2001-06-14,2044.0699462890625,11.540111541748047,15.723085403442383,0.6644999980926514,128.70094299316406,10.615182876586914,1219.8699951171875
2001-06-15,2028.4300537109375,10.831052780151367,15.76294994354248,0.6244999766349792,128.56922912597656,10.325679779052734,1214.3599853515625
2001-06-18,1988.6300048828125,10.733479499816895,15.688920021057129,0.5914999842643738,129.0697021484375,10.405022621154785,1208.4300537109375
2001-06-19,1992.6600341796875,10.824546813964844,15.18779468536377,0.5680000185966492,128.727294921875,10.477940559387207,1212.5799560546875
2001-06-20,2031.239990234375,10.668424606323242,15.654755592346191,0.6265000104904175,133.7320098876953,10.694835662841797,1223.1400146484375
2001-06-21,2058.760009765625,11.501080513000488,15.529472351074219,0.6539999842643738,134.99635314941406,10.834430694580078,1237.0400390625
2001-06-22,2034.8399658203125,11.397005081176758,15.66614818572998,0.6200000047683716,136.6031036376953,10.733498573303223,1225.3499755859375
2001-06-25,2050.8701171875,12.041008949279785,16.275480270385742,0.640500009059906,132.36224365234375,10.52303409576416,1218.5999755859375
2001-06-26,2064.6201171875,11.722258567810059,16.497577667236328,0.6625000238418579,128.5165557861328,10.544507026672363,1216.760009765625
2001-06-27,2074.739990234375,11.663711547851562,16.315338134765625,0.7020000219345093,127.12044525146484,10.415657997131348,1211.0699462890625
2001-06-28,2125.4599609375,12.086542129516602,16.87911605834961,0.7179999947547913,128.727294921875,10.602493286132812,1226.199951171875
2001-06-29,2160.5400390625,11.839349746704102,16.657024383544922,0.7074999809265137,129.0697021484375,10.480086326599121,1224.3800048828125
2001-07-02,2148.719970703125,12.502873420715332,17.1182918548584,0.7264999747276306,132.2305145263672,10.684097290039062,1236.719970703125
2001-07-03,2140.800048828125,12.48336410522461,17.346086502075195,0.7064999938011169,130.4130401611328,10.570281982421875,1234.449951171875
2001-07-05,2080.110107421875,11.436034202575684,16.993005752563477,0.7634999752044678,128.08753967285156,10.437131881713867,1219.239990234375
2001-07-06,2004.1600341796875,10.922130584716797,16.1900577545166,0.7634999752044678,123.91222381591797,10.166540145874023,1190.5899658203125
2001-07-09,2026.7099609375,11.22136116027832,16.457706451416016,0.7904999852180481,123.80651092529297,10.361966133117676,1198.780029296875
2001-07-10,1962.7900390625,10.538326263427734,15.825599670410156,0.7804999947547913,120.92606353759766,10.20090103149414,1181.52001953125
2001-07-11,1972.0400390625,10.863582611083984,15.979350090026855,0.7670000195503235,117.88703918457031,10.490819931030273,1180.1800537109375
2001-07-12,2075.739990234375,11.618176460266113,17.141071319580078,0.8245000243186951,124.202880859375,11.135090827941895,1208.1400146484375
2001-07-13,2084.7900390625,12.190629005432129,17.192325592041016,0.8489999771118164,125.39205932617188,11.360579490661621,1215.6800537109375
2001-07-16,2029.1199951171875,11.52059555053711,16.588693618774414,0.8004999756813049,122.14168548583984,11.485145568847656,1202.449951171875
2001-07-17,2067.320068359375,11.572640419006348,17.027183532714844,0.8174999952316284,121.85095977783203,11.457220077514648,1214.43994140625
2001-07-18,2016.1700439453125,11.156311988830566,16.45201301574707,0.7979999780654907,121.95674133300781,11.59251880645752,1207.7099609375
2001-07-19,2046.5899658203125,11.553128242492676,17.06134796142578,0.8245000243186951,122.82872009277344,11.646209716796875,1215.02001953125
2001-07-20,2029.3699951171875,11.702742576599121,17.04426383972168,0.8489999771118164,123.22514343261719,11.65694522857666,1210.8499755859375
2001-07-23,1988.56005859375,11.884885787963867,16.5146484375,0.8015000224113464,119.71051025390625,11.388503074645996,1191.030029296875
2001-07-24,1959.239990234375,11.95644760131836,16.44631576538086,0.6029999852180481,116.27500915527344,11.40353775024414,1171.6500244140625
2001-07-25,1984.3199462890625,12.1646089553833,16.75383186340332,0.5755000114440918,115.7465591430664,11.833047866821289,1190.489990234375
2001-07-26,2022.9599609375,12.606958389282227,16.958847045898438,0.6165000200271606,115.61441802978516,11.918944358825684,1202.9300537109375
2001-07-27,2029.0699462890625,12.398794174194336,16.63993263244629,0.612500011920929,117.99278259277344,11.899617195129395,1205.8199462890625
2001-07-30,2017.8399658203125,12.288207054138184,16.537437438964844,0.6274999976158142,115.21804809570312,12.000554084777832,1204.52001953125
2001-07-31,2027.1300048828125,12.502873420715332,16.975927352905273,0.6244999766349792,114.953857421875,12.004851341247559,1211.22998046875
2001-08-01,2068.3798828125,13.205429077148438,17.51123046875,0.625,113.10393524169922,11.813715934753418,1215.9300537109375
2001-08-02,2087.3798828125,13.172906875610352,18.28571891784668,0.609499990940094,111.51835632324219,12.02417278289795,1220.75
2001-08-03,2066.330078125,13.042800903320312,18.052082061767578,0.6075000166893005,112.97180938720703,11.895325660705566,1214.3499755859375
2001-08-06,2034.260009765625,12.711036682128906,17.25432586669922,0.5950000286102295,109.37785339355469,11.704192161560059,1200.47998046875
2001-08-07,2027.7900390625,12.528894424438477,17.44806671142578,0.5799999833106995,113.02465057373047,11.828751564025879,1204.4000244140625
2001-08-08,1966.3599853515625,11.696234703063965,16.872541427612305,0.5554999709129333,110.06486511230469,11.710634231567383,1183.530029296875
2001-08-09,1963.3199462890625,11.897896766662598,16.89533042907715,0.5230000019073486,110.7255630493164,11.633321762084961,1183.4300537109375
2001-08-10,1956.469970703125,11.92391586303711,17.0662841796875,0.4975000023841858,112.49607849121094,11.51091194152832,1190.1600341796875
2001-08-13,1982.25,11.845853805541992,17.41387176513672,0.5059999823570251,111.5976333618164,11.210254669189453,1191.2900390625
2001-08-14,1964.530029296875,11.481569290161133,17.294214248657227,0.5264999866485596,110.59344482421875,11.244616508483887,1186.72998046875
2001-08-15,1918.8900146484375,11.058736801147461,16.96941375732422,0.5040000081062317,110.40843200683594,11.167303085327148,1178.02001953125
2001-08-16,1930.3199462890625,11.370980262756348,17.185943603515625,0.49050000309944153,109.93283081054688,11.100727081298828,1181.6600341796875
2001-08-17,1867.010009765625,10.805034637451172,15.995010375976562,0.49950000643730164,107.81873321533203,10.909597396850586,1161.969970703125
2001-08-20,1881.3499755859375,10.993681907653809,16.0690860748291,0.5199999809265137,109.74774169921875,11.079254150390625,1171.4100341796875
2001-08-21,1831.300048828125,10.414727210998535,15.425185203552246,0.4945000112056732,106.94660186767578,10.724905967712402,1157.260009765625
2001-08-22,1860.010009765625,10.720465660095215,15.932329177856445,0.5099999904632568,107.95077514648438,10.789332389831543,1165.31005859375
2001-08-23,1842.969970703125,10.902612686157227,15.767082214355469,0.4814999997615814,108.45291900634766,10.681952476501465,1162.0899658203125
2001-08-24,1916.800048828125,11.871879577636719,16.570537567138672,0.5115000009536743,110.9634017944336,10.94180679321289,1184.9300537109375
2001-08-27,1912.4100341796875,11.715754508972168,16.610422134399414,0.5065000057220459,111.4391098022461,10.821544647216797,1179.2099609375
2001-08-28,1864.97998046875,11.117277145385742,16.245731353759766,0.4984999895095825,108.95506286621094,10.75926685333252,1161.510009765625
2001-08-29,1843.1700439453125,11.1107759475708,16.012107849121094,0.4595000147819519,107.31659698486328,10.555251121520996,1148.56005859375
2001-08-30,1791.6800537109375,10.414727210998535,15.459371566772461,0.4345000088214874,106.23316192626953,10.222373008728027,1129.030029296875
2001-08-31,1805.4300537109375,10.622889518737793,15.932329177856445,0.44699999690055847,108.08297729492188,10.319018363952637,1133.5799560546875
2001-09-04,1770.780029296875,10.258604049682617,15.29981803894043,0.429500013589859,107.8979721069336,10.40492057800293,1132.93994140625
2001-09-05,1759.010009765625,9.679643630981445,15.65311336517334,0.3824999928474426,110.19705963134766,10.555251121520996,1131.739990234375
2001-09-06,1705.6400146484375,9.36739444732666,14.872458457946777,0.4074999988079071,107.02588653564453,10.172986030578613,1106.4000244140625
2001-09-07,1687.699951171875,9.341377258300781,14.752782821655273,0.4255000054836273,104.8061752319336,9.926013946533203,1085.780029296875
2001-09-10,1695.3800048828125,9.412933349609375,14.855359077453613,0.43149998784065247,103.98687744140625,9.92816162109375,1092.5400390625
2001-09-17,1579.550048828125,9.10719108581543,13.442193984985352,0.37450000643730164,92.88789367675781,9.44925594329834,1038.77001953125
2001-09-18,1555.0799560546875,8.827473640441895,13.37381362915039,0.3644999861717224,89.45250701904297,9.739177703857422,1032.739990234375
2001-09-19,1527.800048828125,8.775431632995605,12.695717811584473,0.36550000309944153,85.88497161865234,9.775736808776855,1016.0999755859375
2001-09-20,1470.9300537109375,8.378619194030762,11.778302192687988,0.37400001287460327,80.2562255859375,9.745628356933594,984.5399780273438
2001-09-21,1423.18994140625,7.864711284637451,10.997633934020996,0.37400001287460327,82.7138442993164,9.605823516845703,965.7999877929688
2001-09-24,1499.4000244140625,8.170453071594238,12.14299201965332,0.37299999594688416,93.02005004882812,10.169349670410156,1003.4500122070312
2001-09-25,1501.6400146484375,8.1964750289917,12.35382080078125,0.3544999957084656,93.81282806396484,10.410248756408691,1012.27001953125
2001-09-26,1464.0400390625,7.95578145980835,11.909358024597168,0.3174999952316284,94.18453216552734,10.642539024353027,1007.0399780273438
2001-09-27,1460.7099609375,7.311774253845215,11.709927558898926,0.3100000023841858,95.43216705322266,10.623186111450195,1018.6099853515625
2001-09-28,1498.800048828125,7.923257350921631,11.64724063873291,0.2985000014305115,98.7503433227539,10.64684772491455,1040.93994140625
2001-10-01,1480.4599609375,7.741116046905518,11.402213096618652,0.3005000054836273,99.91839599609375,10.702766418457031,1038.550048828125
2001-10-02,1492.3299560546875,7.467899799346924,11.134393692016602,0.30399999022483826,101.00675201416016,11.098530769348145,1051.3299560546875
2001-10-03,1580.81005859375,9.074664115905762,12.097403526306152,0.33799999952316284,101.27220916748047,11.341581344604492,1072.280029296875
2001-10-04,1597.31005859375,9.380410194396973,12.27974796295166,0.35199999809265137,99.2547378540039,11.07702350616455,1069.6300048828125
2001-10-05,1605.300048828125,9.718674659729004,12.513374328613281,0.36000001430511475,99.41397857666016,11.270602226257324,1071.3800048828125
2001-10-08,1605.949951171875,9.790230751037598,12.672921180725098,0.35600000619888306,97.6884994506836,10.993138313293457,1062.43994140625
2001-10-09,1570.18994140625,9.490995407104492,12.222764015197754,0.34549999237060547,97.7416763305664,11.201775550842285,1056.75
2001-10-10,1626.260009765625,9.855286598205566,13.140185356140137,0.3630000054836273,100.63511657714844,11.535161972045898,1080.989990234375
2001-10-11,1701.469970703125,10.707457542419434,13.966431617736816,0.39250001311302185,103.39586639404297,11.505046844482422,1097.4300537109375
2001-10-12,1703.4000244140625,11.02620792388916,14.257044792175293,0.4034999907016754,103.52859497070312,11.37814712524414,1091.6500244140625
2001-10-15,1696.31005859375,10.544827461242676,13.89236068725586,0.4440000057220459,103.15694427490234,11.502897262573242,1089.97998046875
2001-10-16,1722.0699462890625,11.039215087890625,14.222845077514648,0.4779999852180481,102.12165069580078,11.429762840270996,1097.5400390625
2001-10-17,1646.3399658203125,10.148015022277832,14.000618934631348,0.44600000977516174,98.61762237548828,11.23188591003418,1077.0899658203125
2001-10-18,1652.719970703125,10.876590728759766,13.704305648803711,0.4235000014305115,98.88304901123047,11.163060188293457,1068.6099853515625
2001-10-19,1671.31005859375,10.876590728759766,13.7612886428833,0.40049999952316284,98.88304901123047,11.401808738708496,1073.47998046875
2001-10-22,1708.0799560546875,10.94814682006836,14.416594505310059,0.43849998712539673,99.83870697021484,11.408259391784668,1089.9000244140625
2001-10-23,1704.43994140625,10.674933433532715,14.245645523071289,0.47749999165534973,98.93619537353516,11.315766334533691,1084.780029296875
2001-10-24,1731.5400390625,11.208351135253906,14.51916217803955,0.38199999928474426,98.43177032470703,11.287809371948242,1085.199951171875
2001-10-25,1775.469970703125,11.540111541748047,14.872458457946777,0.38850000500679016,100.52894592285156,11.464178085327148,1100.0899658203125
2001-10-26,1768.9599609375,11.247384071350098,14.73569107055664,0.3779999911785126,103.21012878417969,11.489988327026367,1104.6099853515625
2001-10-29,1699.52001953125,10.681437492370605,13.778389930725098,0.35249999165534973,99.36085510253906,11.163060188293457,1078.300048828125
2001-10-30,1667.4100341796875,10.779012680053711,13.41369915008545,0.32100000977516174,96.46744537353516,10.88344669342041,1059.7900390625
2001-10-31,1690.199951171875,11.006692886352539,13.915144920349121,0.3490000069141388,96.65324401855469,11.055516242980957,1059.780029296875
2001-11-01,1746.300048828125,11.488075256347656,14.781283378601074,0.3474999964237213,100.63511657714844,11.236183166503906,1084.0999755859375
2001-11-02,1745.72998046875,11.227867126464844,14.986417770385742,0.33550000190734863,100.76780700683594,11.393200874328613,1087.199951171875
2001-11-05,1793.6500244140625,11.644198417663574,15.374189376831055,0.34950000047683716,102.91802215576172,11.593228340148926,1102.8399658203125
2001-11-06,1835.0799560546875,12.014988899230957,16.109832763671875,0.35249999165534973,105.65229034423828,11.816925048828125,1118.8599853515625
2001-11-07,1837.530029296875,12.314223289489746,16.132633209228516,0.3714999854564667,104.45767211914062,11.57602596282959,1115.800048828125
2001-11-08,1827.77001953125,12.418310165405273,16.126941680908203,0.34850001335144043,107.11227416992188,11.722284317016602,1118.5400390625
2001-11-09,1828.47998046875,12.489867210388184,15.89884090423584,0.35600000619888306,107.27157592773438,11.851334571838379,1120.31005859375
2001-11-12,1840.1300048828125,12.528894424438477,16.183963775634766,0.35249999165534973,104.6700668334961,11.954580307006836,1118.3299560546875
2001-11-13,1892.1099853515625,12.737061500549316,17.13629722595215,0.3644999861717224,107.66971588134766,11.67066478729248,1139.0899658203125
2001-11-14,1903.18994140625,12.93871784210205,17.860525131225586,0.47450000047683716,108.51921844482422,11.890050888061523,1141.2099609375
2001-11-15,1900.5699462890625,13.101350784301758,17.552593231201172,0.45249998569488525,110.29780578613281,12.044915199279785,1142.239990234375
2001-11-16,1898.5799560546875,13.02328109741211,17.467039108276367,0.44749999046325684,108.43953704833984,11.851334571838379,1138.6500244140625
2001-11-19,1934.4200439453125,13.472140312194824,17.672338485717773,0.4595000147819519,109.50142669677734,11.991142272949219,1151.06005859375
2001-11-20,1880.510009765625,12.873669624328613,17.079275131225586,0.4300000071525574,109.10315704345703,11.980396270751953,1142.6600341796875
2001-11-21,1875.050048828125,12.457338333129883,17.569692611694336,0.4399999976158142,107.37769317626953,11.855639457702637,1137.030029296875
2001-11-23,1903.199951171875,12.743571281433105,17.71225357055664,0.45399999618530273,108.89088439941406,12.001900672912598,1150.3399658203125
2001-11-26,1941.22998046875,12.96474838256836,18.174171447753906,0.6104999780654907,109.687255859375,11.991142272949219,1157.4200439453125
2001-11-27,1935.969970703125,12.815125465393066,18.425085067749023,0.5740000009536743,109.02359771728516,11.847033500671387,1149.5
2001-11-28,1887.969970703125,12.28170394897461,18.11144256591797,0.5795000195503235,104.45767211914062,11.829827308654785,1128.52001953125
2001-11-29,1933.260009765625,12.93871784210205,18.430782318115234,0.5575000047683716,105.4664535522461,11.754549980163574,1140.199951171875
2001-11-30,1930.5799560546875,13.296502113342285,18.624677658081055,0.5659999847412109,102.20133972167969,11.862092971801758,1139.449951171875
2001-12-03,1904.9000244140625,12.91920280456543,18.271108627319336,0.5245000123977661,98.00704956054688,11.739490509033203,1129.9000244140625
2001-12-04,1963.0999755859375,13.348544120788574,18.73872947692871,0.5964999794960022,99.1485366821289,11.866395950317383,1144.800048828125
2001-12-05,2046.8399658203125,14.012066841125488,19.736675262451172,0.5879999995231628,99.67942810058594,12.167516708374023,1170.3499755859375
2001-12-06,2054.27001953125,14.174701690673828,19.48006248474121,0.6050000190734863,100.21035766601562,11.96318244934082,1167.0999755859375
2001-12-07,2021.260009765625,13.76486873626709,18.95542335510254,0.5855000019073486,98.61762237548828,11.90295696258545,1158.31005859375
2001-12-10,1992.1199951171875,13.491653442382812,18.79005241394043,0.5824999809265137,97.6884994506836,11.67281723022461,1139.9300537109375
2001-12-11,2001.9300537109375,13.517675399780273,18.926908493041992,0.6119999885559082,97.66195678710938,11.63194751739502,1136.760009765625
2001-12-12,2011.3800048828125,13.33553409576416,19.4344425201416,0.5954999923706055,98.3521499633789,11.685721397399902,1137.0699462890625
2001-12-13,1946.510009765625,12.366260528564453,18.57334327697754,0.5444999933242798,98.3521499633789,11.477086067199707,1119.3800048828125
2001-12-14,1953.1700439453125,12.61346435546875,18.972536087036133,0.550000011920929,99.9449234008789,11.627646446228027,1123.0899658203125
2001-12-17,1987.449951171875,12.528894424438477,19.371719360351562,0.5404999852180481,101.6703872680664,12.01265811920166,1134.3599853515625
2001-12-18,2004.760009765625,12.763083457946777,19.280471801757812,0.5429999828338623,105.43988037109375,11.997599601745605,1142.9200439453125
2001-12-19,1982.8900146484375,12.587443351745605,18.847076416015625,0.5354999899864197,108.25374603271484,12.120353698730469,1149.56005859375
2001-12-20,1918.5400390625,11.897896766662598,18.236896514892578,0.5074999928474426,108.41304779052734,12.116043090820312,1139.9300537109375
2001-12-21,1945.8299560546875,11.832841873168945,18.48210334777832,0.5,109.76692962646484,12.398168563842773,1144.8900146484375
2001-12-24,1944.47998046875,11.780807495117188,18.259714126586914,0.49149999022483826,109.34205627441406,12.303404808044434,1144.6500244140625
2001-12-26,1960.699951171875,11.865374565124512,18.413677215576172,0.5550000071525574,107.64315032958984,12.5230712890625,1149.3699951171875
2001-12-27,1976.4200439453125,12.028000831604004,18.630386352539062,0.5299999713897705,109.18968963623047,12.570448875427246,1157.1300048828125
2001-12-28,1987.260009765625,12.060522079467773,18.385162353515625,0.5450000166893005,108.60306549072266,12.56615161895752,1161.02001953125
2001-12-31,1950.4000244140625,11.780807495117188,17.934656143188477,0.5410000085830688,106.86993408203125,12.393857955932617,1148.0799560546875
2002-01-02,1979.25,12.509377479553223,18.818572998046875,0.5479999780654907,109.18968963623047,12.501535415649414,1154.6700439453125
2002-01-03,2044.27001953125,13.504666328430176,20.255615234375,0.5950000286102295,108.28316497802734,12.486458778381348,1165.27001953125
2002-01-04,2059.3798828125,13.550200462341309,20.40958595275879,0.612500011920929,109.18968963623047,12.404623985290527,1172.510009765625
2002-01-07,2037.0999755859375,13.355048179626465,20.113054275512695,0.6169999837875366,104.95010375976562,12.359400749206543,1164.8900146484375
2002-01-08,2055.739990234375,13.628267288208008,20.289831161499023,0.5924999713897705,103.85687255859375,12.45631217956543,1160.7099609375
2002-01-09,2044.8900146484375,13.563214302062988,20.164379119873047,0.5764999985694885,102.79031372070312,12.146198272705078,1155.1400146484375
2002-01-10,2047.239990234375,13.660788536071777,19.759485244750977,0.5519999861717224,102.9502944946289,12.275410652160645,1156.550048828125
2002-01-11,2022.4599609375,13.146882057189941,19.702465057373047,0.5515000224113464,101.93705749511719,12.01698112487793,1145.5999755859375
2002-01-14,1990.739990234375,12.769583702087402,19.86783790588379,0.5055000185966492,101.05712127685547,12.008363723754883,1138.4100341796875
2002-01-15,2000.9100341796875,12.80211353302002,19.776599884033203,0.5145000219345093,103.21695709228516,12.247415542602539,1146.18994140625
2002-01-16,1944.43994140625,12.320734024047852,19.223447799682617,0.45649999380111694,100.57719421386719,12.057890892028809,1127.5699462890625
2002-01-17,1985.8199462890625,12.67200756072998,19.691055297851562,0.4869999885559082,103.32367706298828,12.223725318908691,1138.8800048828125
2002-01-18,1930.3399658203125,12.262188911437988,19.092281341552734,0.5080000162124634,103.1369857788086,12.135430335998535,1127.5799560546875
2002-01-22,1882.530029296875,11.748279571533203,18.077220916748047,0.6299999952316284,102.12373352050781,12.492918014526367,1119.31005859375
2002-01-23,1922.3800048828125,12.314223289489746,18.504919052124023,0.6234999895095825,100.39053344726562,12.891329765319824,1128.1800537109375
2002-01-24,1942.5799560546875,12.392285346984863,18.932613372802734,0.7005000114440918,100.12386322021484,12.850411415100098,1132.1500244140625
2002-01-25,1937.699951171875,12.444331169128418,19.206342697143555,0.722000002861023,102.0170669555664,12.576910972595215,1133.280029296875
2002-01-28,1943.9100341796875,12.815125465393066,19.34319305419922,0.7749999761581421,101.72373962402344,12.62644100189209,1133.06005859375
2002-01-29,1892.989990234375,12.366260528564453,18.636079788208008,0.7110000252723694,97.2175064086914,12.47138500213623,1100.6400146484375
2002-01-30,1913.43994140625,12.580934524536133,19.30898666381836,0.6949999928474426,98.33736419677734,12.867643356323242,1113.5699462890625
2002-01-31,1934.030029296875,12.88017463684082,19.981895446777344,0.7095000147819519,99.05732727050781,12.917177200317383,1130.199951171875
2002-02-01,1911.239990234375,12.49637222290039,19.770891189575195,0.6865000128746033,98.25738525390625,12.762121200561523,1122.199951171875
2002-02-04,1855.530029296875,11.910904884338379,19.377418518066406,0.6265000104904175,93.32451629638672,12.684595108032227,1094.43994140625
2002-02-05,1838.52001953125,12.034504890441895,19.28612518310547,0.574999988079071,96.5509033203125,12.66305160522461,1090.02001953125
2002-02-06,1812.7099609375,12.106062889099121,18.78399658203125,0.5630000233650208,98.5506820678711,12.680280685424805,1083.510009765625
2002-02-07,1782.1099853515625,11.097764015197754,18.43593406677246,0.5619999766349792,99.190673828125,12.574759483337402,1080.1700439453125
2002-02-08,1818.8800048828125,10.902612686157227,18.55576515197754,0.6259999871253967,99.32395935058594,12.738429069519043,1096.219970703125
2002-02-11,1846.6600341796875,11.507591247558594,19.154876708984375,0.6650000214576721,100.79048919677734,12.97531509399414,1111.93994140625
2002-02-12,1834.2099609375,11.227867126464844,18.812530517578125,0.6449999809265137,99.99060821533203,12.943022727966309,1107.5
2002-02-13,1859.1600341796875,11.397005081176758,19.046478271484375,0.6644999980926514,101.59038543701172,12.947328567504883,1118.510009765625
2002-02-14,1843.3699951171875,11.357973098754883,19.023649215698242,0.6940000057220459,101.3238296508789,13.027009010314941,1116.47998046875
2002-02-15,1805.199951171875,11.117277145385742,18.424530029296875,0.6704999804496765,98.95069885253906,12.92794418334961,1104.1800537109375
2002-02-19,1750.6099853515625,10.935136795043945,17.882455825805664,0.6504999995231628,97.05753326416016,12.768580436706543,1083.3399658203125
2002-02-20,1775.5699462890625,10.857074737548828,17.939516067504883,0.6480000019073486,100.17723083496094,12.925789833068848,1097.97998046875
2002-02-21,1716.239990234375,9.829261779785156,16.821144104003906,0.6629999876022339,100.04388427734375,12.82457160949707,1080.949951171875
2002-02-22,1724.5400390625,9.913829803466797,16.849679946899414,0.6535000205039978,101.56379699707031,12.91071605682373,1089.8399658203125
2002-02-25,1769.8800048828125,10.148015022277832,17.699871063232422,0.6865000128746033,104.5234603881836,13.061467170715332,1109.4300537109375
2002-02-26,1766.8599853515625,10.082962036132812,17.1292724609375,0.7200000286102295,103.32367706298828,13.373733520507812,1109.3800048828125
2002-02-27,1751.8800048828125,9.263317108154297,17.055095672607422,0.7135000228881836,103.80584716796875,13.406044006347656,1109.8900146484375
2002-02-28,1731.489990234375,9.282830238342285,16.290494918823242,0.7049999833106995,103.13612365722656,13.354358673095703,1106.72998046875
2002-03-01,1802.739990234375,9.757706642150879,17.67703628540039,0.7695000171661377,105.6810073852539,13.526633262634277,1131.780029296875
2002-03-04,1859.3199462890625,10.720465660095215,18.1734619140625,0.8240000009536743,107.69014739990234,13.563246726989746,1153.8399658203125
2002-03-05,1866.2900390625,10.739983558654785,18.65846061706543,0.7985000014305115,108.49378967285156,13.085152626037598,1146.1400146484375
2002-03-06,1890.4000244140625,10.909114837646484,18.80681800842285,0.8165000081062317,111.306640625,13.115302085876465,1162.77001953125
2002-03-07,1881.6300048828125,11.058736801147461,18.818235397338867,0.781000018119812,109.69926452636719,13.287591934204102,1157.5400390625
2002-03-08,1929.6700439453125,11.579146385192871,19.497243881225586,0.8174999952316284,108.76171875,13.46418285369873,1164.31005859375
2002-03-11,1929.489990234375,11.331947326660156,19.069293975830078,0.8355000019073486,110.23505401611328,13.466339111328125,1168.260009765625
2002-03-12,1897.1199951171875,10.909114837646484,18.823944091796875,0.815500020980835,110.10105895996094,13.401732444763184,1165.5799560546875
2002-03-13,1862.030029296875,10.642407417297363,17.882455825805664,0.7870000004768372,107.15436553955078,13.350049018859863,1154.0899658203125
2002-03-14,1854.1400146484375,10.889604568481445,17.671342849731445,0.7239999771118164,108.25273132324219,13.4103422164917,1153.0400390625
2002-03-15,1868.300048828125,10.759496688842773,18.110698699951172,0.7014999985694885,107.66339874267578,13.729072570800781,1166.1600341796875
2002-03-18,1877.06005859375,10.746491432189941,18.04222869873047,0.7505000233650208,106.88650512695312,13.686007499694824,1165.550048828125
2002-03-19,1880.8699951171875,10.889604568481445,18.099287033081055,0.7329999804496765,106.88650512695312,13.666618347167969,1170.2900390625
2002-03-20,1832.8699951171875,10.421232223510742,17.420269012451172,0.7250000238418579,103.93974304199219,13.622419357299805,1151.8499755859375
2002-03-21,1868.8299560546875,10.726970672607422,17.916690826416016,0.7584999799728394,100.32324981689453,13.41112232208252,1153.5899658203125
2002-03-22,1851.3900146484375,10.779012680053711,17.454505920410156,0.7764999866485596,101.44839477539062,13.378776550292969,1148.699951171875
2002-03-25,1812.489990234375,10.525310516357422,17.117855072021484,0.7369999885559082,99.2249526977539,13.212763786315918,1131.8699951171875
2002-03-26,1824.1700439453125,10.596872329711914,17.55721664428711,0.7415000200271606,99.94825744628906,13.404655456542969,1138.489990234375
2002-03-27,1826.75,10.629396438598633,17.351808547973633,0.7124999761581421,100.32324981689453,13.368003845214844,1144.5799560546875
2002-03-28,1845.3499755859375,11.013199806213379,17.351808547973633,0.7149999737739563,100.18934631347656,13.217074394226074,1147.3900146484375
2002-04-01,1862.6199951171875,11.397005081176758,17.785451889038086,0.7400000095367432,99.92144012451172,12.841899871826172,1146.5400390625
2002-04-02,1804.4000244140625,10.681437492370605,17.134971618652344,0.7124999761581421,99.3857192993164,12.70606803894043,1136.760009765625
2002-04-03,1784.3499755859375,10.798528671264648,17.043684005737305,0.6834999918937683,98.44812774658203,12.634916305541992,1125.4000244140625
2002-04-04,1789.75,10.974163055419922,17.454505920410156,0.6769999861717224,99.92144012451172,12.781535148620605,1126.3399658203125
2002-04-05,1770.030029296875,10.505794525146484,17.146387100219727,0.675000011920929,99.3857192993164,12.751351356506348,1122.72998046875
2002-04-08,1785.8699951171875,10.525310516357422,17.07791519165039,0.6974999904632568,98.74275970458984,12.889336585998535,1125.2900390625
2002-04-09,1742.5699462890625,9.640613555908203,16.23914909362793,0.6800000071525574,97.64443969726562,12.958334922790527,1117.800048828125
2002-04-10,1767.0699462890625,10.11548900604248,16.69561767578125,0.6740000247955322,99.65357208251953,13.059667587280273,1130.469970703125
2002-04-11,1725.239990234375,9.673140525817871,16.513038635253906,0.6370000243186951,90.41146850585938,12.973429679870605,1103.68994140625
2002-04-12,1756.18994140625,9.952862739562988,16.199199676513672,0.6654999852180481,89.87571716308594,13.201977729797363,1111.010009765625
2002-04-15,1753.780029296875,9.764212608337402,16.039430618286133,0.6945000290870667,85.3216552734375,12.921680450439453,1102.550048828125
2002-04-16,1816.7900390625,10.135004997253418,16.838266372680664,0.7005000114440918,88.67024230957031,12.936774253845215,1128.3699951171875
2002-04-17,1810.6700439453125,10.388704299926758,17.483034133911133,0.7409999966621399,90.14360809326172,12.783689498901367,1126.0699462890625
2002-04-18,1802.4300537109375,10.043935775756836,17.374629974365234,0.7129999995231628,90.54546356201172,12.537890434265137,1124.469970703125
2002-04-19,1796.8299560546875,9.926838874816895,17.17491912841797,0.7264999747276306,90.27758026123047,12.70606803894043,1125.1700439453125
2002-04-22,1758.6800537109375,9.673140525817871,17.1520938873291,0.715499997138977,88.02729034423828,12.408523559570312,1107.8299560546875
2002-04-23,1730.2900390625,9.113698959350586,16.855388641357422,0.703000009059906,87.86658477783203,12.516329765319824,1100.9599609375
2002-04-24,1713.3399658203125,9.386911392211914,16.495912551879883,0.8395000100135803,87.06291961669922,12.38696002960205,1093.1400146484375
2002-04-25,1713.699951171875,9.490995407104492,16.59861946105957,0.8410000205039978,85.8574447631836,12.289935111999512,1091.47998046875
2002-04-26,1663.8900146484375,9.048645973205566,16.04514503479004,0.8454999923706055,84.38408660888672,12.031201362609863,1076.3199462890625
2002-04-29,1656.9300537109375,9.191762924194336,15.999489784240723,0.8090000152587891,82.64276885986328,12.11744499206543,1065.449951171875
2002-04-30,1688.22998046875,9.530024528503418,16.324739456176758,0.8345000147819519,84.51803588867188,12.044132232666016,1076.9200439453125
2002-05-01,1677.530029296875,8.912040710449219,16.336149215698242,0.8245000243186951,84.91983795166016,12.246813774108887,1086.4599609375
2002-05-02,1644.8199462890625,8.873007774353027,15.902497291564941,0.8159999847412109,84.65196990966797,12.214472770690918,1084.56005859375
2002-05-03,1613.030029296875,8.547751426696777,15.165900230407715,0.8025000095367432,84.91983795166016,11.912614822387695,1073.4300537109375
2002-05-06,1578.47998046875,8.385124206542969,14.72050952911377,0.8059999942779541,82.96427154541016,11.64094066619873,1052.6700439453125
2002-05-07,1573.8199462890625,8.508720397949219,14.931781768798828,0.8054999709129333,82.1070327758789,11.860861778259277,1049.489990234375
2002-05-08,1696.2900390625,10.583858489990234,16.547719955444336,0.8659999966621399,88.0005111694336,12.158409118652344,1088.8499755859375
2002-05-09,1650.489990234375,10.245591163635254,16.125186920166016,0.8865000009536743,84.3572769165039,11.856551170349121,1073.010009765625
2002-05-10,1600.8499755859375,10.030922889709473,15.422846794128418,0.847000002861023,82.1070327758789,11.569786071777344,1054.989990234375
2002-05-13,1652.5400390625,10.213067054748535,16.28506088256836,0.8659999966621399,82.64276885986328,11.867326736450195,1074.56005859375
2002-05-14,1719.050048828125,10.700952529907227,17.215808868408203,0.940500020980835,84.59832763671875,12.37402629852295,1097.280029296875
2002-05-15,1725.56005859375,10.77251148223877,17.26719856262207,0.996999979019165,82.85710144042969,12.240341186523438,1091.0699462890625
2002-05-16,1730.43994140625,11.065241813659668,17.569828033447266,0.9804999828338623,85.7235107421875,12.581018447875977,1098.22998046875
2002-05-17,1741.3900146484375,11.22136116027832,17.815359115600586,0.9580000042915344,89.60783386230469,12.576699256896973,1106.5899658203125
2002-05-20,1701.5899658203125,10.785518646240234,17.238645553588867,0.9695000052452087,87.3308334350586,12.462427139282227,1091.8800048828125
2002-05-21,1664.1800537109375,10.512304306030273,16.599119186401367,0.9380000233650208,86.12532043457031,12.203691482543945,1079.8800048828125
2002-05-22,1673.449951171875,10.77251148223877,16.896038055419922,0.9375,85.50918579101562,12.246813774108887,1086.02001953125
2002-05-23,1697.6300048828125,10.993681907653809,16.781845092773438,0.9725000262260437,88.2684326171875,12.141168594360352,1097.0799560546875
2002-05-24,1661.489990234375,10.779012680053711,16.364999771118164,0.9735000133514404,87.3308334350586,11.9708251953125,1083.8199462890625
2002-05-28,1652.1700439453125,10.655415534973145,16.187986373901367,0.953000009059906,85.8574447631836,11.813434600830078,1074.550048828125
2002-05-29,1624.3900146484375,10.1805419921875,15.571308135986328,0.9455000162124634,84.11619567871094,11.757364273071289,1067.6600341796875
2002-05-30,1631.9200439453125,10.414727210998535,15.656964302062988,0.9185000061988831,83.58036041259766,11.64094066619873,1064.6600341796875
2002-05-31,1615.72998046875,10.265106201171875,15.77115535736084,0.9114999771118164,83.41963958740234,11.664651870727539,1067.1400146484375
2002-06-03,1562.56005859375,9.97237491607666,15.200155258178711,0.8980000019073486,80.66046142578125,11.459824562072754,1040.6800537109375
2002-06-04,1578.1199951171875,10.4602632522583,15.702637672424316,0.8985000252723694,80.49971771240234,11.643096923828125,1040.68994140625
2002-06-05,1595.260009765625,10.356181144714355,16.090930938720703,0.8995000123977661,80.7676010131836,11.850079536437988,1049.9000244140625
2002-06-06,1554.8800048828125,10.0569429397583,15.417145729064941,0.9085000157356262,78.4906005859375,11.664651870727539,1029.1500244140625
2002-06-07,1535.47998046875,10.232580184936523,12.562114715576172,0.9290000200271606,80.90154266357422,11.735807418823242,1027.530029296875
2002-06-10,1530.68994140625,10.06344985961914,12.031078338623047,0.8650000095367432,80.23179626464844,12.160568237304688,1030.739990234375
2002-06-11,1497.1800537109375,9.751202583312988,11.545716285705566,0.8569999933242798,78.75846099853516,12.171348571777344,1013.5999755859375
2002-06-12,1519.1199951171875,9.946355819702148,12.322288513183594,0.8539999723434448,81.30339050292969,12.57022762298584,1020.260009765625
2002-06-13,1496.8800048828125,9.686150550842285,12.053912162780762,0.8715000152587891,79.96395111083984,12.182124137878418,1009.5599975585938
2002-06-14,1504.739990234375,9.302347183227539,12.15098762512207,0.8410000205039978,79.56211853027344,12.279155731201172,1007.27001953125
2002-06-17,1553.2900390625,9.803239822387695,12.881871223449707,0.9204999804496765,81.73201751708984,12.572388648986816,1036.1700439453125
2002-06-18,1542.9599609375,9.569055557250977,12.573525428771973,0.9390000104904175,83.44650268554688,12.624134063720703,1037.1400146484375
2002-06-19,1496.8299560546875,9.425945281982422,11.471488952636719,0.9150000214576721,81.30339050292969,12.394207954406738,1019.989990234375
2002-06-20,1464.75,9.159234046936035,10.986139297485352,0.8774999976158142,79.56211853027344,12.197750091552734,1006.2899780273438
2002-06-21,1440.9599609375,8.938060760498047,10.69492244720459,0.8765000104904175,77.55298614501953,11.869601249694824,989.1400146484375
2002-06-24,1460.3399658203125,9.146224975585938,11.03752613067627,0.8755000233650208,79.29422760009766,12.035834312438965,992.719970703125
2002-06-25,1423.989990234375,8.749410629272461,10.460814476013184,0.7670000195503235,77.4190444946289,11.895506858825684,976.1400146484375
2002-06-26,1429.3299560546875,8.736400604248047,10.626408576965332,0.7925000190734863,79.52164459228516,12.007765769958496,973.530029296875
2002-06-27,1459.199951171875,8.990099906921387,10.64924430847168,0.7929999828338623,80.59989929199219,12.45682430267334,990.6400146484375
2002-06-28,1463.2099609375,9.074664115905762,10.432262420654297,0.8125,78.30858612060547,11.876075744628906,989.8200073242188
2002-07-01,1403.800048828125,8.515230178833008,10.015427589416504,0.6775000095367432,76.69120788574219,11.744388580322266,968.6500244140625
2002-07-02,1357.8199462890625,8.170453071594238,9.461553573608398,0.6660000085830688,75.74774932861328,11.53281021118164,948.0900268554688
2002-07-03,1380.1700439453125,8.48270320892334,10.13534164428711,0.7124999761581421,75.20858764648438,11.882550239562988,953.989990234375
2002-07-05,1448.3599853515625,9.139719009399414,11.15743637084961,0.7605000138282776,80.03382110595703,12.089805603027344,989.030029296875
2002-07-08,1405.6099853515625,8.892520904541016,10.563593864440918,0.746999979019165,79.33299255371094,12.003449440002441,976.97998046875
2002-07-09,1381.1199951171875,8.547751426696777,10.255245208740234,0.7799999713897705,76.28685760498047,11.798364639282227,952.8300170898438
2002-07-10,1346.010009765625,8.78843879699707,9.598596572875977,0.7480000257492065,72.91728973388672,11.606215476989746,920.469970703125
2002-07-11,1374.4300537109375,9.139719009399414,10.420842170715332,0.7774999737739563,73.72599792480469,11.696887969970703,927.3699951171875
2002-07-12,1373.5,9.354391098022461,10.272377967834473,0.7714999914169312,77.0955581665039,11.409754753112793,921.3900146484375
2002-07-15,1382.6199951171875,9.393417358398438,10.917619705200195,0.796999990940094,76.15211486816406,11.53713321685791,917.9299926757812
2002-07-16,1375.260009765625,9.282830238342285,10.48365306854248,0.8144999742507935,74.26513671875,10.768568992614746,900.9400024414062
2002-07-17,1397.25,9.627602577209473,11.100337028503418,0.8080000281333923,76.15211486816406,10.41666316986084,906.0399780273438
2002-07-18,1356.949951171875,9.328368186950684,10.957587242126465,0.7774999737739563,74.66948699951172,10.23531723022461,881.5599975585938
2002-07-19,1319.1500244140625,8.879515647888184,10.64924430847168,0.7645000219345093,71.48857116699219,10.03885555267334,847.75
2002-07-22,1282.6500244140625,8.443665504455566,10.426551818847656,0.7749999761581421,69.17037963867188,9.628664016723633,819.8499755859375
2002-07-23,1229.050048828125,8.131422996520996,10.16960334777832,0.7275000214576721,66.85211181640625,9.736616134643555,797.7000122070312
2002-07-24,1290.22998046875,8.515230178833008,10.677790641784668,0.7049999833106995,71.51557159423828,10.349735260009766,843.4299926757812
2002-07-25,1240.0799560546875,7.552464962005615,9.981165885925293,0.6244999766349792,71.83904266357422,10.146799087524414,838.6799926757812
2002-07-26,1262.1199951171875,7.689072132110596,10.16960334777832,0.6464999914169312,74.93901824951172,10.401555061340332,852.8400268554688
2002-07-29,1335.25,8.658337593078613,10.786285400390625,0.7164999842643738,82.0825424194336,10.69300651550293,898.9600219726562
2002-07-30,1344.18994140625,8.677854537963867,10.8319673538208,0.7384999990463257,85.18250274658203,10.604491233825684,902.780029296875
2002-07-31,1328.260009765625,8.580277442932129,10.729186058044434,0.7225000262260437,86.79985809326172,10.61744499206543,911.6199951171875
2002-08-01,1280.0,7.871214389801025,10.026849746704102,0.7080000042915344,84.64337921142578,10.233160972595215,884.6599731445312
2002-08-02,1247.9200439453125,7.734609603881836,9.541491508483887,0.6919999718666077,79.52164459228516,9.95250415802002,864.239990234375
2002-08-05,1206.010009765625,7.389834880828857,9.078426361083984,0.6434999704360962,76.28685760498047,9.844557762145996,834.5999755859375
2002-08-06,1259.550048828125,7.851702690124512,9.793039321899414,0.6869999766349792,79.92595672607422,10.207249641418457,859.5700073242188
2002-08-07,1280.9000244140625,8.450170516967773,10.13033390045166,0.6800000071525574,82.89119720458984,10.444729804992676,876.77001953125
2002-08-08,1316.52001953125,8.586780548095703,10.507651329040527,0.6949999928474426,86.1259765625,10.619603157043457,905.4600219726562
2002-08-09,1306.1199951171875,8.534741401672363,10.210373878479004,0.7129999995231628,87.33906555175781,10.621761322021484,908.6400146484375
2002-08-12,1306.8399658203125,8.723386764526367,10.021714210510254,0.7229999899864197,86.93468475341797,10.45120906829834,903.7999877929688
2002-08-13,1269.280029296875,8.697366714477539,9.547211647033691,0.6965000033378601,83.43035888671875,10.515975952148438,884.2100219726562
2002-08-14,1334.300048828125,9.33487606048584,10.456199645996094,0.6955000162124634,85.9912109375,11.360100746154785,919.6199951171875
2002-08-15,1345.010009765625,9.341377258300781,10.639140129089355,0.7310000061988831,87.04254150390625,11.81131362915039,930.25
2002-08-16,1361.010009765625,9.399922370910645,10.71917724609375,0.7450000047683716,85.04773712158203,11.612689018249512,928.77001953125
2002-08-19,1394.5400390625,9.57556438446045,11.125076293945312,0.7749999761581421,88.6598892211914,11.806988716125488,950.7000122070312
2002-08-20,1376.5899658203125,9.582066535949707,10.844948768615723,0.7990000247955322,86.93468475341797,11.6105318069458,937.4299926757812
2002-08-21,1409.25,9.829261779785156,11.199394226074219,0.7689999938011169,87.06942749023438,11.67746353149414,949.3599853515625
2002-08-22,1422.949951171875,9.822754859924316,10.947854042053223,0.7864999771118164,88.14775085449219,11.71199893951416,962.7000122070312
2002-08-23,1380.6199951171875,9.399922370910645,10.267533302307129,0.7584999799728394,86.93468475341797,11.483158111572266,940.8599853515625
2002-08-26,1391.739990234375,9.425945281982422,10.364727020263672,0.7465000152587891,86.44947814941406,11.528491020202637,947.9500122070312
2002-08-27,1347.780029296875,9.12020492553711,9.821622848510742,0.7260000109672546,86.1259765625,11.468045234680176,934.8200073242188
2002-08-28,1314.3800048828125,8.925050735473633,9.627249717712402,0.7285000085830688,84.373779296875,11.528491020202637,917.8699951171875
2002-08-29,1335.77001953125,9.237297058105469,9.798754692077637,0.7570000290870667,81.81294250488281,11.485318183898926,917.7999877929688
2002-08-30,1314.8499755859375,8.990099906921387,9.530061721801758,0.746999979019165,81.27381134033203,11.545768737792969,916.0700073242188
2002-09-03,1263.8399658203125,8.502217292785645,9.06699275970459,0.7300000190734863,76.71817779541016,11.198188781738281,878.02001953125
2002-09-04,1292.31005859375,8.632316589355469,9.209915161132812,0.7415000200271606,77.3651351928711,11.299653053283691,893.4000244140625
2002-09-05,1251.0,8.307059288024902,8.638224601745605,0.7124999761581421,75.47813415527344,10.997406959533691,879.1500244140625
2002-09-06,1295.300048828125,8.47619915008545,9.272802352905273,0.765500009059906,76.28685760498047,11.394647598266602,893.9199829101562
2002-09-09,1304.5999755859375,8.430657386779785,9.192766189575195,0.8255000114440918,77.5807876586914,11.502585411071777,902.9600219726562
2002-09-10,1320.0899658203125,8.736400604248047,9.415721893310547,0.8565000295639038,78.38949584960938,11.826422691345215,909.5800170898438
2002-09-11,1315.449951171875,8.827473640441895,9.50147819519043,0.8554999828338623,78.17379760742188,11.70120620727539,909.4500122070312
2002-09-12,1279.6800537109375,8.48270320892334,8.975522994995117,0.8374999761581421,75.47813415527344,11.468045234680176,886.9099731445312
2002-09-13,1291.4000244140625,8.489205360412598,9.164180755615234,0.8305000066757202,72.91728973388672,11.744388580322266,889.8099975585938
2002-09-16,1275.8800048828125,8.41114330291748,8.975522994995117,0.8355000019073486,75.20858764648438,11.819942474365234,891.0999755859375
2002-09-17,1259.93994140625,8.157444953918457,8.901200294494629,0.8675000071525574,74.66948699951172,11.714164733886719,873.52001953125
2002-09-18,1252.1300048828125,8.131422996520996,8.73541259765625,0.8865000009536743,73.72599792480469,11.756317138671875,869.4600219726562
2002-09-19,1216.449951171875,7.8061652183532715,8.5639066696167,0.8604999780654907,71.5694351196289,11.609309196472168,843.3200073242188
2002-09-20,1221.0899658203125,7.858205795288086,8.518171310424805,0.7929999828338623,72.10860443115234,11.8254976272583,845.3900146484375
2002-09-23,1184.9300537109375,7.780145645141602,8.07796859741211,0.8025000095367432,71.16513061523438,11.371500968933105,833.7000122070312
2002-09-24,1182.1700439453125,7.435372829437256,8.19802474975586,0.796500027179718,69.81732177734375,11.131531715393066,819.2899780273438
2002-09-25,1222.2900390625,7.780145645141602,8.689681053161621,0.7864999771118164,73.29190063476562,11.250434875488281,839.6599731445312
2002-09-26,1221.6099853515625,7.389834880828857,8.661091804504395,0.8575000166893005,71.63603973388672,11.611468315124512,854.9500122070312
2002-09-27,1199.1600341796875,7.305269241333008,8.358097076416016,0.8504999876022339,66.42415618896484,11.077484130859375,827.3699951171875
2002-09-30,1172.06005859375,6.817385673522949,7.940764904022217,0.796500027179718,66.91277313232422,10.645109176635742,815.280029296875
2002-10-01,1213.719970703125,7.116621494293213,8.38668155670166,0.8475000262260437,71.12025451660156,11.179096221923828,847.9099731445312
2002-10-02,1187.300048828125,6.537664413452148,8.175156593322754,0.8504999876022339,67.3199691772461,11.094780921936035,827.9099731445312
2002-10-03,1165.56005859375,6.381541728973389,7.912181377410889,0.8374999761581421,66.83133697509766,11.047222137451172,818.9500122070312
2002-10-04,1139.9000244140625,6.153860092163086,7.837860584259033,0.8274999856948853,65.17549133300781,11.187740325927734,800.5800170898438
2002-10-07,1119.4000244140625,5.9066643714904785,7.900744438171387,0.8320000171661377,62.298095703125,10.885077476501465,785.280029296875
2002-10-08,1129.219970703125,5.594419002532959,7.557732105255127,0.847000002861023,63.38390350341797,11.371500968933105,798.5499877929688
2002-10-09,1114.1099853515625,6.004241943359375,7.694940090179443,0.8429999947547913,59.71930694580078,10.96939468383789,776.760009765625
2002-10-10,1163.3699951171875,6.33600378036499,8.10655689239502,0.8980000019073486,61.348026275634766,11.163960456848145,803.9199829101562
2002-10-11,1210.469970703125,6.7133026123046875,8.701111793518066,0.9229999780654907,65.71837615966797,11.637409210205078,835.3200073242188
2002-10-14,1220.530029296875,6.498631000518799,8.632512092590332,0.9599999785423279,66.09844207763672,11.706596374511719,841.4400024414062
2002-10-15,1282.43994140625,7.1491475105285645,9.444310188293457,0.9470000267028809,71.12025451660156,12.169239044189453,881.27001953125
2002-10-16,1232.4200439453125,6.381541728973389,7.740674018859863,0.9745000004768372,69.49156188964844,12.270845413208008,860.02001953125
2002-10-17,1272.2900390625,6.615724563598633,8.135141372680664,0.9369999766349792,72.9932861328125,11.961695671081543,879.2000122070312
2002-10-18,1287.8599853515625,6.836899757385254,8.266624450683594,0.9520000219345093,72.34178924560547,12.167075157165527,884.3900146484375
2002-10-21,1309.6700439453125,7.123125076293945,8.832601547241211,0.9629999995231628,73.69903564453125,12.193020820617676,899.719970703125
2002-10-22,1292.800048828125,7.298765182495117,8.643942832946777,0.968999981880188,73.48189544677734,12.12816333770752,890.1599731445312
2002-10-23,1320.22998046875,7.324785232543945,9.23849868774414,0.987500011920929,73.02044677734375,12.372451782226562,896.1400146484375
2002-10-24,1298.7099609375,7.643536567687988,8.935501098632812,0.9929999709129333,70.57735443115234,12.208152770996094,882.5
2002-10-25,1331.1300048828125,7.663051605224609,9.48432445526123,0.9649999737739563,71.2288589477539,12.394074440002441,897.6500244140625
2002-10-28,1315.8299560546875,7.090600490570068,9.610097885131836,0.9294999837875366,71.2560043334961,12.121676445007324,890.22998046875
2002-10-29,1300.5400390625,6.895445346832275,9.375701904296875,0.9284999966621399,70.17019653320312,12.208152770996094,882.1500244140625
2002-10-30,1326.72998046875,7.097105979919434,9.71300220489502,0.9539999961853027,68.27003479003906,11.630929946899414,890.7100219726562
2002-10-31,1329.75,7.272745132446289,9.890225410461426,0.9679999947547913,68.54148864746094,11.57688045501709,885.760009765625
2002-11-01,1360.699951171875,7.552464962005615,10.461912155151367,0.9900000095367432,70.57735443115234,11.793071746826172,900.9600219726562
2002-11-04,1396.5400390625,8.007823944091797,10.730611801147461,0.9390000104904175,71.93463897705078,11.555264472961426,908.3499755859375
2002-11-05,1401.1700439453125,8.255020141601562,10.50168514251709,0.9359999895095825,71.93463897705078,11.764966011047363,915.3900146484375
2002-11-06,1418.989990234375,8.430657386779785,10.9595308303833,0.9670000076293945,72.20610809326172,11.747671127319336,923.760009765625
2002-11-07,1376.7099609375,8.033843040466309,10.553200721740723,0.9559999704360962,70.87596130371094,11.674161911010742,902.6500244140625
2002-11-08,1359.280029296875,8.170453071594238,10.387231826782227,0.9754999876022339,68.13428497314453,11.680654525756836,894.739990234375
2002-11-11,1319.18994140625,7.910248279571533,9.923666954040527,0.949999988079071,65.71837615966797,11.457978248596191,876.1900024414062
2002-11-12,1349.56005859375,8.372110366821289,10.181200981140137,0.9909999966621399,64.74114227294922,11.641738891601562,882.9500122070312
2002-11-13,1361.3299560546875,8.72989273071289,10.370063781738281,1.0204999446868896,65.39264678955078,11.886032104492188,882.530029296875
2002-11-14,1411.52001953125,9.10719108581543,10.993866920471191,1.0605000257492065,66.50558471679688,12.013586044311523,904.27001953125
2002-11-15,1411.1400146484375,9.159234046936035,10.759224891662598,1.1104999780654907,64.76831817626953,11.996283531188965,909.8300170898438
2002-11-18,1393.68994140625,9.048645973205566,10.616150856018066,1.121000051498413,64.06256103515625,11.604988098144531,900.3599853515625
2002-11-19,1374.510009765625,8.88602066040039,10.387231826782227,1.0644999742507935,64.87690734863281,11.440683364868164,896.739990234375
2002-11-20,1419.3499755859375,9.354391098022461,10.9595308303833,1.1449999809265137,67.3199691772461,11.760643005371094,914.1500244140625
2002-11-21,1467.550048828125,9.913829803466797,11.566164016723633,1.1699999570846558,72.88469696044922,11.66335678100586,933.760009765625
2002-11-22,1468.739990234375,9.686150550842285,11.474596977233887,1.1994999647140503,71.79891967773438,11.622281074523926,930.5499877929688
2002-11-25,1481.9000244140625,9.686150550842285,11.720685005187988,1.212499976158142,72.74896240234375,11.635252952575684,932.8699951171875
2002-11-26,1444.4300537109375,9.399922370910645,11.560443878173828,1.1699999570846558,71.52739715576172,11.509866714477539,913.3099975585938
2002-11-27,1487.93994140625,9.647117614746094,11.961050033569336,1.2039999961853027,73.69903564453125,11.855764389038086,938.8699951171875
2002-11-29,1478.780029296875,9.70566463470459,11.949602127075195,1.1675000190734863,73.6176528930664,11.652547836303711,936.3099975585938
2002-12-02,1484.780029296875,9.796737670898438,12.046895027160645,1.2055000066757202,73.83475494384766,11.756317138671875,934.530029296875
2002-12-03,1448.9599609375,9.445462226867676,11.623396873474121,1.187000036239624,72.61324310302734,11.659031867980957,920.75
2002-12-04,1430.3499755859375,9.386911392211914,11.257124900817871,1.1694999933242798,71.98889923095703,11.769290924072266,917.5800170898438
2002-12-05,1410.75,9.178749084472656,10.850793838500977,1.128999948501587,70.03446197509766,11.462300300598145,906.5499877929688
2002-12-06,1422.43994140625,9.224285125732422,10.707717895507812,1.1304999589920044,70.71307373046875,11.466623306274414,912.22998046875
2002-12-09,1367.1400146484375,8.781935691833496,10.118250846862793,1.0839999914169312,69.2201156616211,11.209362030029297,892.0
2002-12-10,1390.760009765625,9.061657905578613,10.375784873962402,1.093000054359436,70.38733673095703,11.347726821899414,904.4500122070312
2002-12-11,1396.5899658203125,9.00961971282959,10.392951965332031,1.1065000295639038,70.9573974609375,11.241782188415527,904.9600219726562
2002-12-12,1399.550048828125,9.178749084472656,10.410120964050293,1.1150000095367432,70.30591583251953,11.107756614685059,901.5800170898438
2002-12-13,1362.4200439453125,8.71688461303711,10.061019897460938,1.1089999675750732,69.2201156616211,10.926159858703613,889.47998046875
2002-12-16,1400.3299560546875,8.892520904541016,10.427289962768555,1.125499963760376,71.74461364746094,11.22882080078125,910.4000244140625
2002-12-17,1392.050048828125,8.88602066040039,10.238431930541992,1.1230000257492065,70.57735443115234,11.012628555297852,902.989990234375
2002-12-18,1361.510009765625,8.599788665771484,9.803485870361328,1.1050000190734863,69.65447235107422,10.907628059387207,891.1199951171875
2002-12-19,1354.0999755859375,8.456676483154297,9.729081153869629,1.0844999551773071,68.94863891601562,10.859989166259766,884.25
2002-12-20,1363.050048828125,8.632316589355469,9.734807014465332,1.096500039100647,70.44161987304688,10.996394157409668,895.760009765625
2002-12-23,1381.68994140625,8.742904663085938,9.849267959594727,1.1119999885559082,69.84445190429688,10.736581802368164,897.3800048828125
2002-12-24,1372.469970703125,8.684357643127441,9.603180885314941,1.093999981880188,68.75863647460938,10.760398864746094,892.469970703125
2002-12-26,1367.8900146484375,8.521730422973633,9.551678657531738,1.0149999856948853,68.67721557617188,10.77338981628418,889.6599731445312
2002-12-27,1348.31005859375,8.46318244934082,9.385703086853027,0.9430000185966492,67.55577087402344,10.643485069274902,875.4000244140625
2002-12-30,1339.5400390625,8.437165260314941,9.01943588256836,0.9624999761581421,67.00885009765625,10.963913917541504,879.3900146484375
2002-12-31,1335.510009765625,8.521730422973633,8.910694122314453,0.9445000290870667,66.59857177734375,10.935768127441406,879.8200073242188
2003-01-02,1384.8499755859375,8.873007774353027,9.551678657531738,0.9785000085830688,69.6891860961914,11.171760559082031,909.030029296875
2003-01-03,1387.0799560546875,9.048645973205566,9.465824127197266,1.0260000228881836,69.4703369140625,10.825355529785156,908.5900268554688
2003-01-06,1421.3199462890625,9.237297058105469,9.832100868225098,1.034999966621399,71.2481689453125,10.866486549377441,929.010009765625
2003-01-07,1431.5699462890625,9.497498512268066,9.935111045837402,1.0774999856948853,70.83792877197266,10.924943923950195,922.9299926757812
2003-01-08,1401.0699462890625,9.393417358398438,9.545948028564453,1.0509999990463257,69.74391174316406,10.823185920715332,909.9299926757812
2003-01-09,1438.4599609375,9.725177764892578,9.763421058654785,1.0724999904632568,70.83792877197266,11.241042137145996,927.5700073242188
2003-01-10,1447.719970703125,9.900818824768066,9.969450950622559,1.065999984741211,70.15411376953125,11.176094055175781,927.5700073242188
2003-01-13,1446.0400390625,9.939847946166992,9.946562767028809,1.1019999980926514,70.12681579589844,11.102478981018066,926.260009765625
2003-01-14,1460.989990234375,10.135004997253418,10.181200981140137,1.1369999647140503,70.31822967529297,11.130629539489746,931.6599731445312
2003-01-15,1438.800048828125,9.874800682067871,9.929390907287598,1.1134999990463257,68.89601135253906,10.953086853027344,918.219970703125
2003-01-16,1423.75,9.692657470703125,9.843547821044922,1.090000033378601,68.45838165283203,10.890301704406738,914.5999755859375
2003-01-17,1376.18994140625,9.191762924194336,9.35136890411377,1.0700000524520874,68.04814147949219,10.818854331970215,901.780029296875
2003-01-21,1364.25,9.224285125732422,9.322752952575684,1.0540000200271606,65.80540466308594,10.611008644104004,887.6199951171875
2003-01-22,1359.47998046875,9.081170082092285,9.299860000610352,1.058500051498413,64.41053771972656,10.407492637634277,878.3599853515625
2003-01-23,1388.27001953125,9.490995407104492,9.5402250289917,1.0894999504089355,65.5045394897461,10.515748023986816,887.3400268554688
2003-01-24,1342.1400146484375,9.016117095947266,9.070940971374512,1.1054999828338623,63.07035446166992,10.240781784057617,861.4000244140625
2003-01-27,1325.27001953125,8.91854476928711,9.088109970092773,1.0889999866485596,63.04301452636719,10.197482109069824,847.47998046875
2003-01-28,1342.1800537109375,9.2503023147583,9.173954010009766,1.0809999704360962,63.3165168762207,10.43130874633789,858.5399780273438
2003-01-29,1358.06005859375,9.159234046936035,9.534499168395996,1.1039999723434448,62.98828887939453,10.413986206054688,864.3599853515625
2003-01-30,1322.3499755859375,9.022628784179688,9.030879974365234,1.090999960899353,61.67546844482422,10.299236297607422,844.6099853515625
2003-01-31,1320.9100341796875,8.697366714477539,8.962202072143555,1.0924999713897705,63.289146423339844,10.349040031433105,855.7000122070312
2003-02-03,1323.7900390625,8.768921852111816,9.030879974365234,1.1080000400543213,64.68403625488281,10.407492637634277,860.3200073242188
2003-02-04,1306.1500244140625,8.586780548095703,8.95075798034668,1.1024999618530273,63.04301452636719,10.208304405212402,848.2000122070312
2003-02-05,1301.5,8.586780548095703,8.927837371826172,1.1085000038146973,62.90620040893555,10.119539260864258,843.5900268554688
2003-02-06,1301.72998046875,8.612801551818848,8.830422401428223,1.1045000553131104,62.605411529541016,10.130364418029785,838.1500244140625
2003-02-07,1282.469970703125,8.359101295471191,8.624130249023438,1.0720000267028809,62.08574676513672,10.130364418029785,829.6900024414062
2003-02-10,1296.6800537109375,8.5542573928833,8.750192642211914,1.0700000524520874,61.8942756652832,10.180157661437988,835.969970703125
2003-02-11,1295.4599609375,8.762418746948242,8.790305137634277,1.0390000343322754,61.5387077331543,10.22995662689209,829.2000122070312
2003-02-12,1278.969970703125,8.586780548095703,8.681434631347656,1.05649995803833,60.85493850708008,10.35986042022705,818.6799926757812
2003-02-13,1277.43994140625,8.658337593078613,8.899185180664062,1.003000020980835,60.63615798950195,10.3143949508667,817.3699951171875
2003-02-14,1310.1700439453125,8.899025917053223,9.254464149475098,1.003000020980835,61.4840087890625,10.64132308959961,834.8900146484375
2003-02-18,1346.5400390625,9.308853149414062,9.586824417114258,1.0694999694824219,62.660091400146484,10.626163482666016,851.1699829101562
2003-02-19,1334.3199462890625,9.380410194396973,9.615477561950684,1.059499979019165,63.86350631713867,10.559048652648926,845.1300048828125
2003-02-20,1331.22998046875,9.276327133178711,9.718618392944336,1.0679999589920044,63.86350631713867,10.409656524658203,837.0999755859375
2003-02-21,1349.02001953125,9.543038368225098,9.621209144592285,1.0889999866485596,65.09429931640625,10.587190628051758,848.1699829101562
2003-02-24,1322.3800048828125,9.380410194396973,9.477948188781738,1.0889999866485596,64.05496978759766,10.3143949508667,832.5800170898438
2003-02-25,1328.97998046875,9.159234046936035,9.586824417114258,1.093999981880188,65.58659362792969,10.485434532165527,838.5700073242188
2003-02-26,1303.6800537109375,8.78843879699707,9.306037902832031,1.0820000171661377,64.42871856689453,10.35552978515625,827.5499877929688
2003-02-27,1323.93994140625,8.944564819335938,9.569633483886719,1.0809999704360962,65.88985443115234,10.426979064941406,837.280029296875
2003-02-28,1337.52001953125,9.094182968139648,9.88480281829834,1.1004999876022339,66.30340576171875,10.405326843261719,841.1500244140625
2003-03-03,1320.2900390625,8.925050735473633,9.546708106994629,1.090499997138977,65.88985443115234,10.346868515014648,834.8099975585938
2003-03-04,1307.77001953125,8.866501808166504,9.52379035949707,1.1134999990463257,64.51142120361328,10.154178619384766,821.989990234375
2003-03-05,1314.4000244140625,8.938060760498047,9.730082511901855,1.121000051498413,65.61418151855469,10.366354942321777,829.8499755859375
2003-03-06,1302.8900146484375,8.768921852111816,9.546708106994629,1.1345000267028809,66.02767944335938,10.262435913085938,822.0999755859375
2003-03-07,1305.2900390625,8.612801551818848,9.174240112304688,1.1484999656677246,66.99260711669922,10.418319702148438,828.8900146484375
2003-03-10,1278.3699951171875,8.46318244934082,9.11120891571045,1.1440000534057617,65.06279754638672,10.203971862792969,807.47998046875
2003-03-11,1271.469970703125,8.469691276550293,9.082555770874023,1.1390000581741333,64.37356567382812,10.132532119750977,800.72998046875
2003-03-12,1279.239990234375,8.255020141601562,9.265926361083984,1.1679999828338623,65.61418151855469,10.284079551696777,804.1900024414062
2003-03-13,1340.77001953125,8.72989273071289,9.94210433959961,1.2209999561309814,69.5013656616211,10.727925300598145,831.9000244140625
2003-03-14,1340.3299560546875,8.71688461303711,9.838956832885742,1.2354999780654907,70.71442413330078,10.686783790588379,833.27001953125
2003-03-17,1392.27001953125,9.191762924194336,10.348954200744629,1.3274999856948853,72.42372131347656,11.251867294311523,862.7899780273438
2003-03-18,1400.550048828125,9.237297058105469,10.457831382751465,1.3389999866485596,72.78211212158203,11.312494277954102,866.4500122070312
2003-03-19,1397.0699462890625,9.2503023147583,10.303110122680664,1.3270000219345093,74.381103515625,11.505516052246094,874.02001953125
2003-03-20,1402.77001953125,9.13321304321289,10.469291687011719,1.372499942779541,74.02272033691406,11.518528938293457,875.6699829101562
2003-03-21,1421.8399658203125,9.042144775390625,10.841763496398926,1.3964999914169312,77.19315338134766,11.856867790222168,895.7899780273438
2003-03-24,1369.780029296875,8.78843879699707,10.211429595947266,1.3114999532699585,73.6918716430664,11.390565872192383,864.22998046875
2003-03-25,1391.010009765625,8.925050735473633,10.33749771118164,1.3450000286102295,74.381103515625,11.596606254577637,874.739990234375
2003-03-26,1387.449951171875,8.88602066040039,10.251541137695312,1.3880000114440918,73.33351135253906,11.566243171691895,869.9500122070312
2003-03-27,1384.25,8.781935691833496,10.073899269104004,1.3884999752044678,72.89237976074219,11.611788749694824,868.52001953125
2003-03-28,1369.5999755859375,8.599788665771484,9.867606163024902,1.3589999675750732,71.76205444335938,11.52286434173584,863.5
2003-03-31,1341.1700439453125,8.443665504455566,9.328958511352539,1.3014999628067017,70.3009033203125,11.284293174743652,848.1799926757812
2003-04-01,1348.300048828125,8.443665504455566,9.409184455871582,1.2769999504089355,72.03772735595703,11.368882179260254,858.47998046875
2003-04-02,1396.719970703125,8.873007774353027,10.039519309997559,1.319000005722046,74.57405853271484,11.726733207702637,880.9000244140625
2003-04-03,1396.5799560546875,8.873007774353027,10.068168640136719,1.3324999809265137,75.95252227783203,11.722394943237305,876.4500122070312
2003-04-04,1383.510009765625,8.91854476928711,9.770193099975586,1.3109999895095825,76.1730728149414,11.841678619384766,878.8499755859375
2003-04-07,1389.510009765625,8.827473640441895,9.94210433959961,1.340999960899353,76.53150177001953,11.780953407287598,879.9299926757812
2003-04-08,1382.93994140625,8.736400604248047,9.798846244812012,1.3259999752044678,77.3585433959961,11.83300495147705,878.2899780273438
2003-04-09,1356.739990234375,8.48270320892334,9.558170318603516,1.253000020980835,75.2632827758789,11.646489143371582,865.989990234375
2003-04-10,1365.6099853515625,8.48270320892334,9.67277717590332,1.2834999561309814,75.48383331298828,11.8373441696167,871.5800170898438
2003-04-11,1358.8499755859375,8.59328842163086,9.592551231384277,1.287500023841858,76.22822570800781,11.490338325500488,868.2999877929688
2003-04-14,1384.949951171875,8.762418746948242,9.83322525024414,1.252500057220459,76.53150177001953,11.4187593460083,885.22998046875
2003-04-15,1391.010009765625,8.677854537963867,9.816038131713867,1.256500005722046,78.02021026611328,11.991324424743652,890.8099975585938
2003-04-16,1394.719970703125,8.820966720581055,10.406256675720215,1.218999981880188,76.72444915771484,11.828667640686035,879.9099731445312
2003-04-17,1425.5,9.074664115905762,10.692771911621094,1.249500036239624,78.54399871826172,12.017350196838379,893.5800170898438
2003-04-21,1424.3699951171875,9.068161010742188,10.687047004699707,1.2625000476837158,77.63420867919922,11.92409896850586,892.010009765625
2003-04-22,1451.3599853515625,9.31535816192627,10.887613296508789,1.2790000438690186,79.92245483398438,12.143146514892578,911.3699951171875
2003-04-23,1466.1600341796875,9.321861267089844,11.16265869140625,1.2714999914169312,81.02521514892578,12.140975952148438,919.02001953125
2003-04-24,1457.22998046875,9.33487606048584,10.858955383300781,1.25600004196167,80.2257080078125,11.952292442321777,911.4299926757812
2003-04-25,1434.5400390625,9.328368186950684,10.47502326965332,1.4485000371932983,80.25328826904297,11.928434371948242,898.8099975585938
2003-04-28,1462.239990234375,9.744694709777832,10.744349479675293,1.4555000066757202,81.38361358642578,12.164835929870605,914.8400268554688
2003-04-29,1471.300048828125,9.84877872467041,10.841763496398926,1.4444999694824219,81.05278778076172,12.271101951599121,917.8400268554688
2003-04-30,1464.31005859375,9.757706642150879,10.543785095214844,1.434499979019165,81.19060516357422,12.214712142944336,916.9199829101562
2003-05-01,1472.56005859375,9.835768699645996,10.618281364440918,1.4329999685287476,80.2257080078125,12.132298469543457,916.2999877929688
2003-05-02,1502.8800048828125,9.933345794677734,10.90479850769043,1.471500039100647,80.17058563232422,12.177842140197754,930.0800170898438
2003-05-05,1504.0400390625,10.004902839660645,10.91053295135498,1.4980000257492065,79.48136901855469,12.05422306060791,926.5499877929688
2003-05-06,1523.7099609375,10.343170166015625,11.203086853027344,1.5440000295639038,80.28083038330078,12.12579345703125,934.3900146484375
2003-05-07,1506.760009765625,10.082962036132812,11.013789176940918,1.534999966621399,79.5365219116211,11.945782661437988,929.6199951171875
2003-05-08,1489.68994140625,9.900818824768066,10.824491500854492,1.5225000381469727,78.4888687133789,11.930602073669434,920.27001953125
2003-05-09,1520.1500244140625,10.375691413879395,11.231764793395996,1.5479999780654907,79.95001983642578,12.101941108703613,933.4099731445312
2003-05-12,1541.4000244140625,10.844064712524414,11.466958045959473,1.5850000381469727,79.8673324584961,12.297133445739746,945.1099853515625
2003-05-13,1539.6800537109375,10.713963508605957,11.375178337097168,1.6475000381469727,78.70941925048828,12.034707069396973,942.2999877929688
2003-05-14,1534.9000244140625,10.681437492370605,11.277656555175781,1.6299999952316284,78.87483215332031,11.689855575561523,939.280029296875
2003-05-15,1551.3800048828125,10.896106719970703,11.472692489624023,1.631500005722046,78.51646423339844,11.659500122070312,946.6699829101562
2003-05-16,1538.530029296875,10.818042755126953,11.185877799987793,1.652500033378601,76.77959442138672,11.477325439453125,944.2999877929688
2003-05-19,1492.77001953125,10.369190216064453,10.709757804870605,1.5779999494552612,75.95252227783203,11.379722595214844,920.77001953125
2003-05-20,1491.0899658203125,10.401717185974121,10.704021453857422,1.5740000009536743,76.44879150390625,11.453463554382324,919.72998046875
2003-05-21,1489.8699951171875,10.213067054748535,10.807281494140625,1.587499976158142,76.09039306640625,11.405750274658203,923.4199829101562
2003-05-22,1507.550048828125,10.356181144714355,10.767123222351074,1.649999976158142,76.44879150390625,11.47298526763916,931.8699951171875
2003-05-23,1510.0899658203125,10.206558227539062,10.790067672729492,1.6360000371932983,76.20064544677734,11.277791023254395,933.219970703125
2003-05-27,1556.68994140625,10.505794525146484,11.346494674682617,1.7424999475479126,78.04779815673828,11.38623332977295,951.47998046875
2003-05-28,1563.239990234375,10.590367317199707,11.3235502243042,1.7430000305175781,77.93748474121094,11.57058048248291,953.219970703125
2003-05-29,1574.949951171875,10.811538696289062,11.948811531066895,1.777500033378601,77.88239288330078,11.453463554382324,949.6400146484375
2003-05-30,1595.9100341796875,10.674933433532715,11.943077087402344,1.7944999933242798,79.12297058105469,11.410087585449219,963.5900268554688
2003-06-02,1590.75,10.928630828857422,11.690678596496582,1.7699999809265137,79.95001983642578,11.377557754516602,967.0
2003-06-03,1603.56005859375,11.065241813659668,12.103697776794434,1.7615000009536743,80.087890625,11.462138175964355,971.5599975585938
2003-06-04,1634.6500244140625,11.299421310424805,12.264310836791992,1.7695000171661377,80.94247436523438,11.68118667602539,986.239990234375
2003-06-05,1646.010009765625,11.299421310424805,12.528181076049805,1.7760000228881836,82.10041046142578,11.846020698547363,990.1400146484375
2003-06-06,1627.4200439453125,11.292919158935547,12.48228645324707,1.6675000190734863,83.53400421142578,11.629134178161621,987.760009765625
2003-06-09,1603.969970703125,11.208351135253906,12.4306640625,1.684000015258789,83.0928955078125,11.666006088256836,975.9299926757812
2003-06-10,1627.6700439453125,11.318936347961426,12.60275650024414,1.7035000324249268,84.33351135253906,11.876386642456055,984.8400268554688
2003-06-11,1646.02001953125,11.44904613494873,12.556865692138672,1.7324999570846558,85.4087142944336,12.013014793395996,997.47998046875
2003-06-12,1653.6199951171875,11.566139221191406,12.700270652770996,1.7599999904632568,85.65682220458984,11.934938430786133,998.510009765625
2003-06-13,1626.489990234375,11.325443267822266,12.252836227416992,1.7065000534057617,84.49894714355469,11.728900909423828,988.6099853515625
2003-06-16,1666.5799560546875,11.696234703063965,12.545390129089355,1.7920000553131104,86.40116119384766,11.982653617858887,1010.739990234375
2003-06-17,1668.43994140625,11.696234703063965,12.304466247558594,1.7920000553131104,86.01518249511719,11.94144344329834,1011.6599731445312
2003-06-18,1677.1400146484375,12.184118270874023,12.47655963897705,1.7925000190734863,84.719482421875,12.000100135803223,1010.0900268554688
2003-06-19,1648.6400146484375,12.073537826538086,12.115164756774902,1.774999976158142,82.32096862792969,11.837172508239746,994.7000122070312
2003-06-20,1644.719970703125,11.663711547851562,11.857029914855957,1.7519999742507935,82.73451232910156,11.787208557128906,995.6900024414062
2003-06-23,1610.75,11.214856147766113,11.679205894470215,1.7790000438690186,82.34854888916016,11.674247741699219,981.6400146484375
2003-06-24,1605.6099853515625,10.896106719970703,11.7308349609375,1.7699999809265137,82.51394653320312,11.861068725585938,983.4500122070312
2003-06-25,1602.6600341796875,10.974163055419922,11.495640754699707,1.7695000171661377,80.66680145263672,11.769828796386719,975.3200073242188
2003-06-26,1634.010009765625,11.143299102783203,11.834086418151855,1.8359999656677246,80.8888168334961,11.815449714660645,985.8200073242188
2003-06-27,1625.260009765625,10.987178802490234,11.799667358398438,1.815000057220459,79.41812133789062,11.687277793884277,976.219970703125
2003-06-30,1622.800048828125,10.922130584716797,11.937341690063477,1.815999984741211,79.58460235595703,11.659039497375488,974.5
2003-07-01,1640.1300048828125,11.214856147766113,12.281515121459961,1.8624999523162842,79.44587707519531,11.806758880615234,982.3200073242188
2003-07-02,1678.72998046875,11.618176460266113,12.740429878234863,1.8925000429153442,79.39035034179688,12.106544494628906,993.75
2003-07-03,1663.4599609375,11.397005081176758,12.459345817565918,1.8960000276565552,79.22386932373047,11.9392728805542,985.7000122070312
2003-07-07,1720.7099609375,11.852357864379883,13.141968727111816,1.9524999856948853,81.2218017578125,12.284675598144531,1004.4199829101562
2003-07-08,1746.4599609375,12.184118270874023,13.279644966125488,2.0255000591278076,79.94535064697266,12.317262649536133,1007.8400268554688
2003-07-09,1747.4599609375,12.229652404785156,13.468945503234863,2.0250000953674316,78.75215911865234,12.113058090209961,1002.2100219726562
2003-07-10,1715.8599853515625,11.910904884338379,13.141968727111816,1.912500023841858,78.22486877441406,12.084819793701172,988.7000122070312
2003-07-11,1733.9300537109375,12.08004379272461,13.388636589050293,1.8825000524520874,78.03062438964844,12.280333518981934,998.1400146484375
2003-07-14,1754.8199462890625,12.106062889099121,13.778706550598145,1.9635000228881836,77.80864715576172,12.306405067443848,1003.8599853515625
2003-07-15,1753.2099609375,12.041008949279785,13.824596405029297,1.9214999675750732,76.78197479248047,12.451951026916504,1000.4199829101562
2003-07-16,1747.969970703125,11.858864784240723,14.518691062927246,1.8839999437332153,75.97721099853516,12.306405067443848,994.0900268554688
2003-07-17,1698.02001953125,11.553128242492676,14.300715446472168,1.815999984741211,75.20024108886719,12.121755599975586,981.72998046875
2003-07-18,1708.5,11.637689590454102,14.145830154418945,1.7489999532699585,77.08718872070312,12.382431983947754,993.3200073242188
2003-07-21,1681.4100341796875,11.663711547851562,13.801657676696777,1.7664999961853027,75.3667221069336,12.156505584716797,978.7999877929688
2003-07-22,1706.0999755859375,12.145092010498047,14.008163452148438,1.743499994277954,76.06044006347656,12.360713005065918,988.1099853515625
2003-07-23,1719.1800537109375,12.28170394897461,14.231874465942383,2.005500078201294,76.08818817138672,12.273811340332031,988.6099853515625
2003-07-24,1701.4200439453125,12.086542129516602,13.750025749206543,2.065500020980835,76.14373016357422,12.084819793701172,981.5999755859375
2003-07-25,1730.699951171875,12.411803245544434,14.289236068725586,2.0799999237060547,78.89087677001953,12.206477165222168,998.6799926757812
2003-07-28,1735.3599853515625,12.411803245544434,14.203201293945312,2.1040000915527344,78.72437286376953,12.199947357177734,996.52001953125
2003-07-29,1731.3699951171875,12.463842391967773,14.283512115478516,2.069499969482422,77.42015838623047,12.054408073425293,989.280029296875
2003-07-30,1720.9100341796875,12.541909217834473,14.048312187194824,2.0329999923706055,77.61438751220703,12.143476486206055,987.489990234375
2003-07-31,1735.02001953125,12.678515434265137,14.277765274047852,2.0820000171661377,78.91863250732422,12.145646095275879,990.3099975585938
2003-08-01,1715.6199951171875,12.457338333129883,14.352346420288086,2.001499891281128,78.97412109375,12.006612777709961,980.1500244140625
2003-08-04,1714.06005859375,12.528894424438477,14.415440559387207,1.9824999570846558,79.02963256835938,12.128266334533691,982.8200073242188
2003-08-05,1673.5,12.268692970275879,13.933207511901855,1.933500051498413,77.14265441894531,12.013134002685547,965.4600219726562
2003-08-06,1652.6800537109375,11.481569290161133,13.858572959899902,1.9470000267028809,76.80972290039062,12.108722686767578,967.0800170898438
2003-08-07,1652.1800537109375,11.403509140014648,13.772459030151367,1.9505000114440918,77.91963958740234,12.382431983947754,974.1199951171875
2003-08-08,1644.030029296875,11.436034202575684,13.537080764770508,1.9574999809265137,77.91963958740234,12.549704551696777,977.5900268554688
2003-08-11,1661.510009765625,11.52059555053711,13.720789909362793,1.9464999437332153,78.47467041015625,12.534501075744629,980.5900268554688
2003-08-12,1687.010009765625,11.598661422729492,13.99061107635498,1.9924999475479126,78.61337280273438,12.773455619812012,990.3499755859375
2003-08-13,1686.6099853515625,11.442534446716309,14.18580150604248,2.010499954223633,77.75316619873047,12.614877700805664,984.030029296875
2003-08-14,1700.3399658203125,11.579146385192871,14.432662963867188,2.015000104904175,79.22386932373047,12.584466934204102,990.510009765625
2003-08-15,1702.010009765625,11.572640419006348,14.38099193572998,2.005000114440918,79.86211395263672,12.621393203735352,990.6699829101562
2003-08-18,1739.489990234375,11.884885787963867,15.035457611083984,2.1510000228881836,82.69249725341797,12.799521446228027,999.739990234375
2003-08-19,1761.1099853515625,12.06702995300293,15.196208953857422,2.178499937057495,82.83126831054688,12.790831565856934,1002.3499755859375
2003-08-20,1760.5400390625,12.08004379272461,15.133049964904785,2.187999963760376,81.72128295898438,12.769112586975098,1000.2999877929688
2003-08-21,1777.550048828125,12.275197982788086,15.150275230407715,2.2850000858306885,83.69149017333984,12.858176231384277,1003.27001953125
2003-08-22,1765.3199462890625,12.223152160644531,15.724370956420898,2.260999917984009,82.91454315185547,12.686563491821289,993.0599975585938
2003-08-25,1764.31005859375,12.346752166748047,15.638260841369629,2.2925000190734863,82.83126831054688,12.83863353729248,993.7100219726562
2003-08-26,1770.6500244140625,12.424817085266113,15.908076286315918,2.2964999675750732,82.91454315185547,12.83863353729248,996.72998046875
2003-08-27,1782.1300048828125,12.366260528564453,16.086048126220703,2.2939999103546143,82.55374908447266,12.840797424316406,996.7899780273438
2003-08-28,1800.1800537109375,12.48336410522461,16.246793746948242,2.296999931335449,82.35951232910156,12.882076263427734,1002.8400268554688
2003-08-29,1810.449951171875,12.450833320617676,16.413284301757812,2.315999984741211,82.05429077148438,12.85383129119873,1008.010009765625
2003-09-02,1841.47998046875,12.743571281433105,16.4993896484375,2.366499900817871,84.46845245361328,13.016762733459473,1021.989990234375
2003-09-03,1852.9000244140625,13.166399002075195,16.20086669921875,2.309499979019165,86.35542297363281,13.029794692993164,1026.27001953125
2003-09-04,1868.969970703125,13.394081115722656,16.419025421142578,2.364500045776367,86.91038513183594,13.051517486572266,1027.969970703125
2003-09-05,1858.239990234375,13.283492088317871,16.482166290283203,2.3259999752044678,86.1334228515625,12.793008804321289,1021.3900146484375
2003-09-08,1888.6199951171875,13.569718360900879,16.751995086669922,2.364000082015991,87.0768814086914,12.727845191955566,1031.6400146484375
2003-09-09,1873.4300537109375,13.517675399780273,16.52809715270996,2.3340001106262207,86.4664077758789,12.395472526550293,1023.1699829101562
2003-09-10,1823.81005859375,13.309510231018066,15.879373550415039,2.311000108718872,86.10565948486328,12.349846839904785,1010.9199829101562
2003-09-11,1846.0899658203125,13.472140312194824,16.091787338256836,2.259500026702881,87.35440826416016,12.491053581237793,1016.4199829101562
2003-09-12,1855.030029296875,13.43961238861084,16.269760131835938,2.2839999198913574,87.49311828613281,12.486706733703613,1018.6300048828125
2003-09-15,1845.699951171875,13.263975143432617,16.06882095336914,2.2755000591278076,87.13236999511719,12.545357704162598,1014.8099975585938
2003-09-16,1887.25,13.84943675994873,16.596986770629883,2.312000036239624,88.60309600830078,12.690906524658203,1029.3199462890625
2003-09-17,1883.0999755859375,13.751860618591309,16.579761505126953,2.308000087738037,88.02035522460938,12.510598182678223,1025.969970703125
2003-09-18,1909.550048828125,13.934002876281738,16.74051284790039,2.3945000171661377,89.1025619506836,12.7061128616333,1039.5799560546875
2003-09-19,1905.699951171875,13.673799514770508,16.74625015258789,2.378999948501587,88.60309600830078,12.630082130432129,1036.300048828125
2003-09-22,1874.6199951171875,13.517675399780273,16.37308120727539,2.373500108718872,87.13236999511719,12.397639274597168,1022.8200073242188
2003-09-23,1901.719970703125,13.75836181640625,16.614213943481445,2.5220000743865967,87.5763168334961,12.517120361328125,1029.030029296875
2003-09-24,1843.699951171875,13.218438148498535,15.948265075683594,2.4804999828338623,85.49518585205078,12.299888610839844,1009.3800048828125
2003-09-25,1817.239990234375,13.04930591583252,15.758816719055176,2.502500057220459,84.8250732421875,12.358543395996094,1003.27001953125
2003-09-26,1792.0699462890625,12.9842529296875,15.655475616455078,2.427999973297119,83.40108489990234,12.338985443115234,996.8499755859375
2003-09-29,1824.56005859375,13.140379905700684,16.2869815826416,2.493000030517578,84.79716491699219,12.432398796081543,1006.5800170898438
2003-09-30,1786.93994140625,12.743571281433105,15.799006462097168,2.4214999675750732,83.23353576660156,12.132613182067871,995.969970703125
2003-10-01,1832.25,13.140379905700684,16.43624496459961,2.4560000896453857,85.52310943603516,12.395472526550293,1018.219970703125
2003-10-02,1836.219970703125,13.003772735595703,16.43050193786621,2.504499912261963,85.85816192626953,12.415054321289062,1020.239990234375
2003-10-03,1880.5699462890625,13.504666328430176,16.99884605407715,2.6445000171661377,86.05362701416016,12.506433486938477,1029.8499755859375
2003-10-06,1893.4599609375,13.53068733215332,16.97014045715332,2.7074999809265137,85.96983337402344,12.617395401000977,1034.3499755859375
2003-10-07,1907.8499755859375,13.660788536071777,17.194042205810547,2.745500087738037,85.5789566040039,12.815398216247559,1039.25
2003-10-08,1893.780029296875,13.524179458618164,17.03329849243164,2.7850000858306885,84.3224868774414,12.732714653015137,1033.780029296875
2003-10-09,1911.9000244140625,13.628267288208008,17.090709686279297,2.8929998874664307,84.12703704833984,12.828451156616211,1038.72998046875
2003-10-10,1915.31005859375,13.524179458618164,17.4696044921875,2.9030001163482666,81.86537170410156,12.710956573486328,1038.06005859375
2003-10-13,1933.530029296875,13.660788536071777,17.68201446533203,2.9149999618530273,80.77648162841797,12.826265335083008,1045.3499755859375
2003-10-14,1943.18994140625,13.751860618591309,17.842761993408203,2.995500087738037,81.78163146972656,12.908953666687012,1049.47998046875
2003-10-15,1939.0999755859375,13.673799514770508,18.233150482177734,2.927500009536743,80.55309295654297,12.852381706237793,1046.760009765625
2003-10-16,1950.1400146484375,13.686813354492188,18.502973556518555,2.995500087738037,81.02774047851562,12.922013282775879,1050.0699462890625
2003-10-17,1912.3599853515625,13.426605224609375,18.175739288330078,2.984499931335449,79.71548461914062,12.802332878112793,1039.3199462890625
2003-10-20,1925.1400146484375,13.712837219238281,18.462787628173828,2.9795000553131104,80.35768127441406,12.837151527404785,1044.6800537109375
2003-10-21,1940.9000244140625,13.732346534729004,18.439817428588867,2.9674999713897705,80.63684844970703,12.830625534057617,1046.030029296875
2003-10-22,1898.0699462890625,13.420096397399902,18.09537124633789,2.7014999389648438,79.15701293945312,12.671793937683105,1030.3599853515625
2003-10-23,1885.510009765625,13.114358901977539,17.923139572143555,2.7160000801086426,79.26874542236328,12.771880149841309,1033.77001953125
2003-10-24,1865.5899658203125,12.88017463684082,17.842761993408203,2.7255001068115234,79.0174331665039,12.64350414276123,1028.9100341796875
2003-10-27,1882.9100341796875,12.96474838256836,18.0379638671875,2.740999937057495,78.79407501220703,12.573880195617676,1031.1300048828125
2003-10-28,1932.260009765625,13.595741271972656,18.755577087402344,2.8364999294281006,79.63166809082031,12.784934997558594,1046.7900390625
2003-10-29,1936.56005859375,13.543696403503418,18.830202102661133,2.8345000743865967,80.4972915649414,12.80451774597168,1048.1099853515625
2003-10-30,1932.68994140625,13.569718360900879,18.88187599182129,2.7915000915527344,80.63684844970703,12.7936372756958,1046.93994140625
2003-10-31,1932.2099609375,13.615252494812012,18.916324615478516,2.7214999198913574,80.99987030029297,12.826265335083008,1050.7099609375
2003-11-03,1967.699951171875,14.122657775878906,19.542076110839844,2.8369998931884766,80.41350555419922,12.845854759216309,1059.02001953125
2003-11-04,1957.969970703125,14.038089752197266,19.335407257080078,2.8429999351501465,80.02259826660156,12.763169288635254,1053.25
2003-11-05,1959.3699951171875,14.181200981140137,19.381362915039062,2.8369998931884766,79.38040924072266,12.602169036865234,1051.81005859375
2003-11-06,1976.3699951171875,14.896769523620605,19.599639892578125,2.749500036239624,79.4083251953125,12.752298355102539,1058.050048828125
2003-11-07,1970.739990234375,14.532476425170898,19.45604133605957,2.7155001163482666,78.51480102539062,12.710956573486328,1053.2099609375
2003-11-10,1941.6400146484375,14.434905052185059,19.180309295654297,2.5989999771118164,78.65447235107422,12.645681381225586,1047.1099853515625
2003-11-11,1930.75,14.538982391357422,19.191797256469727,2.6115000247955322,78.48693084716797,12.680495262145996,1046.5699462890625
2003-11-12,1973.1099853515625,14.942304611206055,19.58815574645996,2.7065000534057617,80.13427734375,12.610869407653809,1058.530029296875
2003-11-13,1967.3499755859375,14.766660690307617,19.40433692932129,2.740000009536743,79.12911224365234,12.079978942871094,1058.4100341796875
2003-11-14,1930.260009765625,14.480432510375977,18.84139060974121,2.622499942779541,77.84474182128906,11.966840744018555,1050.3499755859375
2003-11-17,1909.6099853515625,14.343832015991211,18.513973236083984,2.5179998874664307,77.64927673339844,11.966840744018555,1043.6300048828125
2003-11-18,1881.75,14.135665893554688,18.28994369506836,2.424999952316284,79.4083251953125,11.905912399291992,1034.1500244140625
2003-11-19,1899.6500244140625,14.343832015991211,18.680551528930664,2.4765000343322754,82.28423309326172,12.012530326843262,1042.43994140625
2003-11-20,1881.9200439453125,14.272274017333984,18.28420066833496,2.442500114440918,80.83230590820312,11.982069969177246,1033.6500244140625
2003-11-21,1893.8800048828125,14.421891212463379,18.56566619873047,2.428999900817871,79.74337768554688,11.925498962402344,1035.280029296875
2003-11-24,1947.1400146484375,14.83171558380127,19.22051239013672,2.566499948501587,80.27385711669922,12.201820373535156,1052.0799560546875
2003-11-25,1943.0400390625,14.714625358581543,18.996505737304688,2.623500108718872,80.72063446044922,12.19311809539795,1053.8900146484375
2003-11-26,1953.31005859375,14.83822250366211,19.15733528137207,2.6480000019073486,80.32971954345703,12.119141578674316,1058.449951171875
2003-11-28,1960.260009765625,14.766660690307617,19.2664737701416,2.698499917984009,80.05052185058594,12.10608959197998,1058.199951171875
2003-12-01,1989.8199462890625,15.078912734985352,19.553693771362305,2.7325000762939453,81.0556869506836,11.858051300048828,1070.1199951171875
2003-12-02,1980.0699462890625,15.033379554748535,19.444547653198242,2.696500062942505,82.3121566772461,11.536026954650879,1066.6199951171875
2003-12-03,1960.25,15.156973838806152,19.15158462524414,2.575500011444092,82.42382049560547,11.464229583740234,1064.72998046875
2003-12-04,1968.800048828125,15.59931468963623,19.2664737701416,2.5899999141693115,81.39070892333984,11.536026954650879,1069.719970703125
2003-12-05,1937.8199462890625,15.449697494506836,18.439292907714844,2.578000068664551,81.25117492675781,11.636120796203613,1061.5
2003-12-08,1948.8499755859375,15.800983428955078,18.175050735473633,2.553999900817871,82.00503540039062,11.618705749511719,1069.300048828125
2003-12-09,1908.3199462890625,15.111428260803223,17.376590728759766,2.4670000076293945,82.5354995727539,11.446821212768555,1060.1800537109375
2003-12-10,1904.6500244140625,15.469219207763672,17.4742431640625,2.4600000381469727,82.98226165771484,11.52079963684082,1059.050048828125
2003-12-11,1942.3199462890625,15.566802024841309,17.755722045898438,2.5399999618530273,84.88093566894531,11.490340232849121,1071.2099609375
2003-12-12,1949.0,15.670878410339355,17.726993560791016,2.549499988555908,84.07121276855469,11.422889709472656,1074.1400146484375
2003-12-15,1918.260009765625,15.59931468963623,17.370847702026367,2.5204999446868896,84.6854476928711,11.039950370788574,1068.0400390625
2003-12-16,1924.2900390625,15.4627103805542,17.382339477539062,2.4749999046325684,85.5789566040039,11.181373596191406,1075.1300048828125
2003-12-17,1921.3299560546875,15.280570030212402,17.33063507080078,2.378999948501587,85.80233001708984,11.312159538269043,1076.47998046875
2003-12-18,1956.1800537109375,15.722917556762695,17.74997329711914,2.4375,86.13734436035156,11.464723587036133,1089.1800537109375
2003-12-19,1951.02001953125,15.475727081298828,17.56041145324707,2.4619998931884766,86.24909210205078,11.410238265991211,1088.6600341796875
2003-12-22,1955.800048828125,15.59931468963623,17.4742431640625,2.494499921798706,86.55619812011719,11.567170143127441,1092.93994140625
2003-12-23,1974.780029296875,15.57330322265625,17.870601654052734,2.624000072479248,86.83541107177734,11.501781463623047,1096.02001953125
2003-12-24,1969.22998046875,15.527765274047852,17.85336685180664,2.6659998893737793,86.27699279785156,11.429855346679688,1094.0400390625
2003-12-26,1973.1400146484375,15.449697494506836,18.014209747314453,2.6735000610351562,85.7744369506836,11.447291374206543,1095.8900146484375
2003-12-29,2006.47998046875,15.872540473937988,18.468008041381836,2.6735000610351562,86.64559936523438,11.530113220214844,1109.47998046875
2003-12-30,2009.8800048828125,15.690394401550293,18.404823303222656,2.6414999961853027,86.33650207519531,11.503959655761719,1109.6400146484375
