Price,Close,High,Low,Open,Volume
Ticker,GE,GE,GE,GE,GE
Date,,,,,
1998-01-02,62.3482551574707,62.40091597159359,60.66316544017575,61.76900632163232,1958774
1998-01-05,63.45413589477539,63.50679271806961,62.558929659721684,62.71690817741474,3532566
1998-01-06,62.6115837097168,63.348807323138196,62.34828755011392,62.8222190278372,2579564
1998-01-07,63.13817596435547,63.13817596435547,61.87435995247556,61.97967761814014,2089855
1998-01-08,62.55894088745117,63.45414728317152,62.40096636531092,62.8222371228928,2398279
1998-01-09,61.031829833984375,62.400967877107576,59.8206743646407,62.29564616125455,3254440
1998-01-12,62.71693420410156,62.874912787353615,59.18877669475849,59.39941212315664,4541530
1998-01-13,62.92755126953125,63.085529806683375,62.08500577789604,62.71691590259887,2937315
1998-01-14,62.664268493652344,63.08554334180811,62.29565451048099,62.9802256357458,2408607
1998-01-15,61.24246597290039,62.558943174327155,61.24246597290039,62.348307787836326,2123283
1998-01-16,61.821720123291016,63.03287562327213,61.558423874810124,62.0850123478658,3619703
1998-01-20,63.664764404296875,63.98071738187487,61.76903849101946,61.82169933256817,2918285
1998-01-21,63.664764404296875,64.03337822342357,63.190832925977524,63.34880740281414,3230840
1998-01-22,63.34883117675781,63.40149203806942,62.45362872571067,63.13819577932393,3154407
1998-01-23,62.400962829589844,63.9280752751548,62.0323489256389,63.66477905463188,3190652
1998-01-26,62.92755126953125,63.45414371076788,62.34830199851436,63.13818663646363,2528233
1998-01-27,64.24402618408203,64.98125396741092,63.032866829171056,63.13818450908868,3759423
1998-01-28,64.24402618408203,64.77061458367014,63.77009461249995,64.50732239582885,2665262
1998-01-29,64.98124694824219,65.61315295949045,64.13870157600606,64.24401924454743,3771254
1998-01-30,65.29721069335938,65.34986752433804,64.40200432766457,64.92859678088573,2363787
1998-02-02,66.1924057006836,66.24506654973293,64.92858958645834,65.92910950324762,4284125
1998-02-03,65.34986114501953,65.61315734592768,64.87592959294703,64.87592959294703,3212499
1998-02-04,64.77061462402344,65.56050325975603,64.77061462402344,64.87593230400668,3009492
1998-02-05,64.61264038085938,65.24454646334908,64.29668331570895,64.98125427426449,2627077
1998-02-06,65.4552001953125,65.8238141921755,64.77063306852693,64.87595077850112,2212423
1998-02-09,64.92857360839844,65.61314033414494,64.40198134311383,65.56048352195909,1819304
1998-02-10,65.29721069335938,66.29773072101149,64.71796140915957,64.92859678088573,2675778
1998-02-11,66.08710479736328,66.192422498283,65.3498768670189,65.45519456793862,1660992
1998-02-12,66.13972473144531,66.50833849093962,64.6126169082468,65.50781887851575,3425459
1998-02-13,65.56050109863281,65.92911095447059,65.34986172170426,65.77113645165595,1836706
1998-02-17,65.77114868164062,66.45571571821209,65.71848782163998,66.08710176992604,2151077
1998-02-18,66.08710479736328,66.50837560104215,65.7184908321911,65.77115169460413,2026130
1998-02-19,65.56050109863281,65.92911095447059,65.40252257191275,65.77113645165595,1854359
1998-02-20,65.87644958496094,66.03442810078592,64.98124738439805,65.56049657721611,2561285
1998-02-23,65.4552001953125,65.92913190214969,65.13924706538994,65.8238141921755,2028133
1998-02-24,64.66532135009766,65.29723169239892,64.50734678245263,65.19191397266655,2289545
1998-02-25,64.98124694824219,65.34985677618445,64.66528991871294,65.08656461678356,2236712
1998-02-26,64.87593841552734,65.08657781924228,64.08605372929064,64.34934996600485,2241845
1998-02-27,65.5078353881836,65.560496234485,64.45465467730143,64.45465467730143,2441159
1998-03-02,64.50730895996094,65.50782872273844,63.92805982910982,65.50782872273844,3431719
1998-03-03,65.08655548095703,65.24452994964257,64.34932788074268,64.40198469566968,2783135
1998-03-04,64.29670715332031,64.82329977453163,63.98075399493776,64.77063890284768,2049479
1998-03-05,64.60330963134766,64.97337832121563,63.65170558305473,63.704574270087264,2462567
1998-03-06,66.18929290771484,66.34789487923884,64.70902265270372,64.70902265270372,3093812
1998-03-09,66.40080261230469,66.87660479594639,65.87213576369608,65.9778691334178,2696999
1998-03-10,66.61225128173828,67.14091795487296,66.24218259065071,66.98231997282586,1987131
1998-03-11,66.8237075805664,67.0351742170026,66.34790562869199,66.71797426234832,1847285
1998-03-12,66.9823226928711,67.03518734243802,66.55938529740195,66.71798732567622,2439969
1998-03-13,66.24221801757812,66.77088497344859,65.55494895505214,66.61228690658183,2308763
1998-03-16,67.14093780517578,67.29953987390039,66.55940227290262,66.71800434162722,2042781
1998-03-17,67.66959381103516,67.66959381103516,66.98232506383077,67.35238974325858,2167853
1998-03-18,67.40525817871094,67.66959355425941,67.08805815192491,67.5638602119974,1761212
1998-03-19,67.72244262695312,67.77531130581592,67.40524267313424,67.45810731221107,2162031
1998-03-20,69.04415893554688,69.0970236050473,67.56388355292235,68.09255448665633,4254766
1998-03-23,68.03962707519531,68.8855015055176,67.88102511453675,68.51543295717099,2084659
1998-03-24,69.89002990722656,70.04863200424859,68.4626191136053,68.62122121062733,2669393
1998-03-25,69.36128997802734,70.57722471356887,68.56828836097253,70.36575815432552,2616435
1998-03-26,69.73140716552734,70.26007797255686,68.99126965160096,68.99126965160096,2180561
1998-03-27,70.63016510009766,71.42316747711084,70.20723157630086,70.63016510009766,3122294
1998-03-30,72.16327667236328,72.37474335071275,70.78873922330496,70.78873922330496,2623008
1998-03-31,72.90342712402344,74.11936276187755,72.3747562938184,72.3747562938184,3124110
1998-04-01,73.1148910522461,73.53782446845327,72.16328682599264,72.53335558506758,2808174
1998-04-02,74.22505950927734,74.64800083559436,73.59065963915899,73.74926162658143,3262891
1998-04-03,73.90788269042969,75.65248884323553,73.64354328330626,75.28242013692154,3632160
1998-04-06,73.43206787109375,74.9652071635882,73.43206787109375,74.64801122417138,2727547
1998-04-07,73.69641876220703,73.80214806534251,73.16774800780813,73.22061265937587,2591395
1998-04-08,72.85053253173828,74.33080718043247,72.85053253173828,73.80213650881704,2341314
1998-04-09,73.1677474975586,74.0664869658118,72.7976787800175,73.5378162150997,1914203
1998-04-13,73.43206787109375,73.64353452389582,71.74032656910461,72.42759925039077,2399844
1998-04-14,73.27349090576172,74.19866691750605,73.11489692163373,73.69643243549571,2171296
1998-04-15,73.22059631347656,73.96073358849065,72.16326312029359,73.11486703394428,1939118
1998-04-16,72.4276123046875,73.43208110643516,72.21614561377083,73.43208110643516,2064878
1998-04-17,73.80213928222656,73.85500392750293,71.89893125654841,72.7976706241111,2750521
1998-04-20,72.85053253173828,73.74927186552726,72.53333659242706,73.69640722223748,2515401
1998-04-21,72.79766082763672,73.22059409207878,71.63459031063518,72.00465893691492,2597217
1998-04-22,72.05753326416016,73.11487464701054,71.89893124877531,73.00913727689635,2005660
1998-04-23,71.42314147949219,72.32187287053306,71.21167479456646,71.58174351307993,2035019
1998-04-24,70.94733428955078,72.26900710972669,70.20720494346006,71.47600503353588,2704135
1998-04-27,69.73140716552734,70.63014672952005,69.04414238800615,70.20721331572629,3035470
1998-04-28,68.6211929321289,70.57726580363169,68.2511242181069,70.31293447057612,2723729
1998-04-29,69.62568664550781,70.57728290694193,68.93841370161023,69.78428063602973,2214113
1998-04-30,72.05753326416016,72.639068600856,70.4186646241868,70.57725855999878,2949460
1998-05-01,71.89895629882812,72.48049183813465,71.52888749385346,72.26902510380279,1621617
1998-05-04,71.37029266357422,72.74483046035652,71.31741992093119,72.26902425402288,1772605
1998-05-05,70.47154998779297,71.79322306513576,70.3129479257798,71.58175634230994,1905878
1998-05-06,70.26004028320312,71.21164399356087,70.1543029466877,70.84157543511229,2187008
1998-05-07,69.2555923461914,70.41866299263556,69.14985497852709,70.36579026901707,2057679
1998-05-08,70.36579132080078,71.47599733979378,69.73139134405027,69.78425598888627,2426260
1998-05-11,70.36579132080078,71.21166603604094,69.62566205437825,70.89446200787928,2032515
1998-05-12,70.57727813720703,70.68301553665138,69.30847782132551,70.36581141789345,2049792
1998-05-13,71.58174133300781,71.95181004025058,70.57726451073542,70.94733321797818,2105880
1998-05-14,71.15882873535156,72.16329777108626,71.05309132547512,71.52888947097938,2437340
1998-05-15,69.89002990722656,71.5288993907745,69.73142781020454,70.78876973730006,3249620
1998-05-18,69.78425598144531,70.41866403770098,68.51545602807957,69.88999335067885,2407418
1998-05-19,70.10145568847656,71.00019499305806,69.8899890426172,70.10145568847656,2169168
1998-05-20,72.48046112060547,72.58619848274729,70.68299060077256,70.68299060077256,3478731
1998-05-21,72.69194030761719,72.95627971879485,72.32187159562737,72.48047362641924,3795417
1998-05-22,71.89895629882812,72.95629805006308,71.68748956449627,72.74483131573123,1656047
1998-05-26,70.04859924316406,72.63907201772693,69.88999722031875,72.37474069936688,2210170
1998-05-27,70.84159088134766,71.10592216091536,69.09698504522795,69.73138496393365,3156473
1998-05-28,71.37029266357422,71.74035338462181,70.04861952985934,70.7358843884627,2306509
1998-05-29,70.52442169189453,71.8460949012331,69.83715679396714,71.68749282338031,2459062
1998-06-01,70.10145568847656,71.00019499305806,69.41418302975443,70.52438898019527,2233957
1998-06-02,69.9957275390625,70.78873766488171,69.62566691977801,70.52439826308418,2167603
1998-06-03,68.77981567382812,70.10148889621748,68.72695100721387,69.89002215018432,2202783
1998-06-04,70.57727813720703,70.57727813720703,68.40973820456144,68.77980698325399,2574369
1998-06-05,71.68748474121094,71.74034940134314,70.10148030064391,70.7358804609557,2501629
1998-06-08,71.42314147949219,71.9518122315934,71.26453944590445,71.68747281575588,1898929
1998-06-09,71.7403564453125,72.05756059640129,70.94735414716648,71.10595622271087,1856300
1998-06-10,72.11035919189453,73.43203117103818,71.21162838654894,71.26449300343549,3459138
1998-06-11,71.21168518066406,72.2161541004547,70.73587901050534,71.89894998701557,2695121
1998-06-12,72.11035919189453,72.42756305235093,70.78869529231942,71.05302645632074,3182076
1998-06-15,70.94733428955078,72.85054250423819,70.84160498849796,71.68747171521518,3016127
1998-06-16,72.11035919189453,72.21609650523618,71.10589107320729,71.42309493366369,3028209
1998-06-17,74.06647491455078,74.43653549230604,72.74480229260506,72.90340429997015,3887688
1998-06-18,74.38370513916016,74.75377396708244,73.74930489682603,73.96077164427074,2651114
1998-06-19,73.5906753540039,75.01808546604934,73.32634403823442,74.38367738088552,4271292
1998-06-22,72.85053253173828,74.06647588441103,72.7976678884485,73.48494056950582,2249857
1998-06-23,74.54229736328125,74.70089942278766,73.27348896680503,73.59069308581786,2182564
1998-06-24,75.96967315673828,76.33974180623554,74.1193379888243,74.43653391727031,2892182
1998-06-25,75.91682434082031,76.23402841496272,75.44102630918067,75.91682434082031,2287103
1998-06-26,76.18116760253906,76.49836361309644,75.81109885724346,76.07543021263702,1732104
1998-06-29,76.86844635009766,77.60858397540977,76.55124220222794,76.60411494659013,1942999
1998-06-30,76.86844635009766,77.82005071413097,76.44551287265527,76.921311014884,2953904
1998-07-01,77.13274383544922,77.71427907018843,76.18113998955128,77.5556770826102,2761726
1998-07-02,76.9212646484375,77.18560397218296,76.49833142592995,77.13273933926226,1338108
1998-07-06,77.97152709960938,78.18369371517146,76.75155892723207,76.9106859154827,1813169
1998-07-07,78.60807037353516,79.3506579914051,78.07764948843938,78.23677656460018,2584510
1998-07-08,79.1915054321289,79.24454507167458,78.34283066780742,78.92629102176426,2591959
1998-07-09,79.88102722167969,81.6314078925573,79.03236075324799,79.08540038094588,3356288
1998-07-10,79.61580657958984,80.04013973707161,78.92625911894581,80.04013973707161,3268713
1998-07-13,79.40365600585938,80.62361610609965,79.40365600585938,80.62361610609965,3123797
1998-07-14,80.6766586303711,80.94187299650983,79.50974622336443,79.56278585406547,2849177
1998-07-15,79.8280029296875,80.676669561156,79.40366961395326,80.51755064749406,2937190
1998-07-16,81.26014709472656,81.68448045793603,79.98713889877938,80.19930558038412,2851242
1998-07-17,82.05572509765625,82.21484393394759,81.31313810304093,81.47226504564621,3016002
1998-07-20,81.04795837402344,82.00271233027443,80.30537916922145,81.94967269557088,2673713
1998-07-21,78.87325286865234,81.47230874382575,78.23675286315444,81.15405468791766,3278979
1998-07-22,77.54723358154297,78.39590867344167,76.80464591600209,78.18374192704731,5734723
1998-07-23,76.3802719116211,77.7063194529999,76.22114490964492,77.28198618527476,2979382
1998-07-24,77.81245422363281,78.28982741404292,76.2742391113662,77.06986649959764,3462455
1998-07-27,78.07765197753906,78.71415219615305,76.69856411738158,77.22898501938707,2720724
1998-07-28,77.06979370117188,78.28975346327009,76.06200050177272,77.81238072377575,3165174
1998-07-29,75.95591735839844,77.86542463436804,75.74375078399233,77.65325805996193,2553899
1998-07-30,77.49413299560547,78.02455349773518,76.43330009766095,76.59241895261646,2632898
1998-07-31,75.90291595458984,78.66109091678308,74.73599515471435,77.49417011690758,3673413
1998-08-03,75.95591735839844,77.28196452817258,75.21333029481973,75.26637801815727,2760412
1998-08-04,72.50820922851562,76.9637242957597,72.50820922851561,76.9637242957597,4790861
1998-08-05,73.62212371826172,75.0542510321554,72.56128206578356,72.93257583351894,5021098
1998-08-06,75.37249755859375,75.69075164355061,73.56907665858253,73.62211630396901,3417384
1998-08-07,74.78902435302734,76.64549268732682,74.47077032248527,76.32723865678473,3232530
1998-08-10,74.5238265991211,75.69074736964701,74.2586121745261,74.73599327500594,2206351
1998-08-11,74.09945678710938,74.25858375971322,72.72036986840189,73.1977507862134,3515163
1998-08-12,75.84984588623047,76.06201248234804,74.52379858075905,75.10725874666123,2716530
1998-08-13,74.57687377929688,76.27421546425133,74.57687377929688,75.47858832268629,2680285
1998-08-14,74.20552825927734,75.90286875999924,73.51598089431373,74.62986135787938,2944702
1998-08-17,75.79682922363281,75.90291661833044,73.40994795928388,73.88732096962613,2977316
1998-08-18,77.01677703857422,77.49414992032878,75.84985654282234,75.84985654282234,2687046
1998-08-19,77.44109344482422,78.02455356578128,76.85763332386716,77.38805382645945,2236586
1998-08-20,76.75154113769531,77.70629473958924,76.53937457130938,76.64546190765954,2282346
1998-08-21,76.0620346069336,76.22115352056893,73.88731217810283,76.16811388269048,3688749
1998-08-24,76.16810607910156,76.5393997188466,75.58464580326182,75.95593944300686,2326040
1998-08-25,76.64546966552734,77.81238995192003,75.79679520776844,76.53938231843928,2486355
1998-08-26,76.75154113769531,77.12283465544931,75.21332745166147,76.00895410218735,2754966
1998-08-27,73.46295166015625,75.90287948122663,72.40211876380926,75.63766517740373,5240256
1998-08-28,72.87950134277344,74.62988193690576,71.92474755449071,73.67512814862305,5541919
1998-08-31,67.89356994628906,73.35688239766236,67.89356994628906,72.93254107511304,6105682
1998-09-01,70.17436218261719,71.71257606421649,66.19622437105812,68.74223565085579,6868196
1998-09-02,68.21182250976562,71.50041722287128,67.94661221273242,70.81086963995332,4373328
1998-09-03,65.98406982421875,67.78749430334338,65.34756587477523,67.31011735455034,6331663
1998-09-04,64.39281463623047,67.41619921102385,61.63463631923488,67.04490558631691,6695737
1998-09-08,69.48483276367188,69.80307864627717,66.51448787040354,69.5909120224348,6046276
1998-09-09,68.05268096923828,70.65173564998751,67.46922087242115,69.59089468869388,4524316
1998-09-10,65.40058898925781,66.56750915191334,63.756292027956185,65.98404907058558,6912266
1998-09-11,67.257080078125,67.73445707240197,63.862401481688124,64.87019510674016,5468115
1998-09-14,67.15097045898438,68.63614049679452,66.83272060513018,67.84051383558042,4720813
1998-09-15,66.24928283691406,66.5675327980077,64.9232352526193,66.51449316440474,4827105
1998-09-16,67.78750610351562,69.16659350535765,66.51450203618766,68.84833944865629,7353899
1998-09-17,66.40840148925781,67.04490542337398,65.66581829480704,65.87798492179297,4007564
1998-09-18,66.09014129638672,66.51447853769061,65.3475541639732,66.3023078904598,4996435
1998-09-21,67.257080078125,67.36316340428002,63.756318155533116,63.862401481688124,4271230
1998-09-22,67.78750610351562,68.42400611060002,67.25708537778613,68.31792682924511,3214314
1998-09-23,71.34133911132812,71.50046620920067,68.26490890686492,68.74229020048257,4606758
1998-09-24,69.37874603271484,71.23521414119962,68.05269854184237,70.01524591005963,4533580
1998-09-25,70.49264526367188,71.23523270053649,67.8935932878051,68.10575591570436,4066469
1998-09-28,71.17401885986328,72.34516919034988,70.48197178471197,71.17401885986328,3318791
1998-09-29,70.58846282958984,71.8128453790833,69.2576083413262,71.8128453790833,3267961
1998-09-30,67.76703643798828,69.89639736985579,66.86205366900562,69.84316548218045,4213576
1998-10-01,64.36006927490234,66.80883841386095,63.5615582181758,66.48943480474058,6218485
1998-10-02,64.20034790039062,64.25358385462847,60.15455368521756,63.77447653788824,8874795
1998-10-05,62.17745590209961,63.668013929041486,59.94162292953723,63.614777970429095,6448285
1998-10-06,62.816253662109375,64.67944673035763,61.53863567439198,64.30680730313806,4624348
1998-10-07,63.880958557128906,64.57300170872186,60.68691042587991,63.5615549643593,5212400
1998-10-08,60.95307540893555,62.975968674920956,58.77047426237418,62.23069370718706,9743288
1998-10-09,61.751590728759766,61.75159072875976,58.98341416246102,61.32571522048642,7283225
1998-10-12,63.08245086669922,64.20036553424968,62.60334341836295,63.455086377315226,4620655
1998-10-13,64.83916473388672,65.05210043392894,62.81626744778461,63.29537480680486,3994669
1998-10-14,66.11678314208984,67.07499786216076,64.46652536149003,64.89239676247689,4253639
1998-10-15,69.84317016601562,70.6416810774971,65.31827228905362,65.85061154075778,5285265
1998-10-16,71.38695526123047,71.7595947461021,70.1625730313382,70.90785200108145,6596769
1998-10-19,71.01433563232422,71.65315100540607,70.42876029746762,70.58846414073808,3067395
1998-10-20,70.0561294555664,72.93077458625311,69.73672986484812,71.49345608876159,4621970
1998-10-21,71.44022369384766,72.18550304483577,70.2690727524962,70.69495247856409,3245363
1998-10-22,73.67603302001953,73.8889687321761,70.37551727804065,71.59989965686627,3800363
1998-10-23,73.72926330566406,73.94219901317526,72.77104855401312,73.0904561831305,2690677
1998-10-26,73.14371490478516,74.7407373647485,72.93077911917032,73.14371490478516,2980195
1998-10-27,72.82426452636719,74.79393362772026,72.50486510277705,74.79393362772026,3398980
1998-10-28,72.34516906738281,73.09044802837121,71.81282579014821,72.77104043489038,2742070
1998-10-29,73.94221496582031,74.04868691039727,71.5999135421568,72.34519274708664,2504008
1998-10-30,74.52776336669922,75.75215367583614,74.15512389900972,74.74069904313608,3476039
1998-11-02,74.42131042480469,75.805396590882,74.31483850324433,74.63424613222418,2553711
1998-11-03,75.3795166015625,76.17802744747966,74.47453384619627,74.52776573307067,2623258
1998-11-04,75.59246826171875,76.65714690273494,75.13997678839863,75.8586358880473,3226020
1998-11-05,77.34916687011719,77.34916687011719,74.95362653433035,75.21980220258396,3016252
1998-11-06,76.9765625,77.66860978979452,76.71039484622672,77.13626634654511,2604979
1998-11-09,75.59246826171875,77.0297864610161,75.16659680531228,77.0297864610161,2527232
1998-11-10,75.85862731933594,77.08300965212833,75.48598780314677,75.59245972307271,2516089
1998-11-11,74.2616195678711,76.71039283402187,73.9954519210797,76.01834556238057,2702508
1998-11-12,73.78248596191406,75.00687629645057,73.35661460020579,74.20836545932251,2214927
1998-11-13,75.11332702636719,75.69890208096199,74.26158445084702,74.42128821768173,2077461
1998-11-16,77.02978515625,77.13625708639916,75.64569887852227,75.64569887852227,2546199
1998-11-17,76.65715026855469,78.36064430467866,76.28451069391188,76.65715026855469,3231341
1998-11-18,78.14765930175781,78.36059490507296,76.01829513290915,76.55063820904562,2731178
1998-11-19,78.8397445678711,79.10591216791222,77.77505789630425,78.30740123208767,2898191
1998-11-20,78.94622039794922,78.99945229893848,78.14770934030074,78.89298849695997,3190965
1998-11-23,80.59648132324219,80.59648132324219,78.94621919637086,78.94621919637086,2932620
1998-11-24,80.27706909179688,80.54323671327866,79.69149381597545,79.85119764314526,2373740
1998-11-25,79.37206268310547,80.43674912549842,78.99942324183789,79.90440590430194,1925221
1998-11-27,78.62680053710938,79.26561579280344,78.57356864436859,79.15914387162071,1074067
1998-11-30,76.9765625,78.46712088681721,76.9765625,77.9880093471819,2567420
1998-12-01,77.61534118652344,77.98798064608917,75.91184767646575,76.2844871360315,2985266
1998-12-02,77.45563507080078,77.66857887189525,76.2844848432791,76.7635961921923,2542694
1998-12-03,75.00687408447266,77.08299894549991,74.95363406405406,76.23125624720154,2749144
1998-12-04,76.76362609863281,76.9765618469856,75.80541116319382,75.85864306635634,2720787
1998-12-07,77.34916687011719,77.98797382966741,76.76359178993803,76.92329556375036,2123533
1998-12-08,77.02978515625,77.34919281099559,75.8586346031187,76.55068180983349,3054876
1998-12-09,76.65715026855469,77.50890135446785,76.12481499252411,76.8700860061074,2533930
1998-12-10,75.32624816894531,76.76357365805484,75.21978443535036,76.76357365805484,2459876
1998-12-11,75.85862731933594,76.01833113137431,73.83573406205277,75.27305209899596,3314410
1998-12-14,73.94221496582031,75.59247722469394,73.40987965004439,75.16660571779202,3010243
1998-12-15,79.3188247680664,79.63823230362748,75.00686371648621,75.00686371648621,5443890
1998-12-16,78.36064147949219,79.37208823032677,77.9880019182844,79.37208823032677,3359293
1998-12-17,80.33027648925781,80.33027648925781,78.0944479978847,78.0944479978847,3228086
1998-12-18,82.51287841796875,82.61935032237254,80.17057787808447,80.27704978248825,5490338
1998-12-21,83.79051971435547,84.7487345298665,82.51289724844018,82.51289724844018,3266083
1998-12-22,84.37608337402344,84.53578717725262,83.20493299794364,83.57757249357817,2028509
1998-12-23,86.3457260131836,86.6119016730745,84.37606518134538,84.37606518134538,2493992
1998-12-24,85.97307586669922,86.87805835311006,85.91984399564501,86.3457152354744,862484
1998-12-28,86.61190795898438,87.09101116444103,85.86662907431895,86.452204178599,1455919
1998-12-29,88.24650573730469,88.83411156616987,86.69739204195086,87.01789466411374,1686720
1998-12-30,87.4452133178711,88.8340875727184,87.07128688984263,88.46016114468993,1688786
1998-12-31,87.17813873291016,87.76573632164818,85.94952781931218,87.23155446903209,2510581
1999-01-04,85.94951629638672,88.46016168691081,85.0414080850659,86.64394526426916,3565993
1999-01-05,87.7657699584961,87.97944114867374,85.5756341363238,85.94956076008516,2633962
1999-01-06,89.47512817382812,89.63538357254009,87.76575086056748,88.13967740296201,3226584
1999-01-07,87.97946166992188,88.834154793792,87.12477670985568,88.13971714088527,2562850
1999-01-08,87.4986343383789,88.51357396808716,85.78925760404017,87.92597648101423,3205112
1999-01-11,85.20171356201172,87.49868922426256,84.45386026139028,86.32349351294388,3738327
1999-01-12,83.54573822021484,85.68245809746283,83.01156437375381,85.04144458342881,3362736
1999-01-13,82.53076934814453,84.18673055360932,80.39405021567934,81.19531886987899,4407256
1999-01-14,82.9581069946289,83.97305485386053,82.31709373916526,82.90469126428978,3168054
1999-01-15,86.1098403930664,86.27009588687997,84.07995924157491,84.507301782541,3749846
1999-01-19,86.6973876953125,86.96447456102429,85.0948420096431,86.32346118503625,3117599
1999-01-20,85.7892837524414,87.33840561451176,84.93459104286467,87.01789482794548,3768813
1999-01-21,84.88115692138672,86.53711807503339,84.61407009961063,85.78926517750251,3056065
1999-01-22,83.6525650024414,85.30851836623965,83.22522272557735,84.45383381251153,3031652
1999-01-25,85.89613342285156,86.64398664062567,83.75941344226914,83.75941344226914,2886360
1999-01-26,87.17813873291016,87.28497836895292,85.4153459666961,85.89610391939135,3027708
1999-01-27,86.75077056884766,88.0327968351086,86.75077056884766,87.9259653948184,2789270
1999-01-28,88.4067611694336,89.04778274164312,86.9644789595621,86.9644789595621,2761789
1999-01-29,89.63539123535156,89.74222273442561,87.39183178918549,88.4601957627315,3480045
1999-02-01,87.33843231201172,89.68882369516241,87.2850165525226,89.68882369516241,2885734
1999-02-02,87.17813873291016,87.44522557731875,85.20167485840945,87.17813873291016,2945015
1999-02-03,87.92597961425781,89.4751010593619,86.64394497686907,86.85761605580089,2952402
1999-02-04,85.57560729980469,88.46017970830364,85.25509653314944,87.97941355832076,2955782
1999-02-05,83.75939178466797,85.57560860501634,82.47736502609219,85.20168209281519,4238553
1999-02-08,83.38546752929688,84.50724709626135,82.69103839055681,83.91964944172754,2813933
1999-02-09,82.05005645751953,83.65259464553444,81.88980100595745,82.90474131411337,2646232
1999-02-10,83.70597839355469,84.29357604867843,81.83635394386994,81.83635394386994,2704010
1999-02-11,85.46876525878906,85.57560489927695,83.17179054439214,83.70597241923312,2441534
1999-02-12,83.43888092041016,85.30850513261177,82.31710149480992,85.30850513261177,3027395
1999-02-16,84.61408233642578,85.41535108143101,83.17179206437683,84.24015583358342,2679847
1999-02-17,84.88115692138672,86.64394953822455,83.75937757509041,83.97305682906911,2932871
1999-02-18,86.0029296875,86.64394290899686,84.13329758672052,85.4687479210205,2658877
1999-02-19,85.7892837524414,86.69739220517918,85.36194147955301,85.84269949560246,2729551
1999-02-22,88.88750457763672,88.88750457763673,85.6290062996579,85.78926165165652,3681300
1999-02-23,88.0328598022461,89.31489514930306,87.28501469391533,88.4602103604666,3021448
1999-02-24,86.32344818115234,89.26143591659769,86.05635319187657,88.0328169262854,2878535
1999-02-25,85.7892837524414,86.85763943466236,83.81281961748266,86.00295488888558,3838610
1999-02-26,85.7358627319336,86.69738686864721,84.45382782838229,86.3234603619364,3257633
1999-03-01,86.27001190185547,86.80419363993248,84.18671700181028,85.57558298977278,2737188
1999-03-02,84.88115692138672,86.96446025539441,84.2401436508452,86.69737343361832,2611427
1999-03-03,84.40042877197266,85.57562426427957,83.38548053096126,84.61409993750108,3168993
1999-03-04,86.20164489746094,86.30886457270692,84.7006267938854,84.86145221033523,2818002
1999-03-05,88.9356460571289,89.09647146211124,87.38101413036263,87.48823379796343,3527120
1999-03-08,89.90058898925781,90.38306519720156,88.88203902960454,89.15008409829694,4349290
1999-03-09,90.91913604736328,91.93768588272826,89.31089040996757,89.4717157929908,4021398
1999-03-10,90.7046890258789,91.29438477774868,89.95418429033795,91.07994549006735,4831049
1999-03-11,91.83049011230469,92.42017787486006,90.81194001204338,91.40162777459874,3382579
1999-03-12,92.09851837158203,93.22427975392915,91.83047331491683,92.31294950121182,3907156
1999-03-15,94.45726776123047,94.56447922823166,92.6345908938387,92.6345908938387,3850567
1999-03-16,94.35005950927734,94.61809640202587,93.65316031099593,94.45727918207965,2909647
1999-03-17,93.00984191894531,94.35004252714049,92.47376003709992,94.35004252714049,2944326
1999-03-18,94.35005950927734,94.61809640202587,92.52739061434347,92.63460209430762,2784137
1999-03-19,96.06552124023438,96.86964014744517,95.42222775303343,95.58304498020478,5828496
1999-03-22,94.67169189453125,95.90467283098573,94.67169189453126,95.4222048794467,2346071
1999-03-23,91.40165710449219,94.83257329276458,90.97279462916848,94.83257329276458,3321045
1999-03-24,91.56245422363281,91.9377108215327,90.70472134578787,91.40162879698447,2584697
1999-03-25,93.0634994506836,93.8140046055419,92.25937215469163,92.3665918584374,2765920
1999-03-26,92.47374725341797,93.38508550728699,91.99127936143972,93.2242601456824,1910573
1999-03-29,96.06552124023438,96.38717208025409,92.63460625615235,92.63460625615235,3191967
1999-03-30,97.19129943847656,97.62016180056779,94.88615400118726,95.8510984123121,3184768
1999-03-31,94.88615417480469,97.9418128477643,94.67172299336671,97.78098741347601,3397165
1999-04-01,95.7438735961914,96.44078104188442,94.83254317377906,95.20779976871549,2510080
1999-04-05,98.31702423095703,98.4778496046564,96.44075005202761,96.49435577898201,2458749
1999-04-06,97.19129943847656,97.9954184156074,96.27996077440332,97.67376754761938,2911337
1999-04-07,98.20982360839844,98.20982360839845,95.74385338965944,97.88817282552556,2776938
1999-04-08,97.67373657226562,98.20981845129116,96.44075562405985,97.45930545922273,3052372
1999-04-09,96.22634887695312,98.15623757585215,95.90469802952373,97.67376130470804,2741256
1999-04-12,99.92530822753906,99.92530822753906,94.88615494096038,94.88615494096038,3627653
1999-04-13,100.30058288574219,100.72944532921352,97.78100578929718,97.78100578929718,4061587
1999-04-14,97.83458709716797,100.40776930778559,97.7809813533406,100.24694388346472,3098069
1999-04-15,96.49434661865234,97.620115934841,94.5108529812735,97.3520791326779,4119678
1999-04-16,95.42222595214844,96.22634484418326,94.29645622616435,95.85108826885524,3195284
1999-04-19,89.84699249267578,96.1727322332345,86.20164636483399,95.42222726509038,6314198
1999-04-20,93.76036071777344,93.97479184521536,89.09646526202779,89.63254717705121,4738528
1999-04-21,97.40576171875,97.40576171875,93.06351457873672,93.6532025630946,3742334
1999-04-22,97.13764953613281,98.53146398616792,95.6902375517283,98.53146398616792,3108460
1999-04-23,96.81603240966797,98.10261935755318,96.27995041829664,96.38717009370625,2289670
1999-04-26,97.35218048095703,97.35218048095703,95.42229055633597,97.03052942923888,2365790
1999-04-27,96.49434661865234,98.58505989259764,95.47579693903015,97.83454701513854,2899005
1999-04-28,95.63668823242188,96.8160640835751,94.88617483753508,95.31503729380152,2543633
1999-04-29,92.31301879882812,95.58310212509946,91.02642286238913,95.2078535111833,3422705
1999-04-30,90.3830795288086,94.56449969649371,88.93565886830453,93.92120617673575,6059672
1999-05-03,90.5975341796875,91.02639663732907,88.5604252166284,90.43670870986163,3457510
1999-05-04,90.0078125,90.543894467446,88.66761167780402,90.06141823889321,4196487
1999-05-05,93.49237060546875,94.0284445957069,90.00784870471435,90.00784870471435,3895513
1999-05-06,92.84904479980469,95.10058447325714,91.02637567808543,94.29646550212102,4315862
1999-05-07,94.29643249511719,94.77890043178277,92.95623194806035,92.95623194806035,3630157
1999-05-10,93.27787780761719,95.10054619572072,92.68819025327466,94.08199645509922,2414992
1999-05-11,95.15419006347656,95.85109754016304,93.27791519818992,94.24285960053473,3010806
1999-05-12,94.51089477539062,94.93975712563501,92.84904292714494,94.93975712563501,3196787
1999-05-13,93.76036071777344,95.47581793014605,93.49232385668031,95.15416714256456,1951825
1999-05-14,90.86552429199219,92.52737569909229,89.95419408784915,92.20572492537309,4077612
1999-05-17,91.1336441040039,91.50890091693951,89.6862226275827,90.43673625345392,2488233
1999-05-18,89.41809844970703,91.24076677063155,87.97067838331897,91.0799414084956,3377697
1999-05-19,92.63462829589844,92.84905950931649,90.2758767554594,90.38309645858864,2787392
1999-05-20,91.29441833496094,93.76038092851823,91.07997896845784,92.84904229581635,2597906
1999-05-21,89.31089782714844,91.99129925257598,89.20368635812022,91.45521732892301,3720549
1999-05-24,88.77481842041016,90.43666162679396,87.97069148992485,90.16862477852338,3152780
1999-05-25,87.80984497070312,90.06137504560539,87.54180001911506,89.25725657650929,3307461
1999-05-26,88.45318603515625,88.82844261644247,87.05937938730965,88.77483687421258,4021211
1999-05-27,86.36244201660156,88.34593571961979,85.98718556545373,88.34593571961979,3186020
1999-05-28,87.22016906738281,89.3644879991428,86.09439978482091,86.20161122534958,3201043
1999-06-01,87.9707260131836,88.82845901136467,86.41609365887291,87.59547755547688,2898379
1999-06-02,87.54183959960938,88.2923526948527,85.98720767170185,88.07792155233143,3192718
1999-06-03,88.23873901367188,88.77482091813275,87.54183171858905,88.39956440429384,2539251
1999-06-04,89.9542007446289,90.06141221524462,88.13152381578769,88.56038608392535,2435587
1999-06-07,89.57894134521484,90.27584046042797,88.72120864355009,89.20368482439348,1874641
1999-06-08,87.80984497070312,89.1500451501413,87.27376326036104,89.04282553093927,2257619
1999-06-09,88.07793426513672,88.2923654386081,87.4882464898807,87.75628340851019,1986192
1999-06-10,86.63050842285156,87.54183872121322,85.61195026504858,87.48823298433024,3195848
1999-06-11,86.92536163330078,88.02432441844958,85.93361033347263,86.63051775941113,3313220
1999-06-14,88.98926544189453,89.20369659740182,86.63051453847606,86.68412027914331,2941009
1999-06-15,89.36450958251953,90.54388487018927,88.34595149448346,88.50677688695427,2736875
1999-06-16,91.61604309082031,92.42016188308929,90.11501697573831,90.11501697573831,3537010
1999-06-17,93.00984191894531,93.22427303311615,91.07995369857122,91.13356762174142,2281031
1999-06-18,92.2593765258789,93.00988990913653,91.99133954307584,92.68824716834105,3402235
1999-06-21,90.54393005371094,92.3665996279812,90.06145363553159,92.3665996279812,2509391
1999-06-22,90.81192779541016,91.66965235543516,90.06141470896945,90.49027698898196,1811041
1999-06-23,90.75831604003906,91.13357255837452,89.04285884091084,90.3830595217036,2309076
1999-06-24,91.56245422363281,91.99131656613586,88.5067956958306,89.57895974492708,3850629
1999-06-25,89.57894134521484,92.15212306453478,89.042859430779,92.04490340451275,2407355
1999-06-28,91.07999420166016,91.45525086654416,90.22226936354836,90.22226936354836,2415869
1999-06-29,94.08203125,94.08203125,91.02637270520776,91.61606047763794,2952339
1999-06-30,96.92323303222656,96.92323303222656,91.99130056560097,93.49232669611905,4562376
1999-07-01,95.63668823242188,96.33358767564458,95.04700030684526,96.11915644751136,2855812
1999-07-02,96.65522766113281,96.86965886496634,95.36863224529161,95.8511085985471,2013297
1999-07-06,98.03180694580078,98.94598454995364,96.25723269187657,96.25723269187657,2888113
1999-07-07,101.47342681884766,102.17250537655406,98.1931496651741,98.46202982661303,4975401
1999-07-08,100.66683197021484,101.58100999121726,99.26868266762364,100.4517327096904,4828795
1999-07-09,100.77439880371094,101.41970494012247,99.75267504554797,100.66685325988666,3615947
1999-07-12,99.26863098144531,100.93565143713367,98.67710626840098,100.88187870459159,3379136
1999-07-13,99.43000793457031,99.64510719242729,98.24695790717462,98.3007306670477,1975675
1999-07-14,99.64506530761719,100.12903637977182,98.62333398931531,99.64506530761719,2176805
1999-07-15,101.15077209472656,101.15077209472656,100.02150337940868,100.23660257367696,2786390
1999-07-16,102.28009796142578,102.38765171919708,100.82817565089324,101.0432749480697,2895124
1999-07-19,103.2480239868164,103.2480239868164,101.52722180639056,102.38762700578556,3214252
1999-07-20,101.15077209472656,102.87157386723496,100.93567290045829,102.76402837928192,2566419
1999-07-21,100.61309051513672,101.41971504767335,99.9140115371424,100.72063606967903,2064628
1999-07-22,98.94602966308594,101.36590250764768,98.46205838151948,100.3441789656126,2798096
1999-07-23,99.10735321044922,99.86020470900334,98.03184872155344,98.94602671527839,1963969
1999-07-26,98.08563995361328,99.64511587269871,97.92431344157595,98.56961127135997,2100434
1999-07-27,100.0215072631836,100.55925116055343,97.92427976468109,98.94600303171883,2250295
1999-07-28,98.08563995361328,99.80643416637069,97.87054067701861,99.80643416637069,1987569
1999-07-29,96.36481475830078,97.22521166142856,94.69778548553646,97.22521166142856,2832087
1999-07-30,93.78363037109375,96.63370171836202,93.51475013340563,96.20350320009867,2654745
1999-08-02,92.815673828125,94.59024876946033,92.60057458235988,92.97700031703988,2593712
1999-08-03,92.815673828125,93.72984356803569,91.74016938093524,93.13831858759058,2605856
1999-08-04,91.84771728515625,94.5902427676003,91.74016355991601,92.60056870674696,2260562
1999-08-05,94.26763916015625,94.3751929417018,90.3420617368146,92.06286471296785,3115534
1999-08-06,92.06281280517578,93.7298338414555,91.30996141394105,93.03076341985422,2856563
1999-08-09,90.39579772949219,91.95527350784202,90.23447945037844,91.57885597154532,2406291
1999-08-10,90.23445892333984,91.20240946965062,88.24477686488348,90.01935971508885,3195910
1999-08-11,91.25619506835938,92.06281926748483,90.39578989582537,90.61089735273181,2674902
1999-08-12,90.39579772949219,91.74017425065908,90.39579772949219,91.57885597154532,2109824
1999-08-13,92.70813751220703,93.29966260377603,91.20244250899142,91.3099880428954,2261501
1999-08-16,94.48274230957031,94.4827423095703,93.08459240338418,93.24591897301495,1821996
1999-08-17,95.88078308105469,96.09589040796557,94.590188429743,95.39681214140253,2330797
1999-08-18,96.09596252441406,96.84880586014737,95.4506564961211,96.25728081312221,2667453
1999-08-19,95.50442504882812,95.61197056063801,94.37514786464011,95.28931758848029,2512020
1999-08-20,97.0638427734375,97.17139644851237,95.2892687724009,95.71947525434054,2191202
1999-08-23,100.29035949707031,100.29035949707031,97.22518208013854,97.22518208013854,2882604
1999-08-24,100.34418487548828,101.41968945976853,99.43001501905184,99.48378778275628,2998286
1999-08-25,102.6565170288086,102.97917006251801,100.55928874642862,100.72061526328334,2963795
1999-08-26,102.33382415771484,102.81780351987135,101.90362575915066,102.06495221320283,3121794
1999-08-27,100.29035949707031,102.3338056294509,100.12903307222744,102.28003289395691,2530862
1999-08-30,98.30068969726562,100.23659042949797,98.08559052905773,99.86016483054382,2228762
1999-08-31,96.63369750976562,99.1611239674441,96.36482550215214,98.51582621815311,2814059
1999-09-01,97.81671905517578,97.87050001575464,96.3110247445686,97.0100950484743,2318215
1999-09-02,97.17143249511719,97.60163091828292,95.82705625895213,96.90256053522933,2396776
1999-09-03,100.15592956542969,100.55923743340229,97.54784078943356,99.37618787130442,2673775
1999-09-07,103.0866928100586,103.0866928100586,101.15079147241684,101.15079147241684,3582832
1999-09-08,104.00078582763672,104.10833124840201,102.17243970941321,102.38753876930086,4070413
1999-09-09,103.03294372558594,104.05466738340574,101.52724051298897,104.00089461677462,2563977
1999-09-10,102.54890441894531,104.00083401891969,102.11870609982732,103.24798285128274,2518405
1999-09-13,102.01122283935547,102.22632213008978,101.20459844451031,101.95744185289746,1743747
1999-09-14,100.45173645019531,101.47346003032334,99.64511213860135,101.47346003032334,2076835
1999-09-15,99.8063735961914,102.11869968924366,99.7526008642675,101.47340225107571,2313896
1999-09-16,100.88192749023438,101.36589875387847,99.05357973438586,100.23662973258745,2349577
1999-09-17,103.2480239868164,103.2480239868164,101.6347755382015,101.95742029690598,3728938
1999-09-20,104.96884155273438,105.39904010630484,103.5169111614773,104.21598997480335,3265019
1999-09-21,102.60271453857422,104.21596280303103,101.58099118564246,104.16219005244601,3106832
1999-09-22,102.38762664794922,103.140469894538,100.98947744947844,102.60272589245517,2863762
1999-09-23,100.45173645019531,103.19426239696081,100.29040994420352,102.81783662243495,3068585
1999-09-24,101.52721405029297,102.1725199551326,99.48376726727028,99.5913127725012,3483363
1999-09-27,103.2480239868164,104.1622019429348,102.11874678544031,102.38762700578556,3069461
1999-09-28,102.1478271484375,103.33433800949493,99.45120855788656,103.1186095113396,3339762
1999-09-29,100.47595977783203,102.63325383470857,100.4220296930727,101.554610927475,3157600
1999-09-30,102.30963897705078,103.49614999344642,99.55908996246022,101.06918964725003,4260275
1999-10-01,101.28485107421875,101.93203617199872,100.42192936811097,101.71630780607207,3364363
1999-10-04,103.60399627685547,103.60399627685547,101.98602842409018,101.98602842409018,3042481
1999-10-05,104.35900115966797,105.92303821458526,102.95676246257011,103.28035917820898,4333578
1999-10-06,106.73204040527344,107.00170712954542,104.52081777522355,104.52081777522355,4001868
1999-10-07,105.16795349121094,107.16344674642471,104.89829513648472,106.46233172717656,3215942
1999-10-08,107.64888763427734,108.02641443751125,104.95226996615042,106.03092033036256,4610389
1999-10-11,106.24665832519531,107.37923883691745,106.24665832519531,106.732045263131,2045974
1999-10-12,104.73653411865234,105.9769745314178,104.30507730050809,105.81518440641581,3492565
1999-10-13,103.17254638671875,104.84445266080942,102.79501942942107,104.25119719111404,3058757
1999-10-14,103.65794372558594,103.76580386266681,101.06918504194776,103.01074993347292,4267787
1999-10-15,99.88261413574219,101.82417786205103,99.66688574864142,101.82417786205103,5386549
1999-10-18,101.50064086914062,101.50064086914062,98.91188242648123,99.66693628538971,4006500
1999-10-19,101.87808990478516,103.87358315338541,101.77022161781223,103.11852987177453,3550219
1999-10-20,104.95226287841797,105.22192957246132,102.30958367665187,102.47138204459732,2962292
1999-10-21,106.35454559326172,106.67814246281505,102.68715286955334,104.14332229773076,3218821
1999-10-22,108.40396881103516,108.8893558286963,106.51633431478514,106.57026437399071,3571502
1999-10-25,108.08037567138672,108.67363107017604,106.67813638719426,107.54105033364937,2857815
1999-10-26,108.40396881103516,109.80620804721852,107.81071343255736,108.67362734946852,3897641
1999-10-27,110.83087158203125,110.83087158203125,108.13425441547619,108.40392107757282,2701506
1999-10-28,114.76803588867188,115.4691599721162,111.74782745459456,112.07141621106847,5642953
1999-10-29,116.92523956298828,117.62636310424779,115.2533422606051,116.06232588981027,4241307
1999-11-01,111.63988494873047,115.95447027246904,111.53202484895924,115.30728494662948,4253890
1999-11-02,111.31632232666016,114.87585481120956,110.6151985452765,111.90957774075173,3969129
1999-11-03,113.36573028564453,114.71403934330205,112.17921963369069,114.6601092888691,2872651
1999-11-04,113.79719543457031,115.25337294879445,112.61068469682012,114.3365207451128,2725294
1999-11-05,115.41514587402344,116.3319979406738,114.92975893676416,114.92975893676416,2935187
1999-11-08,115.63087463378906,116.22412987333138,114.60615429443124,115.46907625165869,2200905
1999-11-09,115.0915756225586,116.11628795262068,114.33652182912166,116.11628795262068,2090982
1999-11-10,115.63087463378906,115.90053310907064,113.74324057960736,114.44435591230086,2312143
1999-11-11,115.63087463378906,116.1162615377766,114.98368110526758,115.63087463378906,1365339
1999-11-12,116.81744384765625,117.19497084830984,114.98373891807945,116.87137392134741,2312706
1999-11-15,116.92523956298828,117.68029314822063,115.79265918513977,116.70951114469378,2748017
1999-11-16,120.4847640991211,120.53870238248454,116.49377621997324,117.24882976303424,3435538
1999-11-17,121.8331298828125,121.94099825765886,119.13651117812584,119.6758365675445,3594914
1999-11-18,120.26899719238281,121.61730548159967,118.81282885577265,120.80832215654958,3386523
1999-11-19,118.81285095214844,121.02407300134696,118.5431842987134,120.37688786942579,3000790
1999-11-22,120.97013854980469,121.13193688747653,117.14094144704268,118.92070667663026,3154407
1999-11-23,118.75887298583984,120.48470766990992,118.27348635971953,120.48470766990992,2575934
1999-11-24,118.11172485351562,119.40610333027364,117.78813641612717,118.75890997069392,2023688
1999-11-26,117.033203125,118.7590318756886,117.033203125,117.8961175003443,1114068
1999-11-29,114.87582397460938,116.49379135283114,114.39042881570057,116.49379135283114,2774997
1999-11-30,112.28705596923828,114.76794509916499,112.0713275547755,113.68930302685101,3211936
1999-12-01,116.06233215332031,116.43985896631038,112.23313397653627,112.39493235958967,3434536
1999-12-02,116.22412109375,117.46456152570724,115.0376107042945,117.46456152570724,2323285
1999-12-03,117.57246398925781,119.83762549963424,116.97920858069341,117.08707694698055,3517229
1999-12-06,118.421875,119.56794007368768,117.35670912224344,117.62637585614858,2098682
1999-12-07,120.80841064453125,120.80841064453125,117.78820346932027,119.51403143092305,3543583
1999-12-08,121.90052032470703,123.39714324382842,119.51401439880048,119.51401439880048,4080179
1999-12-09,123.88251495361328,125.06902540408745,121.77915252144423,124.47577017885037,4033417
1999-12-10,127.22642517089844,127.6039440485877,123.82868109000198,123.88261942316645,3585775
1999-12-13,128.41282653808594,128.7903533345449,125.71620891835138,126.95664939677184,3821959
1999-12-14,129.32972717285156,129.86905258259566,127.60389080711458,128.5746732476912,4841190
1999-12-15,124.52970886230469,129.76113791937016,124.3139804238363,129.32968104243338,4101086
1999-12-16,127.38813018798828,127.38813018798828,124.04432667811429,126.09375942169146,3702521
1999-12-17,131.0554962158203,133.5363852322933,127.38809685286084,127.49596517636081,13261394
1999-12-20,132.2555389404297,133.10496829513056,131.00161352939102,132.24205436481748,4828733
1999-12-21,136.1791229248047,136.55664985577994,132.2420634238397,132.61959035481493,4012948
1999-12-22,136.5878448486328,137.66930470886663,134.20864307276466,137.02043375104947,3871975
1999-12-23,136.263427734375,137.7774601274224,134.96567741931878,137.4530287465629,2515588
1999-12-27,137.9938201904297,137.9938201904297,134.9116669844162,136.47977885921233,2566481
1999-12-28,136.0471954345703,137.12864760527174,135.0198055425586,137.07457706270574,2427950
1999-12-29,135.4523468017578,136.69601842448236,135.18197765673187,136.69601842448236,1861433
1999-12-30,134.10049438476562,136.04711541089105,133.61383499629855,136.04711541089105,1746877
1999-12-31,133.8842315673828,134.64125192896225,133.07314068394004,133.8842315673828,1227747
2000-01-03,129.77474975585938,132.96504403113903,129.07179963777168,132.3702432634788,4605131
2000-01-04,124.58374786376953,128.04441119948578,124.58374786376953,127.39553992299246,4615898
2000-01-05,124.36742401123047,127.17921531470996,123.34004270028302,124.36742401123045,5694973
2000-01-06,126.03014373779297,127.12511508740062,123.39409241776825,123.82668134342097,4146783
2000-01-07,130.91030883789062,131.39696035954626,127.17928353764422,128.04444547120008,4202747
2000-01-10,130.85617065429688,133.28945195031545,130.74802959360127,132.0998506994173,3177193
2000-01-11,131.0724334716797,132.09982291544821,130.3154214144062,130.6398527921312,3155597
2000-01-12,131.50511169433594,132.58656412740862,130.2614310664545,130.69402030356187,3827343
2000-01-13,133.0190887451172,134.04647018724035,132.37021756017754,132.47836688960487,3120229
2000-01-14,130.639892578125,133.7761158557881,129.39622067969833,132.69466382756386,3856138
2000-01-18,128.0443572998047,129.45024860567472,126.96290562754793,129.45024860567472,3817828
2000-01-19,128.66624450683594,130.5858270961407,126.53036323964075,126.74665365365568,3098569
2000-01-20,126.26001739501953,129.55846106518607,123.3941546046409,128.9636602895086,6418237
2000-01-21,124.69189453125,128.26069887115287,124.52967464964063,127.99033791105445,5009017
2000-01-24,119.50086975097656,126.25996597039978,118.04089954648036,125.71923595896143,5658102
2000-01-25,119.82524871826172,121.44743804280212,118.52750717527283,119.44673870225591,5297409
2000-01-26,122.3667221069336,123.0155931570155,120.14973982124894,121.55563122836294,3308713
2000-01-27,122.6371078491211,122.63710784912111,118.58164464322935,122.47488799866557,4015389
2000-01-28,115.93204498291016,121.55560961128882,115.60760538363002,121.39338981164873,6227875
2000-01-31,115.93204498291016,117.60829696349055,115.12094598470978,115.93204498291017,4545224
2000-02-01,117.66241455078125,118.52758440704889,115.93209136599579,116.14838176409398,5704613
2000-02-02,115.9862060546875,119.06835159884398,115.9862060546875,118.63577063796707,4553049
2000-02-03,120.47418212890625,120.96083336120674,117.01351992458157,117.60832046621177,4221651
2000-02-04,122.47489166259766,123.82671277166902,121.55565132509926,121.98823209667223,3790785
2000-02-07,118.09496307373047,122.63707640242225,117.55423313215782,122.58299762355453,3815386
2000-02-08,118.58164978027344,119.77125104998288,118.09499847169893,118.14906900290174,3900959
2000-02-09,115.9862060546875,119.12243041686213,115.9862060546875,118.52762952968688,3343580
2000-02-10,117.17581176757812,118.47355469382886,115.17511855836614,116.41879092865935,3999551
2000-02-11,115.71578979492188,118.79794235211659,115.55357819833243,116.85132055429622,4288507
2000-02-14,116.25650787353516,117.60832888562842,115.55356623612592,115.71577781592308,3034343
2000-02-15,118.96013641357422,120.25788675196827,115.87798452480895,115.93206330915201,3927751
2000-02-16,117.36504364013672,118.473535307207,116.25655197306646,118.20317430778199,3032027
2000-02-17,113.33658599853516,117.33797887960948,112.47142443715401,116.689099444699,6034320
2000-02-18,108.25374603271484,114.14767344645892,108.09152617907753,113.33658244214668,7371489
2000-02-22,112.14695739746094,112.47139703587331,108.19964427355838,109.22703370724003,5682077
2000-02-23,112.90401458740234,115.01285639811846,111.0655419849609,112.4714337708132,4581406
2000-02-24,113.33658599853516,115.01284685355438,109.06484045937249,112.74178535911696,5762955
2000-02-25,109.1188735961914,113.28247664526111,108.7403634768331,112.03880526101052,5564893
2000-02-28,111.98472595214844,114.41800645987605,109.01072378836737,109.01072378836737,5642828
2000-02-29,114.52611541748047,115.9320144683995,112.57949486191352,113.01208363504907,4710547
2000-03-01,113.66102600097656,115.82393817372719,113.12029589182026,115.49949845545848,5568962
2000-03-02,117.01348876953125,117.77050894166138,113.22839617275166,113.66097676714858,4149225
2000-03-03,120.58229064941406,121.55560111535495,118.58159920938864,118.74381899769062,4958625
2000-03-06,119.25685119628906,121.04651691745048,116.81639191234005,121.04651691745048,3859957
2000-03-07,112.74900817871094,119.20264944646304,112.47784134826867,119.20264944646304,6182553
2000-03-08,113.074462890625,114.91836857811717,111.98981979938806,113.02023280812804,4990175
2000-03-09,111.93556213378906,114.53871319955019,110.36282382285415,113.0744350268825,3944778
2000-03-10,114.26750183105469,116.32833482736821,112.80323251619731,113.56248634177311,4319243
2000-03-13,112.31515502929688,113.23710743344402,110.74242536896625,111.93553634456579,4019020
2000-03-14,110.20008850097656,112.58631020452783,110.03739005968811,112.4778418142506,3979270
2000-03-15,115.8944320678711,116.87061398809736,109.5492537305258,110.09157057312292,5406643
2000-03-16,120.61266326904297,120.99228180640857,115.840212931024,116.00291132603921,6260864
2000-03-17,121.37193298339844,122.7277421628771,119.03994981447939,119.85343366451576,6648600
2000-03-20,122.29388427734375,122.9989080290407,119.4195675127576,121.37193205318329,3254377
2000-03-21,130.59144592285156,131.40492986939086,119.79920954147065,120.39576498814978,7750586
2000-03-22,130.91685485839844,131.83879899553995,128.96448989182514,130.59145793455093,4530388
2000-03-23,138.8347625732422,138.8347625732422,130.97107334388332,131.4591603982721,6535547
2000-03-24,138.02127075195312,138.61782616676874,135.3096522161532,136.77392158406258,4815274
2000-03-27,137.04510498046875,137.75012058053593,135.5808271472616,136.88240652252844,3423644
2000-03-28,135.36392211914062,137.6416843489979,135.36392211914062,136.0147077755611,4551358
2000-03-29,141.43789672851562,143.06486444181738,136.5569853003563,136.5569853003563,8165177
2000-03-30,137.7501678466797,141.00411325724357,136.71975497716684,140.57025607937064,5209646
2000-03-31,135.0385284423828,138.72632198067663,134.27927439383504,138.1839964762487,4889203
2000-04-03,139.7024383544922,139.7024383544922,134.4961312075112,134.7130596359372,4002619
2000-04-04,133.62843322753906,137.85855906291394,127.66287965278353,137.58739226244535,6892109
2000-04-05,133.03189086914062,134.49616852764072,130.75413759450825,132.0014784761342,4469292
2000-04-06,136.12318420410156,136.82820825622755,133.6827316327563,133.7911917710787,2877721
2000-04-07,137.8043975830078,138.67211188443133,135.52663510938416,136.77397648974497,2780756
2000-04-10,138.34669494628906,139.70251285138818,136.99088532944668,138.29246488232724,2970180
2000-04-11,140.24484252929688,142.19720788797125,136.77396893870744,137.37052456006586,4382405
2000-04-12,136.01470947265625,141.65486847518844,135.36392380811571,141.1125512321999,4057017
2000-04-13,130.59144592285156,136.61123044254427,130.1575889231313,136.557000389643,5320257
2000-04-14,126.46980285644531,130.26606448686093,124.13781084590589,128.4221678751176,6603216
2000-04-17,131.89303588867188,132.97767847578805,124.84283006352162,125.2766870983681,6667067
2000-04-18,135.79783630371094,137.04518636314037,131.83887405862131,132.59812845437997,5307925
2000-04-19,134.9300537109375,136.06893473045506,133.73694262999237,135.41814084029852,2952652
2000-04-20,137.5332489013672,137.5332489013672,134.9300973633421,135.41818465060845,3559108
2000-04-24,140.62435913085938,142.2513263182911,135.63499750980293,136.23155269774466,5010957
2000-04-25,144.0411376953125,144.31229637375648,139.59407237806354,140.7871838244313,4768889
2000-04-26,141.65484619140625,145.7222746035143,139.97365637200477,144.14954490034575,4451451
2000-04-27,140.1364288330078,140.51604772853494,137.26210991122628,139.26869771540774,4220650
2000-04-28,136.4486083984375,140.5702685298064,135.8520526539601,140.02793457704254,2949209
2000-05-01,138.29241943359375,140.5701808305019,136.88238021618807,137.96702258024857,2605480
2000-05-02,139.75669860839844,140.40749236124176,137.2620168500145,137.9670323645886,2655246
2000-05-03,135.4181365966797,138.83477954816448,134.11656543366692,138.4009224938269,3462706
2000-05-04,133.62843322753906,136.66544834796284,132.54379089042615,136.61121001491682,3215691
2000-05-05,137.0994110107422,138.83484837670633,133.19467900938798,133.62853627881395,4316363
2000-05-08,136.5027618408203,137.6416426103935,134.38769873850651,135.68927794491222,2436443
2000-05-09,135.6893310546875,137.15360098279692,132.4353859091831,136.34011676848527,2804293
2000-05-10,131.78457641601562,135.52660809958712,130.3203067521208,134.0623384356923,3142326
2000-05-11,132.5980682373047,136.34010013969407,132.10998108355062,134.06234627508044,2803855
2000-05-12,136.01470947265625,136.9908921135956,131.9472887089565,132.2726773970982,2235564
2000-05-15,140.57017517089844,141.70904753524547,136.01465256049553,136.17735098061758,2828686
2000-05-16,141.2209014892578,143.66136033694764,140.57012461930825,142.6851867437726,3533046
2000-05-17,139.59400939941406,141.5463742105149,138.2924383841836,139.91940629734924,2356817
2000-05-18,138.29241943359375,141.54635481402934,137.64163401515745,139.2685934171212,2684834
2000-05-19,135.0385284423828,137.1535838196153,132.7607662967395,135.6893140747423,2690280
2000-05-22,130.15762329101562,135.03853654730267,126.90367835740517,135.03853654730267,3496050
2000-05-23,130.15762329101562,130.15762329101562,127.39177382716251,128.04255949858168,2523142
2000-05-24,132.10995483398438,133.41152584421764,127.55443972165767,127.55443972165767,3117954
2000-05-25,132.10995483398438,134.87580359104896,129.5068045252627,132.10995483398438,2386781
2000-05-26,129.01878356933594,132.59811834361776,128.36799768899195,131.29654658292978,1850061
2000-05-30,133.41156005859375,134.06235401886642,128.5306550860923,129.66952794005496,2701235
2000-05-31,136.99082946777344,138.7804954430396,134.0622911724313,134.71307653936805,3018214
2000-06-01,136.3401336669922,138.94328513308537,132.1100135706231,135.52664935185422,2674547
2000-06-02,137.31629943847656,140.57024458291852,134.71314829587766,138.78056936610787,2507012
2000-06-05,134.22496032714844,136.01462602280364,132.9233897966276,135.36384075754322,2001549
2000-06-06,133.24879455566406,134.87577034985742,131.62182704972383,134.06228659688728,1661952
2000-06-07,133.73695373535156,136.50280313342057,132.76077110731208,133.08616807941092,2081738
2000-06-08,132.4353485107422,134.3877133890646,131.45916607158097,134.06232476818118,1813649
2000-06-09,129.83224487304688,133.4115790099689,128.20527631776568,132.92349175868793,2287521
2000-06-12,129.83224487304688,130.48303063750768,126.09021222294506,130.1576418994065,2555318
2000-06-13,133.24879455566406,134.22497671687884,129.50677260730274,130.1575579520282,2797407
2000-06-14,132.76071166992188,134.87577446512995,130.97104570113146,133.41149703450384,2149240
2000-06-15,135.0385284423828,135.36391711443417,130.1576154790448,131.45918674376378,2500669
2000-06-16,133.08619689941406,135.85204689643177,132.88281960368212,135.36395133258574,3963557
2000-06-19,130.80841064453125,134.71314129977276,130.15762496474346,132.27268049611814,2046433
2000-06-20,132.76071166992188,135.20116300329425,130.48295046150497,135.20116300329425,2329003
2000-06-21,128.69332885742188,131.1337893203524,128.0425432684933,130.32030526212762,2888968
2000-06-22,126.90365600585938,130.15760036635248,124.78860087420743,128.04253694644476,3274785
2000-06-23,129.83224487304688,129.83224487304688,126.41560924930468,126.74100627566429,2127456
2000-06-26,129.9949188232422,130.32031578811694,127.7171566456327,128.53064905781957,1899514
2000-06-27,128.2052459716797,130.97109517628667,127.71715054767208,130.15761109119714,2047622
2000-06-28,131.5812530517578,132.2727093613127,129.0187719640263,129.50686754657477,2764105
2000-06-29,129.50685119628906,131.45920841521962,128.36796993571932,131.45920841521962,2690280
2000-06-30,137.967041015625,138.25176744447464,127.7171299364369,128.20522528167473,3980501
2000-07-03,135.36392211914062,136.66550172023864,133.73695383396088,136.66550172023864,1378130
2000-07-05,130.33831787109375,136.37400577674273,129.19642827484077,136.37400577674273,2829041
2000-07-06,130.99075317382812,133.11140296921425,130.01199236904586,130.66450511233205,2006599
2000-07-07,133.92713928222656,134.416524218601,131.3171112186898,132.45900109341008,2073642
2000-07-10,136.86331176757812,137.35268799260174,133.4376532619729,133.9270294869965,2555422
2000-07-11,136.37399291992188,139.3102766148287,135.8846164591794,136.53712117688625,2694370
2000-07-12,140.2889862060547,140.61524259988838,136.37394272064074,140.61524259988838,2250024
2000-07-13,137.02647399902344,140.94151801274378,135.55832833880393,138.98399600588363,3359564
2000-07-14,134.41647338867188,137.0265004652203,134.41647338867188,136.53711571390792,2321136
2000-07-17,140.12591552734375,142.0834380735651,134.57960441643363,134.57960441643363,3833039
2000-07-18,136.37399291992188,140.28903784646428,136.37399291992188,139.96278133253554,2501337
2000-07-19,137.67898559570312,139.14712302075003,137.18960922407055,138.16837027748485,1988821
2000-07-20,141.7572021484375,142.8991001615366,137.8421647971444,138.82092621250573,2341293
2000-07-21,141.26779174804688,142.89905751678674,139.96276583681544,142.57280103897887,2716718
2000-07-24,140.94151306152344,142.57277857321833,139.96274378232843,141.43089770112095,1969770
2000-07-25,139.7996063232422,141.43088834734624,139.63647812083178,140.94150374011502,1766909
2000-07-26,136.04779052734375,140.7784700215131,136.04779052734375,140.7784700215131,3498283
2000-07-27,137.02647399902344,138.4946113490942,136.37396112330424,137.35272212673434,2876741
2000-07-28,132.9483642578125,137.35278668844123,131.4802262176538,137.02653840737963,2797470
2000-07-31,134.90586853027344,138.00528078776992,134.25336374822473,134.7427402572234,3587778
2000-08-01,137.67898559570312,138.00524205022427,135.23208711724192,135.55833526161396,2713212
2000-08-02,135.72154235839844,137.84219392482538,134.41653240225415,136.86343230264018,3222932
2000-08-03,138.00527954101562,140.61530695578267,135.39525212624855,140.61530695578267,2699128
2000-08-04,139.31027221679688,139.6365204102753,133.60083326419488,135.39523572400296,1896425
2000-08-07,137.35272216796875,139.96274874118296,136.04771303643597,136.04771303643597,1612895
2000-08-08,140.2889862060547,140.45211440297155,135.72143824312093,138.49459266026454,1837937
2000-08-09,145.9984588623047,146.6509718091916,139.96276396449858,140.61527691138545,4473235
2000-08-10,148.77163696289062,149.26100510109953,144.85659213541447,145.8353450321331,3806351
2000-08-11,147.62979125976562,149.75044267426105,145.5091398452702,146.48790970748658,2527127
2000-08-14,148.77163696289062,149.26100510109953,145.67221677929652,147.14035443452485,1626521
2000-08-15,149.4241180419922,149.75037451423285,146.65097126854485,148.1191087733287,2251923
2000-08-16,148.2822723388672,149.42415364347258,146.65100620930104,149.42415364347258,1554887
2000-08-17,147.95599365234375,149.42413128726645,146.16159951626034,146.97722414886155,2155479
2000-08-18,146.65098571777344,147.46661035843783,145.50908795242222,146.65098571777344,1736027
2000-08-21,147.62979125976562,148.9348011224141,146.48790970748658,147.95604788050443,1630527
2000-08-22,146.8141632080078,148.60855796362847,146.32477828730046,147.7929164291162,1687555
2000-08-23,151.21852111816406,151.5447776100363,146.48785184691727,146.81410833878948,2360552
2000-08-24,153.82861328125,155.45987972315655,150.72919208335188,151.5448336144583,2500043
2000-08-25,154.64414978027344,155.45979084506882,153.66539712281576,154.154781761693,1689829
2000-08-28,156.60165405273438,157.90667960921604,155.1335169219874,155.2966451165476,2619961
2000-08-29,156.2754669189453,156.43859518579777,154.48107260387073,155.4598422049854,1717435
2000-08-30,150.07666015625,154.8073300623228,149.09789054928862,154.3179618791445,2187279
2000-08-31,153.01292419433594,154.8073183847732,149.2610075579397,149.42413581346136,2483204
2000-09-01,152.68666076660156,155.7860808608088,150.89226665745016,154.64418312388494,1615253
2000-09-05,150.8922576904297,153.828549362011,150.8922576904297,152.52352345450848,1942268
2000-09-06,153.9917449951172,154.64424161413498,152.6867185164683,153.82861668528608,3048449
2000-09-07,153.9917449951172,154.48111330430388,151.87109358761938,153.66548837545497,1675870
2000-09-08,156.2754669189453,156.6017234526502,152.03418184168868,153.50231962305836,2270118
2000-09-11,155.78611755371094,156.7648706527319,153.17608158914786,155.2967326940483,2457518
2000-09-12,154.15481567382812,155.94920979082548,153.82855917613762,155.29669679544446,2124180
2000-09-13,154.15481567382812,155.62295329313497,152.8497896830661,153.5023026784471,1586833
2000-09-14,153.9917449951172,154.9704982337972,152.1973502072816,154.48111330430388,1653605
2000-09-15,148.11911010742188,153.0129073742123,147.14034068188423,152.68665089903305,4224197
2000-09-18,150.07666015625,152.36043928552414,147.79288102697586,147.95600929480275,2675319
2000-09-19,148.77163696289062,151.2185275148376,147.79286744587117,150.239774618119,2480658
2000-09-20,147.79286193847656,148.9347430454804,143.5515607633763,147.79286193847656,2965485
2000-09-21,146.8141632080078,151.05544932655258,145.01976845238715,145.18288013898325,2237212
2000-09-22,149.58729553222656,151.38169010008542,143.8778552489839,151.0554335204193,2973414
2000-09-25,151.54476928710938,152.1972822350174,148.44536602514455,148.77162249909858,2295951
2000-09-26,151.381591796875,153.50224156730596,148.93468565864023,148.93468565864023,2930617
2000-09-27,155.133544921875,155.29667314587803,150.89224433839155,151.87101368240982,3063619
2000-09-28,153.9917449951172,155.94926809278388,153.0129751361305,154.48111330430388,2329650
2000-09-29,151.243408203125,154.0230252328694,150.91640913401756,152.71497897950715,2234667
2000-10-02,153.04202270507812,154.02307017559488,151.07994442302697,151.73397607003815,2482056
2000-10-03,154.5136260986328,156.63919607624626,153.04205458630466,153.36907047793315,2551833
2000-10-04,154.02301025390625,156.3121034689056,153.3689788613419,154.02301025390625,2382754
2000-10-05,156.31222534179688,156.80273260968102,153.69611439079642,154.67716224454242,2457747
2000-10-06,155.49464416503906,156.8026909636339,151.24347124587544,155.6581520972365,2922417
2000-10-09,153.04202270507812,156.47567219290443,152.87851479332534,154.67710182260606,2021435
2000-10-10,151.8975372314453,154.84064735677634,150.58949013785244,153.6961082322561,2296911
2000-10-11,148.13685607910156,150.91647430926025,144.70322276930557,148.46387194841253,3862586
2000-10-12,142.57766723632812,149.4449353470423,141.26962013404645,147.97338027460188,3632598
2000-10-13,149.11785888671875,150.75292108305806,142.57759344238175,142.90460921344555,3245301
2000-10-16,151.07997131347656,151.4069871951871,148.13686169605228,149.11790934118392,2711397
2000-10-17,145.52076721191406,150.9164965321113,143.72219632484405,150.9164965321113,3517208
2000-10-18,145.1937713623047,146.01129451617376,138.3264952407656,140.61558172828282,3842533
2000-10-19,145.52076721191406,146.3383070055764,143.23168910763377,145.19376795343626,2752044
2000-10-20,136.3644256591797,144.5397493804721,135.0563701987954,143.23170224958213,3755938
2000-10-23,130.15118408203125,136.0374129710539,128.1891050091922,135.05637343463437,14877461
2000-10-24,139.6345672607422,139.6345672607422,130.96872698921948,132.11326627297098,9597475
2000-10-25,138.49000549316406,140.94259998380434,136.36441860357945,139.63454459109985,6103867
2000-10-26,136.3644256591797,139.63455181589893,134.40234663335042,138.6535123029843,3895805
2000-10-27,136.69139099121094,139.1439931795239,135.54685218812276,137.83593812379087,3226751
2000-10-30,141.2696075439453,141.2696075439453,136.69141810549024,137.18194197225046,3804911
2000-10-31,143.3952178955078,143.7222172014845,140.7791068347673,141.59664674718294,3583166
2000-11-01,142.4141082763672,143.7221549103172,140.94255373080065,143.2316478344499,3317769
2000-11-02,140.4520721435547,143.88570599992045,139.96154826150604,141.92362713071324,2991839
2000-11-03,139.4709930419922,140.94255594011707,138.48996221589732,140.7790480259375,2516986
2000-11-06,142.57766723632812,142.74117520648687,139.4710407917944,140.12506434293522,2492406
2000-11-07,143.7222137451172,144.04922970221904,141.92364264004607,142.5776745542498,2019891
2000-11-08,142.74110412597656,144.539674243104,141.59656556379727,143.55864356966177,1978659
2000-11-09,142.74110412597656,143.55864356966177,138.98045600298462,141.43305767506024,2565521
2000-11-10,140.9425506591797,143.72215177811918,139.30748823763022,140.6155348430734,2556674
2000-11-13,134.56585693359375,139.30754660641114,132.11325394415695,136.03741206366024,3851589
2000-11-14,137.99942016601562,138.98045919145474,134.07526406425922,134.56578774172388,3068898
2000-11-15,137.34536743164062,138.81692148904872,134.89276622997593,137.01835171688842,2532386
2000-11-16,137.6724090576172,140.12500253978172,136.20085463421657,136.69136999885328,2151974
2000-11-17,135.71034240722656,139.7980066348321,133.91176381666722,137.83592014245002,2501379
2000-11-20,130.96861267089844,135.8737981669557,130.47808912359991,134.0752284858371,3087135
2000-11-21,132.7672576904297,134.8928359464128,130.9686869887171,130.9686869887171,2544426
2000-11-22,127.0445556640625,130.9687137531828,126.55403173817524,130.80520577788707,4637202
2000-11-24,129.1701202392578,130.3146592084636,128.35258050483517,129.4971278035339,1315197
2000-11-27,128.51608276367188,132.93075548669853,128.51608276367188,131.1321848095583,3356538
2000-11-28,130.3146514892578,132.0314681708636,127.53504154535025,128.51608083905248,3090765
2000-11-29,129.98764038085938,133.25776571722434,128.18906977996022,128.84309318133475,2658355
2000-11-30,129.66062927246094,130.96868445269266,125.40946451331983,128.84309790837582,4204353
2000-12-01,133.42132568359375,134.56587332948624,131.6227543812607,133.09430969062575,3798255
2000-12-04,135.05633544921875,135.71036717587774,132.93074899656148,133.4212727915557,2502589
2000-12-05,141.5965576171875,142.57758823557282,135.0562924116953,135.38330817081675,4171364
2000-12-06,141.10606384277344,141.5965875852721,138.32645429042154,140.1250163577761,3313283
2000-12-07,139.9615020751953,141.59658114245948,138.98047129381862,138.98047129381862,2161572
2000-12-08,144.376220703125,145.3572684048513,142.08712605808321,142.57764990894637,3517730
2000-12-11,144.70315551757812,146.9922488798994,142.25055429659272,144.37613980024983,3431448
2000-12-12,138.16293334960938,144.04915939817346,136.8548784891004,140.94254263988674,5283303
2000-12-13,138.65347290039062,140.28853551409756,137.99944952080625,138.16295744807533,3664816
2000-12-14,134.56585693359375,138.1629990999736,134.56585693359375,137.9994911234119,3286470
2000-12-15,130.3146514892578,134.07530072686762,128.8430967134507,131.7862145945574,7490886
2000-12-18,133.42132568359375,134.56587332948624,132.11327004121722,132.27677803770123,2909021
2000-12-19,131.13217163085938,134.56581302990588,131.13217163085938,133.42126589689036,3208764
2000-12-20,124.10139465332031,129.33359809635257,124.10139465332031,127.0445122135853,4228412
2000-12-21,125.2459716796875,126.88103460505178,123.44740079588806,124.42844021700535,4105573
2000-12-22,127.86198425292969,129.17003867251853,125.24588374323969,125.89990678829027,2441326
2000-12-26,129.0065460205078,129.33355341679717,125.73641375119351,127.20797618770598,1901705
2000-12-27,126.47379302978516,130.57476250634957,126.47379302978516,129.09840981788108,2552292
2000-12-28,127.12994384765625,129.0984085079047,124.99743907295328,128.4422564066895,2621213
2000-12-29,125.81770324707031,128.11424094054289,124.99750226017964,127.29404831025931,2291798
2001-01-02,114.82707214355469,123.02901303089853,111.87438278350842,122.7009327212912,7686631
2001-01-03,125.4896011352539,125.81768147323305,114.99112224258396,116.13939506890526,8180764
2001-01-04,126.14582061767578,127.95024672406954,123.68524184257794,124.17735425495346,5618519
2001-01-05,124.17724609375,125.48955864471418,121.06051736468964,125.3255185312683,4755492
2001-01-08,119.58425903320312,124.01331216364761,117.12368046031908,124.01331216364761,4843235
2001-01-09,117.1236801147461,121.3886846331498,114.82713343487607,120.56849177794176,4187013
2001-01-10,117.28768157958984,118.43595453988416,113.35075049092741,115.81132824303812,5175926
2001-01-11,122.2088623046875,123.35712706683051,118.76404294843508,119.74827585642036,4924238
2001-01-12,119.91230773925781,123.19307830028693,118.10788225937037,122.86500625814834,3506128
2001-01-16,124.34130859375,124.83342902268957,119.74822637333571,119.91226651631557,4122850
2001-01-17,122.53691101074219,127.29403443306602,121.88075864936842,125.98172135371227,5093859
2001-01-18,124.9974594116211,126.14573204303831,122.37284222309903,124.34130720364163,4025154
2001-01-19,123.357177734375,126.30987767111847,122.37294442212716,125.48968463701382,4039719
2001-01-22,120.07632446289062,124.34132702971283,119.25613198298656,123.02902240450857,4317615
2001-01-23,122.53691101074219,123.68518391060095,121.06056610849964,122.0447988288634,4407277
2001-01-24,121.55265045166016,123.84919572540907,120.24034602946443,122.04477087743676,3994857
2001-01-25,120.56841278076172,123.84919040861722,120.24034086759892,121.71668536834134,4342696
2001-01-26,117.1236801147461,122.86503845781178,116.95963987238261,121.88080536024026,5604351
2001-01-29,116.48056030273438,121.38859388820016,115.48320807399564,117.76662481352572,4804904
2001-01-30,121.38864135742188,121.44113755890676,116.58558989902434,117.47795847141606,4140503
2001-01-31,120.67996215820312,123.22583490604441,119.57761749249714,122.7009148437585,4454122
2001-02-01,121.33614349365234,122.6484481431387,120.47001473691408,122.04479201554572,3669719
2001-02-02,121.46737670898438,123.0946418426164,120.33879202628644,121.38863241255955,3347044
2001-02-05,125.58805847167969,126.24421096467339,120.86374213758766,121.72986275981073,4558641
2001-02-06,124.93189239501953,126.21794913587021,123.88204350641345,125.58804481667073,3330789
2001-02-07,123.2259292602539,125.45686003555315,122.35980840514168,125.11565964465892,2719097
2001-02-08,123.72457885742188,126.37544533751905,123.4358747638509,125.32559631646386,3695093
2001-02-09,119.84011840820312,123.75080122901231,119.13146983960985,123.72455312870746,3855804
2001-02-12,124.69568634033203,125.50931908634195,119.84013796886163,119.84013796886163,3746152
2001-02-13,123.77701568603516,125.95544864370821,123.69827140652373,125.08932006531067,2988479
2001-02-14,121.41482543945312,123.85572203274765,121.04737729262351,123.77698612864202,2762623
2001-02-15,125.92926788330078,126.24422009993532,121.12621524234207,121.51990342398314,5010311
2001-02-16,123.357177734375,124.22330706032646,121.4149592257045,122.04487222245203,3529937
2001-02-20,125.16807556152344,126.79533213485615,123.80326651699818,123.88201080356612,4179982
2001-02-21,124.14446258544922,127.16277619906107,123.93449454141793,125.19431116221006,3859727
2001-02-22,123.61959838867188,124.66944744028076,120.88999586845368,124.27575091219933,4778633
2001-02-23,121.20491027832031,123.35709556680938,118.16034814246255,122.17602306410764,4876120
2001-02-26,125.92926788330078,126.0080038483073,121.25744742175858,123.35713722259742,4397261
2001-02-27,125.9817123413086,125.98171234130858,123.35709472696558,124.61691151611446,4711360
2001-02-28,122.04473114013672,126.61156375005801,119.68257057872808,125.98165148148186,5540688
2001-03-01,120.49623107910156,120.91616711920751,117.87161411523235,119.4201428871792,4999085
2001-03-02,116.97925567626953,119.8400889921178,116.84802356356394,119.02645657862654,4586622
2001-03-05,118.74406433105469,119.48160838505336,117.47970908613556,117.87482376935843,3478793
2001-03-06,119.63967895507812,122.74788676420634,119.37627748382853,121.82596064805212,3274242
2001-03-07,121.11473083496094,121.85226647288563,119.77134767485609,119.77134767485609,2898212
2001-03-08,120.82499694824219,122.11569499612126,118.53335333046407,121.5625410860905,3457969
2001-03-09,115.39887237548828,119.50802775073856,114.45060316990251,119.1919408111153,4150560
2001-03-12,104.3093490600586,114.05542850040455,101.6752760289873,113.26520742975424,9537589
2001-03-13,111.50039672851562,111.94818847601417,107.33855767916138,109.31411493305724,8959888
2001-03-14,108.07615661621094,111.2897284669469,105.62646371161624,107.33861196104795,7394379
2001-03-15,108.20779418945312,110.2360366911158,107.20684846363879,109.3141105685543,5184773
2001-03-16,106.94342803955078,109.97261596779262,105.6263956441145,106.41661675871856,9358703
2001-03-19,108.26045989990234,109.63017750389852,105.75809184542555,107.20682903835666,4346807
2001-03-20,105.49472045898438,110.89457325288808,105.36301550497981,109.3141305782611,4658256
2001-03-21,102.72893524169922,106.94345157603681,102.38650573711735,105.49471394487139,5600657
2001-03-22,99.30465698242188,102.22847540551449,95.93303831298262,102.07043615312365,11672849
2001-03-23,105.33665466308594,105.33665466308592,100.48995680283186,102.07040759149723,9543495
2001-03-26,105.96881103515625,107.99704468106019,105.49467675186227,106.68001246009722,6498551
2001-03-27,110.39408111572266,111.26333033944066,106.81174710943394,107.33855846720796,7627079
2001-03-28,109.44587707519531,109.5775820791918,107.47031878868194,108.65565543793336,5605478
2001-03-29,109.05073547363281,109.26146007395992,107.20688264069803,108.78732552986641,5626511
2001-03-30,110.26240539550781,110.42044463933819,108.57659195874585,109.97265280396168,6140529
2001-04-02,110.10433959960938,112.34330679381448,107.68099052245064,109.36679529436906,5059722
2001-04-03,104.5201187133789,109.5512081757978,103.41381041388533,109.4458458799753,4924279
2001-04-04,104.3093490600586,107.7336515484912,102.83426916906399,104.17764415049838,5598675
2001-04-05,110.89456939697266,111.28968424524777,106.9434544610756,107.99708566976238,4965052
2001-04-06,108.44486999511719,109.84093062145038,106.28493077879784,109.4458241871073,5144188
2001-04-09,110.63111877441406,111.68474959525558,108.57654244779279,109.1560389799201,3710283
2001-04-10,115.45152282714844,119.9294491384112,112.21160961189126,112.60671607030986,5448397
2001-04-11,113.9764175415039,117.21633028564882,112.60669969629015,116.95292881390851,4204103
2001-04-12,117.74315643310547,117.74315643310547,113.84472721662837,114.71396805559834,3602614
2001-04-16,117.61141967773438,117.8748294793094,115.66220559684213,117.29533294787059,2948437
2001-04-17,119.74505615234375,119.82408415161392,115.87296933635703,116.16271350687447,4279117
2001-04-18,126.14583587646484,126.33021772861399,119.90307815022938,120.85134684519406,7603542
2001-04-19,127.77898406982422,127.88434634331416,124.67077603508848,125.118567794099,4603503
2001-04-20,126.6990737915039,127.7790481195078,125.11863051023919,127.7790481195078,4855775
2001-04-23,124.32838439941406,125.80346506405166,123.4854775681717,125.77712239098135,3382809
2001-04-24,121.1410903930664,125.90876811990523,120.87768894645995,123.80150622678502,3884140
2001-04-25,125.93513488769531,127.69995930330667,122.22108739645556,123.01130866096577,3726246
2001-04-26,129.8599090576172,130.09697627952337,127.7263040604614,128.93798283614046,4391148
2001-04-27,131.57208251953125,131.57208251953125,127.19951777121999,129.8599346827485,3272093
2001-04-30,127.83164978027344,131.73008710368606,126.4619319585523,131.6774017782143,3807874
2001-05-01,128.8326416015625,128.93800389665125,125.90881484938431,126.5673312903677,2726671
2001-05-02,129.33309936523438,130.22869137710293,126.7517107758641,129.14871746124857,3780874
2001-05-03,127.752685546875,129.35947125617696,126.46198676725975,129.33312858202413,3853467
2001-05-04,131.5193634033203,131.6510683395155,125.14490823049064,125.3819754382994,3821166
2001-05-07,131.59844970703125,131.70381202532982,130.3340935007317,131.51942167827,3073572
2001-05-08,130.3340301513672,131.70374801020859,128.30578763984255,131.59838574312175,3158247
2001-05-09,130.2022705078125,132.7573232810985,128.43743859897097,129.06962032255183,4819927
2001-05-10,131.2559814453125,132.2305846994135,130.14966484870794,132.09887974362385,2831106
2001-05-11,129.09605407714844,131.70379416487097,127.77902108366173,131.2823365621144,2477528
2001-05-14,130.99256896972656,131.67742801705631,128.51653430011723,129.09603106222036,2289482
2001-05-15,132.09889221191406,132.65205475578415,129.85993291230562,130.9925838976034,3721363
2001-05-16,137.5250244140625,137.63038666238202,130.7817985880587,131.6773818921301,5108173
2001-05-17,137.26161193847656,138.6313294430931,136.1816384967396,136.97185948888682,4059396
2001-05-18,139.57957458496094,139.57957458496094,136.81379738283013,137.26158892374173,3610271
2001-05-21,140.65960693359375,141.05471335959788,138.815754581007,139.57964154158384,3806956
2001-05-22,138.76312255859375,140.36990822104374,136.1817250746337,140.00113595380438,3626318
2001-05-23,135.2596893310547,139.15811669433967,134.8382404442267,138.15717139476885,3338385
2001-05-24,135.39146423339844,136.78752487648651,133.67931676169974,134.9963494076004,2728173
2001-05-25,131.57208251953125,134.8646732230804,130.51845114611538,134.8646732230804,3262766
2001-05-29,130.83450317382812,133.15248990024062,130.78182623188926,132.73104081787932,2716280
2001-05-30,129.122314453125,131.8354151156506,129.06963752805135,130.83446128544216,3255003
2001-05-31,129.0697021484375,130.78184983796316,128.4111773549937,129.46480863778967,2793485
2001-06-01,129.0697021484375,130.14966771359994,126.43561974809052,129.04335947935692,2808467
2001-06-04,130.2550506591797,130.7028425577043,128.8326553305473,129.3331241888725,2879683
2001-06-05,129.54383850097656,129.9916387506103,128.06875794311748,129.5965238433034,3178508
2001-06-06,128.41116333007812,129.8335666645066,127.51557977286608,129.06968805159866,2924963
2001-06-07,128.8326416015625,129.0170235212892,126.88342656234856,128.4111840344929,2326290
2001-06-08,126.80438232421875,128.64823483239164,125.8824560701323,128.64823483239164,3506733
2001-06-11,124.85518646240234,128.93800694375804,124.38105192994071,126.04052279355638,3730774
2001-06-12,128.4638214111328,129.78085380136204,121.85229163923701,124.85513689488721,7840019
2001-06-13,126.0405044555664,129.83357177668046,125.6453896070965,126.69902081630266,6907800
2001-06-14,128.70094299316406,132.2569436915223,126.04052604065465,128.46387572082585,12546455
2001-06-15,128.56922912597656,129.99163266159596,126.43562382254744,127.2258536001456,9130406
2001-06-18,129.0697021484375,130.96623174809895,127.85802323787219,129.0697021484375,4194734
2001-06-19,128.727294921875,131.65111364201553,128.41119961154988,131.17697906324344,4713301
2001-06-20,133.7320098876953,133.94273446559953,127.93704206175876,128.27947159753165,6260405
2001-06-21,134.99635314941406,138.0782270706078,132.7047089017199,132.75739423463853,6670781
2001-06-22,136.6031036376953,138.10452621664217,134.5748697971492,134.60121245690695,5136092
2001-06-25,132.36224365234375,138.57865837542778,132.0988338323133,136.18165249594142,5653428
2001-06-26,128.5165557861328,131.62476468674703,128.4902215004588,129.06971835944503,6427710
2001-06-27,127.12044525146484,129.333060989624,125.75071916524112,128.27943005460415,5636172
2001-06-28,128.727294921875,130.25505257934557,124.82885598382829,125.77712514137251,4919209
2001-06-29,129.0697021484375,134.57491742400018,127.69997561010285,129.0697021484375,10994468
2001-07-02,132.2305145263672,132.2305145263672,128.7535357308793,128.85889796225382,4837392
2001-07-03,130.4130401611328,131.44032847969112,129.75452394360585,130.38669749962094,3666235
2001-07-05,128.08753967285156,130.5451733020789,127.9025516109663,128.95959860463083,4061128
2001-07-06,123.91222381591797,127.45332454959629,123.14586022936932,127.37404874936506,4891352
2001-07-09,123.80651092529297,124.5464379726577,122.35306807221048,123.93864285865527,3370686
2001-07-10,120.92606353759766,124.83713180330139,120.74107546252192,123.5422489333838,3969379
2001-07-11,117.88703918457031,121.40171119453971,117.06782802121607,121.03175191952342,5662588
2001-07-12,124.202880859375,124.73140851855935,118.65339092135048,121.29600397556665,4471107
2001-07-13,125.39205932617188,126.18484239881809,121.93023514107233,123.14583360875605,3676584
2001-07-16,122.14168548583984,125.52423506890348,120.97893432959626,124.5993197588872,2869479
2001-07-17,121.85095977783203,122.9344263348243,119.97470173156003,120.89961672181785,3809356
2001-07-18,121.95674133300781,122.22099691723913,119.97477817478303,120.50329775715292,3537365
2001-07-19,122.82872009277344,125.39205731536123,121.63954129592308,122.3530485740333,2687776
2001-07-20,123.22514343261719,124.07077439855621,122.03596436938595,123.41012310294046,2503736
2001-07-23,119.71051025390625,123.19876462496428,119.44624626442723,122.88165288593363,3172331
2001-07-24,116.27500915527344,120.37105529809772,114.29304781581997,119.97466807854671,5490171
2001-07-25,115.7465591430664,118.67986523570067,114.0288604091473,117.33213432460379,5232306
2001-07-26,115.61441802978516,116.53933330671221,114.29311529926338,116.14294585311747,4927263
2001-07-27,117.99278259277344,118.52130202990904,115.87868801642125,116.6714713790771,3436080
2001-07-30,115.21804809570312,118.65344581411553,114.68952019200538,117.72853039655021,3483071
2001-07-31,114.953857421875,116.93582149634489,113.60612555335639,114.55746965532771,5166703
2001-08-01,113.10393524169922,115.03304158867014,112.04688801706033,113.63246306097086,4866981
2001-08-02,111.51835632324219,114.10811374502725,111.25409244272618,113.89670600617583,5106984
2001-08-03,112.97180938720703,113.1039413491599,110.72559127572299,111.78263855744102,3187272
2001-08-06,109.37785339355469,112.33758750299256,109.08716980466528,112.04689550019819,4441644
2001-08-07,113.02465057373047,113.23605831930392,109.03429782389253,109.53639753005729,4867899
2001-08-08,110.06486511230469,112.31109028353532,109.66847787931681,111.91469463664764,3044922
2001-08-09,110.7255630493164,111.65047813330015,109.13998832398518,110.06490340796893,3099675
2001-08-10,112.49607849121094,113.1303098920537,109.37779443732673,110.98978837984737,2786390
2001-08-13,111.5976333618164,113.92313534282799,111.04268593768944,112.31114079879545,2962104
2001-08-14,110.59344482421875,112.97179458605291,110.19704899029452,112.57540716603243,2620754
2001-08-15,110.40843200683594,111.80901852686573,110.22345237411201,110.9898073846992,3118664
2001-08-16,109.93283081054688,110.72561433345003,108.34725535083396,109.74784265972862,3564470
2001-08-17,107.81873321533203,109.40430022302758,106.62955375260717,109.14003625044285,3270903
2001-08-20,109.74774169921875,110.72551247345707,106.78801814793853,108.34715567876863,2666263
2001-08-21,106.94660186767578,110.54055778457263,106.76162224522211,109.72134668788944,2904305
2001-08-22,107.95077514648438,109.1399452032685,106.4709048656785,107.15799230399517,3304394
2001-08-23,108.45291900634766,109.16642643630776,107.31659609814609,108.08295966983812,2192454
2001-08-24,110.9634017944336,111.67690076385824,108.37363612470455,108.61147191914706,2837095
2001-08-27,111.4391098022461,112.46973760206201,110.06495062103333,110.98986610176549,2988104
2001-08-28,108.95506286621094,111.78266566146029,108.74365504138811,111.65053366746929,2657082
2001-08-29,107.31659698486328,110.06491444394814,107.31659698486328,110.06491444394814,2482995
2001-08-30,106.23316192626953,109.6685597757933,105.2818183944303,107.55446490812972,4603440
2001-08-31,108.08297729492188,108.87576065285549,105.8895985056355,106.10101469313535,3601445
2001-09-04,107.8979721069336,111.43907278900599,106.62951725220131,108.08296018998209,3857369
2001-09-05,110.19705963134766,110.96342330149012,107.02592630935193,108.29438132093114,4207567
2001-09-06,107.02588653564453,109.72134717485407,106.78805078349058,109.13997182668902,3843577
2001-09-07,104.8061752319336,106.4974465392981,103.96053537129715,105.70466285103635,5046075
2001-09-10,103.98687744140625,106.12739078772792,102.92983059345798,103.08839056551571,5027713
2001-09-17,92.88789367675781,98.30525114892966,91.17019578693757,93.81280857234572,14907738
2001-09-18,89.45250701904297,95.66265711675526,88.68615193762949,93.02004381330228,9621555
2001-09-19,85.88497161865234,91.56659354293012,81.92104778052328,90.9059423745426,11822961
2001-09-20,80.2562255859375,83.32165482965476,80.2562255859375,82.71385964376947,9739595
2001-09-21,82.7138442993164,85.91140489883551,75.3145154259099,76.63582625677954,17921757
2001-09-24,93.02005004882812,93.73354904160618,86.54564407649569,89.18825755709419,14809667
2001-09-25,93.81282806396484,95.47767017358898,91.61945823910555,93.04646455965441,9191043
2001-09-26,94.18453216552734,95.56491317412217,92.91033366128582,95.56491317412217,5527125
2001-09-27,95.43216705322266,95.56489727458192,92.96341367274327,94.50306395570867,4381883
2001-09-28,98.7503433227539,99.01580362055596,95.61794054547705,96.36122599852426,6775467
2001-10-01,99.91839599609375,100.23694340182854,98.35218979356547,99.01584078717885,5159045
2001-10-02,101.00675201416016,101.16602145184409,97.39652361469588,99.67945880547582,4666582
2001-10-03,101.27220916748047,102.1216772033496,99.28127347678584,99.94492434168257,5351807
2001-10-04,99.2547378540039,102.7322363963605,98.4849045128117,102.06858550705721,5556734
2001-10-05,99.41397857666016,100.05108155587833,96.12230661535251,99.25470917085235,4768409
2001-10-08,97.6884994506836,98.88306220266077,96.22848488315223,97.55576931690887,3284279
2001-10-09,97.7416763305664,98.67077958919154,96.6532950882904,97.68858085201535,2957639
2001-10-10,100.63511657714844,101.24567200478032,96.91870546425547,97.71507806673283,3754687
2001-10-11,103.39586639404297,104.82934200007804,101.67039119344358,101.93585151722719,5154350
2001-10-12,103.52859497070312,103.90023772791018,99.57327170527883,103.3693170884724,4614854
2001-10-15,103.15694427490234,103.74095186214258,101.03327878457492,102.33402410870038,2686211
2001-10-16,102.12165069580078,104.19222057202948,101.1394527418998,103.15693563391514,3463206
2001-10-17,98.61762237548828,102.8914929992978,98.27252733694462,102.86495372863831,4525776
2001-10-18,98.88304901123047,99.54669113957603,97.82121653468108,98.48485866302664,3161606
2001-10-19,98.88304901123047,99.28123090744015,96.99829657665516,98.21940688288491,3416362
2001-10-22,99.83870697021484,100.34307130871287,98.24595390360398,98.61759656754634,3395350
2001-10-23,98.93619537353516,101.00677459428144,98.00709245535384,100.87404439854136,3173709
2001-10-24,98.43177032470703,100.60852222289269,97.95394529427705,98.96268232963254,3340513
2001-10-25,100.52894592285156,100.76785857682817,95.67105810932665,97.8212719951162,4697005
2001-10-26,103.21012878417969,103.47558086055413,99.8122627577533,101.5111915449647,3885100
2001-10-29,99.36085510253906,102.8648990714164,99.14849033812091,102.59943888989743,2951150
2001-10-30,96.46744537353516,98.16637333575284,96.4143499128411,97.55581779776857,3187564
2001-10-31,96.65324401855469,98.6176320029595,96.22851422257456,97.15761699027945,3324071
2001-11-01,100.63511657714844,101.48457617872538,95.6975946089917,96.22851531197523,3879696
2001-11-02,100.76780700683594,101.93582195029958,98.43177711990865,99.81215688000302,2914884
2001-11-05,102.91802215576172,103.79403768141631,102.04201508210264,102.46674475999849,3163484
2001-11-06,105.65229034423828,106.1301072213455,102.0686003759393,102.91806856679527,3505607
2001-11-07,104.45767211914062,106.07696446024487,103.76748221807965,105.25404443174986,3189150
2001-11-08,107.11227416992188,107.43082147849347,104.72315667763964,104.98860854211755,4183153
2001-11-09,107.27157592773438,107.45739311942955,105.75846531022067,106.95302009625875,2462108
2001-11-12,104.6700668334961,106.58136769117581,102.49331409713655,105.91771686448297,4150539
2001-11-13,107.66971588134766,107.74935903403191,105.65224148259753,106.18315357384878,3681237
2001-11-14,108.51921844482422,109.89959877629484,107.53702019635575,108.70503562329213,2972058
2001-11-15,110.29780578613281,110.43053598429174,108.30686971774782,108.51923465400233,3535383
2001-11-16,108.43953704833984,110.29774184127606,106.87333176046772,110.29774184127606,3608665
2001-11-19,109.50142669677734,110.37743412100808,108.04140305372758,109.2359663158594,2960873
2001-11-20,109.10315704345703,110.88172678323683,108.30678492994164,109.36861723195975,2991985
2001-11-21,107.37769317626953,109.36862787988814,106.60786024506069,108.83770745119327,2508515
2001-11-23,108.89088439941406,109.23597955563454,107.64323398107848,107.90868594217122,1094641
2001-11-26,109.687255859375,110.74908904689653,108.83778761895783,110.03235101141952,2630666
2001-11-27,109.02359771728516,110.90834269268029,107.85558222301286,109.36869282004749,2928510
2001-11-28,104.45767211914062,108.83772406448884,103.90021234551367,106.84678905696833,4960858
2001-11-29,105.4664535522461,105.62573146246486,103.90025598508831,104.45771599285636,3211435
2001-11-30,102.20133972167969,105.86466475541889,102.06860951260217,105.46647412818635,4923382
2001-12-03,98.00704956054688,101.9358328981427,97.18412946872573,101.9358328981427,7034771
2001-12-04,99.1485366821289,101.43147164470243,98.2194340645239,100.21036100053765,6088113
2001-12-05,99.67942810058594,101.56418066458636,98.51141314137396,99.8121582257684,7343549
2001-12-06,100.21035766601562,101.9092934229301,99.67944552447747,100.60854811116639,4041284
2001-12-07,98.61762237548828,100.23691512957754,98.35216205291715,100.23691512957754,3416633
2001-12-10,97.6884994506836,101.27217925461986,97.2903175013547,98.75033206888605,4329112
2001-12-11,97.66195678710938,99.5467095706466,96.73285425460463,99.14852760071355,4323207
2001-12-12,98.3521499633789,99.44053039053819,96.12231057426581,99.41398267114494,4721877
2001-12-13,98.3521499633789,100.60854552388123,97.02486541766835,97.82123783549387,5446727
2001-12-14,99.9449234008789,100.84747842624517,96.75942463535377,98.3521697921175,5450087
2001-12-17,101.6703872680664,103.13040208851268,100.07764229085286,100.34309415239063,5574596
2001-12-18,105.43988037109375,106.44862613896179,104.45769077584944,105.51952353297578,6889250
2001-12-19,108.25374603271484,108.7846666869237,104.85588258256846,105.38680323677733,5697602
2001-12-20,108.41304779052734,109.26251595310514,107.85558774246029,108.30686532670501,3892863
2001-12-21,109.76692962646484,109.87311213776759,108.70509606143459,109.103286817822,6400814
2001-12-24,109.34205627441406,109.87296813509946,108.83768366776914,109.76678576296237,1162206
2001-12-26,107.64315032958984,109.58098955443559,107.64315032958986,108.5722526013916,3120583
2001-12-27,109.18968963623047,109.18968963623048,107.50985348163049,107.98980909428214,2687922
2001-12-28,108.60306549072266,109.6429663668906,107.77647630868968,108.70972133779014,2842353
2001-12-31,106.86993408203125,108.78975696821647,106.7366121049703,108.12315557259447,2927696
2002-01-02,109.18968963623047,109.18968963623048,106.78992006265301,107.4565213070333,3691921
2002-01-03,108.28316497802734,109.1097546717287,107.05661773266455,107.85654132567247,3651065
2002-01-04,109.18968963623047,110.22959063374878,107.40319762211686,108.78973228547461,4142589
2002-01-07,104.95010375976562,108.92306241663353,104.25683637599548,108.38977458931409,5743820
2002-01-08,103.85687255859375,106.68327432815238,102.92362733201735,105.72336301174657,5034620
2002-01-09,102.79031372070312,105.59004962781388,101.83040232633778,103.19027963158278,4213368
2002-01-10,102.9502944946289,103.72355167996814,102.39034905078454,102.79030644366695,3075262
2002-01-11,101.93705749511719,104.390159658264,101.75041183181516,104.25684617858096,3505982
2002-01-14,101.05712127685547,102.5236456251982,100.73715371734654,101.85704442046789,4346953
2002-01-15,103.21695709228516,103.96355687369605,100.1772427517583,100.79052053722556,5435084
2002-01-16,100.57719421386719,102.63033907138262,100.55052812059289,102.3903612112793,4777298
2002-01-17,103.32367706298828,103.75030088775996,102.12378694370736,103.72363477628963,4707500
2002-01-18,103.1369857788086,103.72359757230569,101.99042829372007,102.49705027118564,3763680
2002-01-22,102.12373352050781,105.1901140036056,101.93707932754681,105.1901140036056,3583062
2002-01-23,100.39053344726562,102.15036799354976,99.96390148806617,102.12370190428453,4695273
2002-01-24,100.12386322021484,102.8969320226491,99.56391794121241,101.59038737852399,4044852
2002-01-25,102.0170669555664,102.33703462331452,100.28389814316019,101.32379943060393,3287805
2002-01-28,101.72373962402344,102.97696096689945,100.6838385131156,102.92362878648699,2913486
2002-01-29,97.2175064086914,101.9103989357955,96.57756265968534,101.32378736990748,7580548
2002-01-30,98.33736419677734,99.45726325747367,91.9646373956484,97.05748562003818,13009184
2002-01-31,99.05732727050781,99.27063901581862,94.65774493200674,98.65736987047053,6471237
2002-02-01,98.25738525390625,98.657351067396,97.0308302176152,98.39070719173617,4286921
2002-02-04,93.32451629638672,95.72429420551929,92.5779253277412,95.72429420551929,8292398
2002-02-05,96.5509033203125,97.51080619202433,93.5645133614964,93.59117945257556,9259589
2002-02-06,98.5506820678711,98.89731569397485,95.83094522752464,96.92416978463966,6929480
2002-02-07,99.190673828125,100.89717670342144,97.4575048556324,98.68405194013334,4998313
2002-02-08,99.32395935058594,100.65716184460783,96.6042136980537,99.72391670292018,4739530
2002-02-11,100.79048919677734,101.05713310575267,98.79067685882494,99.32396467677559,3290330
2002-02-12,99.99060821533203,100.2572522369905,98.52408307558015,99.99060821533203,3407348
2002-02-13,101.59038543701172,102.31031870611857,99.99053938767139,100.52382706390416,3914355
2002-02-14,101.3238296508789,103.59027858551028,100.09727382416078,101.59046520868598,4251511
2002-02-15,98.95069885253906,101.32381177934549,98.71072095006011,101.32381177934549,4613394
2002-02-19,97.05753326416016,98.65738863768914,96.84422147827188,98.39074466048707,3536468
2002-02-20,100.17723083496094,100.65718656739037,96.39092565311513,97.40416081619789,4592256
2002-02-21,100.04388427734375,102.5503095074972,99.67058455443068,101.27043080728096,5766794
2002-02-22,101.56379699707031,102.33705446648378,98.87071616954786,100.0439396684623,4081222
2002-02-25,104.5234603881836,104.73677209994959,101.32376773233254,101.45708967460642,5097761
2002-02-26,103.32367706298828,104.65688076024402,102.65706672467196,104.52355869258075,3919509
2002-02-27,103.80584716796875,105.76141242949215,103.1361260269212,105.14527239145099,4818655
2002-02-28,103.13612365722656,106.21681524734284,103.02896998298223,105.14526997559342,4882171
2002-03-01,105.6810073852539,105.68100738525392,103.67186181766434,104.74340668899899,4197843
2002-03-04,107.69014739990234,107.82408303877273,105.73457448560009,106.61860258382089,6735946
2002-03-05,108.49378967285156,109.29744604735171,106.61858862258406,107.02041254518338,4964801
2002-03-06,111.306640625,111.62810161154309,108.22594938170583,108.49383780181105,5140662
2002-03-07,109.69926452636719,111.97629791554276,108.22589600111316,111.84235377155584,5098491
2002-03-08,108.76171875,112.08350789782247,107.79733578099493,111.1726974957761,5863718
2002-03-11,110.23505401611328,110.8244032011161,109.45817959584018,109.83322153707871,4891436
2002-03-12,110.10105895996094,111.25296625967772,108.03834203063538,108.49374684543977,4124749
2002-03-13,107.15436553955078,109.19030144447011,106.94005829257026,109.163510906272,4919167
2002-03-14,108.25273132324219,108.62777337571175,107.15439571157518,107.8241081792893,3080624
2002-03-15,107.66339874267578,109.5653913178842,106.91331452083682,108.62779030523846,6906340
2002-03-18,106.88650512695312,108.62777115428855,106.43109997587614,107.82410597430093,4172908
2002-03-19,106.88650512695312,107.42228191361154,106.05605793107614,107.15439352028234,3728875
2002-03-20,103.93974304199219,107.52941968882917,103.1360865099654,106.45787480302573,5737477
2002-03-21,100.32324981689453,103.40393923596652,98.66235624262441,102.6002829808391,10496392
2002-03-22,101.44839477539062,101.76985563298449,99.1981517136299,100.51079421043215,6385415
2002-03-25,99.2249526977539,102.41278813080572,99.11779906727418,102.11811777931214,5132941
2002-03-26,99.94825744628906,101.31448143286471,99.11781877726068,99.38569864207764,4175433
2002-03-27,100.32324981689453,101.98414339116465,99.25170530029122,99.84105435795803,4095369
2002-03-28,100.18934631347656,101.63593327688488,99.76073174474982,100.99301142379475,3903943
2002-04-01,99.92144012451172,100.32326404441066,98.04623908684611,99.2517193758444,4493684
2002-04-02,99.3857192993164,99.65360774911822,98.31417402941541,99.65360774911822,3632953
2002-04-03,98.44812774658203,99.70718993515803,96.43898123796113,99.38572888198465,3989098
2002-04-04,99.92144012451172,100.05538427424517,98.1533927007726,98.44806300674507,4283749
2002-04-05,99.3857192993164,101.26092138931661,98.50169935599916,100.72515301901922,3093249
2002-04-08,98.74275970458984,98.82312279724704,97.45690757555991,97.77836847549165,3581351
2002-04-09,97.64443969726562,98.98387311879272,97.13545346181054,98.58204053354329,3580871
2002-04-10,99.65357208251953,100.08218662535378,97.51048230974196,97.85873375812058,4732435
2002-04-11,90.41146850585938,98.50161980406804,89.74174792223495,98.31409462893347,16666655
2002-04-12,89.87571716308594,92.28669487950707,88.40234852584102,92.28669487950707,10375555
2002-04-15,85.3216552734375,89.0720573281248,84.75909667109468,88.67023341043767,14304099
2002-04-16,88.67024230957031,89.3667451308118,86.23247390592287,87.06292088960345,9313570
2002-04-17,90.14360809326172,91.02762759546016,88.96490973746249,89.74177561907027,6186601
2002-04-18,90.54546356201172,91.1348128895801,88.40237354734414,90.17042153004928,5684101
2002-04-19,90.27758026123047,91.48306952852307,89.79538455431344,91.48306952852307,4106720
2002-04-22,88.02729034423828,89.87570056595177,87.86655568305879,89.87570056595177,4132782
2002-04-23,87.86658477783203,91.02763827952967,87.46476078577977,89.74178615221712,4065823
2002-04-24,87.06291961669922,88.83096718230144,86.74145874912666,88.00052021076242,4537086
2002-04-25,85.8574447631836,88.91134482853796,85.24131346508668,86.39322149285475,5774139
2002-04-26,84.38408660888672,87.86660167998879,84.33051404664917,87.86660167998879,4837497
2002-04-29,82.64276885986328,85.40198836060817,82.18736403078105,85.05373710723363,4720709
2002-04-30,84.51803588867188,85.45563681258038,80.76763219303788,82.50888983325294,8409040
2002-05-01,84.91983795166016,85.34846101065094,82.37492425535828,85.05378212451335,5382543
2002-05-02,84.65196990966797,85.32168233778265,83.20538287680834,84.78591410115173,4087043
2002-05-03,84.91983795166016,84.91983795166016,82.34813371492706,83.84830162744045,4133033
2002-05-06,82.96427154541016,85.85743661130608,82.74996428561086,84.51801197290912,4865916
2002-05-07,82.1070327758789,84.00902460505579,81.73199934136734,83.04463342076299,4304073
2002-05-08,88.0005111694336,88.45591615069779,83.84828526764768,83.98222088506554,7068700
2002-05-09,84.3572769165039,87.11650633065547,83.95545293835833,87.06292525127463,6868968
2002-05-10,82.1070327758789,85.05377887827211,81.99987914754666,85.05377887827211,5478903
2002-05-13,82.64276885986328,83.17853673840168,81.43728047152892,81.83911277740651,4701887
2002-05-14,84.59832763671875,84.81263477637629,82.7767084203318,84.51796459167166,6191442
2002-05-15,82.85710144042969,84.91981906748114,82.80352037148242,84.25010688144641,6182804
2002-05-16,85.7235107421875,85.7235107421875,83.41968611348456,83.98224486690721,4902933
2002-05-17,89.60783386230469,89.6078338623047,86.39319987651791,86.7950237939279,6817846
2002-05-20,87.3308334350586,88.42916904823281,87.00937247363123,88.40237850245438,4237593
2002-05-21,86.12532043457031,88.93812226287285,85.72349647584267,88.13446581611531,4144905
2002-05-22,85.50918579101562,86.23247919496838,84.38406840440207,85.72350158164453,3946656
2002-05-23,88.2684326171875,88.2684326171875,85.24132276395385,85.99139832629334,3768124
2002-05-24,87.3308334350586,88.40237850245438,87.00937247363123,88.26843430286682,2959580
2002-05-28,85.8574447631836,87.97374408091694,85.34846710516021,87.73265478772915,2978902
2002-05-29,84.11619567871094,86.50038359450411,83.87509783263512,85.32168490909,3496613
2002-05-30,83.58036041259766,84.11612823580514,82.37487214875894,82.77670441313768,4346077
2002-05-31,83.41963958740234,84.86622574308005,83.04459778452676,83.58037422557727,4156841
2002-06-03,80.66046142578125,83.44647305924845,80.23183834649939,83.41968251754896,6034591
2002-06-04,80.49971771240234,81.46410887142692,79.80321488184067,80.36577354817089,6951619
2002-06-05,80.7676010131836,81.59804795628243,79.85679098826932,81.03548932497078,4981390
2002-06-06,78.4906005859375,81.16945924779213,77.98162281364753,81.16945924779213,4461029
2002-06-07,80.90154266357422,81.0354868153196,76.0795958472485,76.0795958472485,6589340
2002-06-10,80.23179626464844,81.43728471580945,79.69602835818735,80.76757270040838,4348831
2002-06-11,78.75846099853516,81.57126287243632,78.62451683368714,80.63366224780259,4653999
2002-06-12,81.30339050292969,81.46412523816068,78.62453226800567,78.75847645914749,5870186
2002-06-13,79.96395111083984,81.5712640536871,79.66927223804642,80.3657750819004,4346744
2002-06-14,79.56211853027344,79.83000686357877,77.36545637335622,79.02635039296527,7125456
2002-06-17,81.73201751708984,82.10705103500209,80.04433256926686,80.36579352575069,4442791
2002-06-18,83.44650268554688,84.11621528998455,81.00874164077639,81.43735634292749,4548416
2002-06-19,81.30339050292969,84.00903928194289,81.16944631178788,82.2409913116183,4365440
2002-06-20,79.56211853027344,81.81236176557272,79.2942301969681,81.03549583415027,4332221
2002-06-21,77.55298614501953,79.56213192444126,77.01721791751558,78.08876290182744,8182016
2002-06-24,79.29422760009766,80.36577236892361,75.27594537862817,76.4814257804179,7759204
2002-06-25,77.4190444946289,80.87477739559144,76.88327624955544,80.23184697219907,6211745
2002-06-26,79.52164459228516,80.62685512142457,73.91469085513378,74.13034127141663,9389878
2002-06-27,80.59989929199219,80.86945800101836,77.47294273901014,80.06076470842201,6935615
2002-06-28,78.30858612060547,81.5433675285488,78.22771937480323,80.59989069074341,6774298
2002-07-01,76.69120788574219,79.62946390112585,76.15207330221703,78.33555291652792,5626865
2002-07-02,75.74774932861328,76.85296004406912,73.8877448634053,75.88252442444079,6582851
2002-07-03,75.20858764648438,75.34337127674308,72.51294078958394,73.45641761863698,6358915
2002-07-05,80.03382110595703,80.19556322757695,76.82599720361227,77.4999155580615,4018415
2002-07-08,79.33299255371094,80.65386288961523,78.38951496846,80.06081959080707,4251740
2002-07-09,76.28685760498047,80.14163214623846,76.12511551197844,79.2520720916247,5150573
2002-07-10,72.91728973388672,77.49989012656411,72.91728973388672,76.55641332269649,6988928
2002-07-11,73.72599792480469,75.07381730036957,71.16512995364414,72.243386312372,10745931
2002-07-12,77.0955581665039,80.68077433414729,73.18686636514559,75.74773873464505,10040903
2002-07-15,76.15211486816406,76.87994180353593,68.06516465465444,76.77211654452864,7826268
2002-07-16,74.26513671875,75.88252368043183,73.6451352364263,73.6451352364263,7477385
2002-07-17,76.15211486816406,76.79907500497136,73.99559252249121,76.55646602651407,7988983
2002-07-18,74.66948699951172,77.20339264180939,74.15731074760097,75.61296414812995,5836759
2002-07-19,71.48857116699219,74.66943898302218,70.760749226137,73.05204449491966,7534621
2002-07-22,69.17037963867188,72.48602544150401,68.30776904183007,71.43472279977323,9277388
2002-07-23,66.85211181640625,70.49123724435653,65.96254715535913,70.0329778317695,10140998
2002-07-24,71.51557159423828,72.10861029407855,62.053842184939555,65.20775341849918,13019367
2002-07-25,71.83904266357422,73.32165004699799,69.68252556401775,71.70426329517562,8317187
2002-07-26,74.93901824951172,75.15467720143212,71.40772414326712,72.91728960154279,7467808
2002-07-29,82.0825424194336,82.0825424194336,77.74254809404732,77.87733180593084,9425642
2002-07-30,85.18250274658203,85.61380355942356,79.89903345823679,80.86946028713021,9077260
2002-07-31,86.79985809326172,86.79985809326172,81.51639070917346,85.18247204528198,9428167
2002-08-01,84.64337921142578,87.04250960765287,84.23903679222543,86.53033338838813,6877064
2002-08-02,79.52164459228516,84.21207118609517,78.41642548038621,83.16076896964671,8029463
2002-08-05,76.28685760498047,80.03380694515677,76.20599084985895,79.11728844458283,5721598
2002-08-06,79.92595672607422,82.48682805276138,78.71292144791325,78.84769647000957,7547558
2002-08-07,82.89119720458984,83.18772294811758,79.65642396861622,82.13642078815025,5940318
2002-08-08,86.1259765625,86.7998862036128,82.5138023473763,83.02597848096697,6923888
2002-08-09,87.33906555175781,87.74341673308213,84.21211569735324,84.91298421210413,5664654
2002-08-12,86.93468475341797,87.33902717430699,84.77816323280882,85.61381510747586,4343218
2002-08-13,83.43035888671875,86.88078364765092,83.02600780956043,85.721655908997,5482951
2002-08-14,85.9912109375,86.66512071983308,80.33034816727667,82.89121220635086,7783743
2002-08-15,87.04254150390625,87.36601727435448,84.05036702466079,85.99123881287696,6028039
2002-08-16,85.04773712158203,87.06947513008485,84.10425995646479,86.26078164323592,4556930
2002-08-19,88.6598892211914,88.6598892211914,84.91293962278608,85.04772327911685,5021933
2002-08-20,86.93468475341797,88.25555439936008,85.99120766099651,88.01294551372254,4249550
2002-08-21,87.06942749023438,88.65985514152732,85.88334206975044,88.01290413913041,4462844
2002-08-22,88.14775085449219,88.90252756435011,86.61123039525695,87.33904864835793,4293285
2002-08-23,86.93468475341797,87.36598562443568,86.23381654663405,86.93468475341797,3452752
2002-08-26,86.44947814941406,87.33903845648877,84.34687325745442,87.20426335395614,3840405
2002-08-27,86.1259765625,88.28249771337155,85.39815003037393,87.60857948949992,4233378
2002-08-28,84.373779296875,85.72159814700836,83.59203612435181,85.18247232350623,3630846
2002-08-29,81.81294250488281,82.67555276870671,81.00424913750528,82.21729347995144,5338056
2002-08-30,81.27381134033203,82.70250601314835,80.8155520804112,81.40859499020742,4203414
2002-09-03,76.71817779541016,79.5755678030135,76.66426947262657,79.52165948022991,6293165
2002-09-04,77.3651351928711,78.146870218122,76.23296604143725,77.09556783957318,5545007
2002-09-05,75.47813415527344,77.74247963900008,75.31639212688026,76.28682713172819,5221289
2002-09-06,76.28685760498047,77.90424420396496,76.1520739579386,77.76946913968207,3777243
2002-09-09,77.5807876586914,78.52426483699375,75.31644071421358,75.88252530464277,3623334
2002-09-10,78.38949584960938,79.79123265350312,77.17645966640144,78.71298017571,4248569
2002-09-11,78.17379760742188,80.06075116519915,77.90423036123728,79.14423282748047,3113572
2002-09-12,75.47813415527344,77.68856276861717,75.07378337566827,77.49987088778809,4225574
2002-09-13,72.91728973388672,74.80424334162198,72.6477224805652,74.53467608830046,7573119
2002-09-16,75.20858764648438,75.42423802179513,72.91729168036007,73.05206672786086,3914751
2002-09-17,74.66948699951172,78.01208611451632,74.15731074760097,78.01208611451632,5227069
2002-09-18,73.72599792480469,75.20860095447794,72.51295362058875,73.32164696247956,5406956
2002-09-19,71.5694351196289,73.45638801733466,71.5694351196289,72.10856084065007,4671381
2002-09-20,72.10860443115234,72.512955403419,70.14078363141115,71.5964368322595,8543022
2002-09-23,71.16513061523438,72.02773656851186,69.8981736958727,71.03034695987297,4468144
2002-09-24,69.81732177734375,71.16514574333536,68.87384457201155,69.14340764865761,6113340
2002-09-25,73.29190063476562,73.78051422756562,70.9302697100368,73.29190063476562,6802009
2002-09-26,71.63603973388672,76.03355754846504,70.0073335935521,74.6491495506365,11807812
2002-09-27,66.42415618896484,68.67720227613104,66.07126966068157,68.54147535866446,11484010
2002-09-30,66.91277313232422,67.45567650915645,63.818226909369315,65.14833607726636,10398967
2002-10-01,71.12025451660156,71.12025451660156,66.77703270179339,67.18420907171108,8371252
2002-10-02,67.3199691772461,70.49595334355143,65.6641157727689,69.89875988737141,6267395
2002-10-03,66.83133697509766,70.25162699682168,66.66846725637154,67.455677379,6200624
2002-10-04,65.17549133300781,68.67721444569811,65.14834421613912,68.5414875041808,6427168
2002-10-07,62.298095703125,66.39701160237587,61.99949906618852,65.2026293760424,8048744
2002-10-08,63.38390350341797,64.8768867131174,61.04942027357771,63.11245397502377,8823381
2002-10-09,59.71930694580078,61.23943284183102,59.44785311488752,61.212290051587026,10067529
2002-10-10,61.348026275634766,61.348026275634766,58.09060983084446,58.76924023749015,12641730
2002-10-11,65.71837615966797,67.6185355169437,63.628200002382314,65.09403586269414,12513424
2002-10-14,66.09844207763672,67.18424926121978,64.84976511294049,65.69126546414664,5200318
2002-10-15,71.12025451660156,71.31027130827292,68.67719197568373,69.22009524271121,9192045
2002-10-16,69.49156188964844,70.74023841598579,68.3786122939644,70.17019222150225,5741483
2002-10-17,72.9932861328125,73.15616018130946,71.66317687950593,73.02043324803293,5389700
2002-10-18,72.34178924560547,72.99327235236098,70.82166343697992,72.2060666593649,4477012
2002-10-21,73.69903564453125,73.8619096408127,71.12025066748244,71.12025066748244,4804653
2002-10-22,73.48189544677734,73.48189544677734,71.93462232414521,73.31903005038983,4467810
2002-10-23,73.02044677734375,73.29190069419212,70.8488370496248,73.15617373576794,5556734
2002-10-24,70.57735443115234,73.8347698587476,69.62727475137824,73.56331605229109,6780099
2002-10-25,71.2288589477539,71.79890951998024,69.95303950206224,70.0344722113709,4940325
2002-10-28,71.2560043334961,73.02043727781373,70.68595377512291,72.88471033704681,4801273
2002-10-29,70.17019653320312,71.28314619727384,68.4057636119431,71.12027646332976,4722253
2002-10-30,68.27003479003906,70.03446766263542,67.59140443520276,69.62729117829879,6988552
2002-10-31,68.54148864746094,69.6272955548848,67.97144239784065,68.40576602509282,5595107
2002-11-01,70.57735443115234,70.57735443115234,67.75426250104042,68.6229051745952,4744809
2002-11-04,71.93463897705078,73.2647527838715,71.1474329980722,71.93463897705078,5241195
2002-11-05,71.93463897705078,72.20609289097186,70.71310932864662,71.66318938454327,3862481
2002-11-06,72.20610809326172,73.2376210833788,70.44167024553028,73.02046136365193,5655389
2002-11-07,70.87596130371094,72.23321756858482,69.89873869442323,72.23321756858482,4784434
2002-11-08,68.13428497314453,70.57734738011969,66.85846603877756,70.17017103252573,6428691
2002-11-11,65.71837615966797,67.72711531083169,65.256909874938,67.1842120199798,5268760
2002-11-12,64.74114227294922,66.6413014218714,64.46969281799377,65.96267562377713,6741142
2002-11-13,65.39264678955078,65.962697314526,63.68250385745068,64.87689049483177,5809257
2002-11-14,66.50558471679688,67.56424416654872,66.12555112495232,66.77703419567744,5498684
2002-11-15,64.76831817626953,65.20264181871744,63.763948264257046,63.79109106111506,7488841
2002-11-18,64.06256103515625,66.83136468725719,64.06256103515625,65.20265818181466,5865011
2002-11-19,64.87690734863281,65.14835696336748,62.97674708124839,63.24819669598306,6385769
2002-11-20,67.3199691772461,67.3199691772461,64.49687166037316,64.6054558244717,6948093
2002-11-21,72.88469696044922,72.99327676456977,67.31994526726668,67.31994526726668,13397254
2002-11-22,71.79891967773438,72.6132684930967,71.50032295139464,72.20609624612241,5732469
2002-11-25,72.74896240234375,73.12899599825556,71.01167707609149,71.12025686880578,5313079
2002-11-26,71.52739715576172,72.72178723710323,71.31023767992306,71.93457333366403,5223772
2002-11-27,73.69903564453125,74.3776700933516,72.20605714277217,72.34177971112481,4848389
2002-11-29,73.6176528930664,74.3505734091432,73.31906044734737,74.10626657045094,2560993
2002-12-02,73.83475494384766,75.95207346372526,73.07469653925726,75.95207346372526,4614750
2002-12-03,72.61324310302734,73.80762959075507,72.04320129230237,73.80762959075507,4096225
2002-12-04,71.98889923095703,73.83476866361806,71.74459685907716,71.93460933482686,5145837
2002-12-05,70.03446197509766,73.04757549303527,69.89873937228279,72.61324760694266,3800300
2002-12-06,70.71307373046875,70.84880061910204,68.43288101563964,68.54146079798171,3675750
2002-12-09,69.2201156616211,71.06598558545417,69.11153584046849,69.62729215164984,3715542
2002-12-10,70.38733673095703,70.5773535287647,69.24724458693457,69.81729065894581,3568936
2002-12-11,70.9573974609375,72.53181332623956,69.35583448281756,69.8987378464635,4218688
2002-12-12,70.30591583251953,71.3374283568241,69.70872255153795,70.84881920808576,3232238
2002-12-13,69.2201156616211,70.3330653105547,68.54148529729792,70.3330653105547,4247985
2002-12-16,71.74461364746094,71.74461364746094,69.57300000844516,69.62728991727927,4396135
2002-12-17,70.57735443115234,71.74459802037404,70.03445113965117,71.74459802037404,4008607
2002-12-18,69.65447235107422,72.31469651847789,69.13871147351163,70.3059559088346,3877505
2002-12-19,68.94863891601562,70.17017230231357,68.13428620609132,69.08436580814018,4373537
2002-12-20,70.44161987304688,70.57734676152572,69.35581772945027,70.17017041750057,6661767
2002-12-23,69.84445190429688,70.57736781359436,69.13867446653191,69.62728795367202,4252909
2002-12-24,68.75863647460938,69.57298930322919,68.67719946318255,68.94864896558511,1565633
2002-12-26,68.67721557617188,70.52308558982212,68.40576601008205,69.41013588673411,3146207
2002-12-27,67.55577087402344,69.19680349062577,67.11816565954877,68.9233002315791,3881157
2002-12-30,67.00885009765625,67.69261129723891,66.18833056239883,67.09089900330288,4601959
2002-12-31,66.59857177734375,67.25498463167943,65.91481074588805,66.59857177734375,4420068
2003-01-02,69.6891860961914,70.01739034794853,67.14558355156984,67.41909144881274,4551671
2003-01-03,69.4703369140625,69.68914397041446,68.40366720946567,69.33358740221553,3135294
2003-01-06,71.2481689453125,71.65842644724526,69.33363103355154,69.47038063145442,3932237
2003-01-07,70.83792877197266,71.82254614664903,70.42767116968142,71.08408420417004,4550023
2003-01-08,69.74391174316406,70.97468465850899,69.36100229175176,70.70118101758129,4503721
2003-01-09,70.83792877197266,70.97467840332764,70.09946247538053,70.42767116968142,4042077
2003-01-10,70.15411376953125,71.05668160028564,69.74385645629927,69.88061034541329,3879153
2003-01-13,70.12681579589844,71.05673245757697,69.77125891300804,70.4276719548144,4079678
2003-01-14,70.31822967529297,70.67378637373895,69.52506741205866,70.29088150454916,3829617
2003-01-15,68.89601135253906,70.9473029290868,68.8686631784327,70.91995040086897,4290927
2003-01-16,68.45838165283203,70.83788111175868,67.69256768685906,69.74385867230575,5106566
2003-01-17,68.04814147949219,69.90797835372805,66.46181246111793,67.82933867809197,5277669
2003-01-21,65.80540466308594,68.45840406943108,65.61395002037362,68.07549913811808,4486256
2003-01-22,64.41053771972656,65.83276500714739,64.30113629055764,65.77806429256293,5185086
2003-01-23,65.5045394897461,66.2703535998421,64.60197146045441,64.68402032868299,4586330
2003-01-24,63.07035446166992,65.50455566640201,62.933604862814306,65.09429816161096,4969538
2003-01-27,63.04301452636719,64.98490088349317,62.16779433787399,63.043014526367195,5938502
2003-01-28,63.3165168762207,64.54729388156946,62.98831257753609,64.54729388156946,4709712
2003-01-29,62.98828887939453,63.535300192178894,61.56605772451079,62.359224345753674,5315312
2003-01-30,61.67546844482422,63.3164981614245,61.59341521734968,63.01564213283294,4517409
2003-01-31,63.289146423339844,63.59000243498455,61.40195713061904,61.53871105066965,5475126
2003-02-03,64.68403625488281,64.95754416061602,63.590017694286274,63.863521245907386,4450262
2003-02-04,63.04301452636719,63.535325338130534,62.550703714603856,63.31651811395089,5106650
2003-02-05,62.90620040893555,64.60193409294857,62.495943242763346,63.45321141520131,4173012
2003-02-06,62.605411529541016,63.097722397116414,61.81224450445988,62.63276406845661,4088525
2003-02-07,62.08574676513672,63.17976549295826,61.42933378679869,62.90626189953107,4762107
2003-02-10,61.8942756652832,62.08573030698639,60.800252873360655,61.839574961098236,4916183
2003-02-11,61.5387077331543,62.41392319525152,61.26519990779772,61.94896511707833,4569345
2003-02-12,60.85493850708008,62.03101424108576,60.82759033881606,61.538703671228056,3801635
2003-02-13,60.63615798950195,60.99171478614748,58.25666183439534,60.93701407544141,4728346
2003-02-14,61.4840087890625,61.48400878906249,59.67887276512444,60.389986164716234,5502732
2003-02-18,62.660091400146484,63.07034886855567,61.648121816974054,61.648121816974054,4390751
2003-02-19,63.86350631713867,63.86350631713867,62.11307093361002,62.687434788918885,3972509
2003-02-20,63.86350631713867,64.24641555401125,63.28914681594089,63.72675239623974,4956246
2003-02-21,65.09429931640625,65.66865896248063,63.2618102472886,64.13703033687416,5222603
2003-02-24,64.05496978759766,66.18831034870301,64.05496978759766,65.50454935793874,4921358
2003-02-25,65.58659362792969,65.77804825936504,62.63273834391227,63.316499286609606,5186776
2003-02-26,64.42871856689453,66.08285941249947,64.34601437739093,65.75202948782362,3933948
2003-02-27,65.88985443115234,66.30338841212473,64.31842267012586,64.70439005977248,5177136
2003-02-28,66.30340576171875,66.68937325236138,65.44876659592929,65.88987167253703,4665267
2003-03-03,65.88985443115234,67.54399474392761,65.61416657346601,66.71692239309711,4386766
2003-03-04,64.51142120361328,65.61418166578275,64.18059130940773,65.42119792657009,3480505
2003-03-05,65.61418151855469,65.88986943903508,64.07031599720426,64.09788698369567,4417022
2003-03-06,66.02767944335938,66.33093818429607,64.78707350821634,65.06276566664117,4301298
2003-03-07,66.99260711669922,67.26829494342705,64.51139912060775,64.78708694733558,5972139
2003-03-10,65.06279754638672,66.38610826635112,65.06279754638672,65.88986564914285,4202893
2003-03-11,64.37356567382812,66.08284370237813,64.34599908017616,65.25577567064121,4487487
2003-03-12,65.61418151855469,65.61418151855469,63.84976566081995,64.01517841310819,4786729
2003-03-13,69.5013656616211,69.55650321424211,66.71689950428045,66.71689950428045,8041941
2003-03-14,70.71442413330078,70.76956170427353,68.78459598259761,69.61166393607449,6244192
2003-03-17,72.42372131347656,72.78211781481649,68.23323407986331,68.92246048414842,7210840
2003-03-18,72.78211212158203,72.91995826943368,71.54150556869018,72.50641982587872,5244930
2003-03-19,74.381103515625,74.49137866761306,72.01017458122325,72.75453405158576,5198378
2003-03-20,74.02272033691406,74.2984126551551,72.86482664473971,74.05029132429293,5193641
2003-03-21,77.19315338134766,77.19315338134766,74.71194014607649,75.09790762464905,8326765
2003-03-24,73.6918716430664,77.05528526771256,73.08535400037098,74.02269705423545,5805438
2003-03-25,74.381103515625,74.93248805333752,72.78210503402582,73.69188162125653,4616878
2003-03-26,73.33351135253906,74.65682242640287,73.11295658096998,74.38113005916344,4507685
2003-03-27,72.89237976074219,73.14050104571079,71.51393159116134,71.81719045180229,4368904
2003-03-28,71.76205444335938,72.86481475866192,71.73448346047803,72.36857217788716,3392136
2003-03-31,70.3009033203125,73.05779994071776,69.80466069975134,70.16305717262628,5106253
2003-04-01,72.03772735595703,72.56154081074764,70.30088307310429,70.43872918108974,4463616
2003-04-02,74.57405853271484,75.18057598847469,73.66427796019093,74.29836638615993,5733158
2003-04-03,75.95252227783203,76.91743627430384,73.33347250962872,75.20815854722166,5900526
2003-04-04,76.1730728149414,76.61418212600573,75.34600492613052,76.00766450384165,3607517
2003-04-07,76.53150177001953,79.09541946116131,76.44879757926478,78.13050505051623,5713669
2003-04-08,77.3585433959961,77.88234806816048,76.6417418855625,77.05528020568529,3746632
2003-04-09,75.2632827758789,77.3309563924313,74.84974454146099,76.86228499341883,5327957
2003-04-10,75.48383331298828,75.51140428428792,74.16052324606106,75.23571212682889,3480233
2003-04-11,76.22822570800781,77.00016052980253,75.40115770052601,76.31092987542439,3747488
2003-04-14,76.53150177001953,76.61421473854872,75.18062861733597,75.51145415812942,3353596
2003-04-15,78.02021026611328,78.07535223127722,76.47634935256197,76.91744996278456,4256185
2003-04-16,76.72444915771484,78.65427695375293,76.61417403603579,78.02018842077103,3454756
2003-04-17,78.54399871826172,78.57156091426147,76.58660002496087,76.75201708980651,3359314
2003-04-21,77.63420867919922,78.65426436366364,75.73195216251514,78.48884731873828,2671104
2003-04-22,79.92245483398438,79.92245483398438,77.33097599685097,77.46882210993608,4310583
2003-04-23,81.02521514892578,81.32847835397097,79.48135447877729,79.92245501945662,4292805
2003-04-24,80.2257080078125,80.74951263872032,79.28836508935348,79.9500158161117,3711598
2003-04-25,80.25328826904297,80.50140951473108,79.37107842017738,80.14301313515611,4019270
2003-04-28,81.38361358642578,82.10040637200373,79.26080620862287,79.26080620862287,4186262
2003-04-29,81.05278778076172,81.93499765788965,80.36356597744638,81.82472252047005,4352232
2003-04-30,81.19060516357422,81.6041345881067,80.36353753674135,80.7219338009612,4621031
2003-05-01,80.2257080078125,81.19062190099554,78.21316729727434,81.19062190099554,4252659
2003-05-02,80.17058563232422,80.6668281874373,79.31594665160412,79.39865959597088,4257625
2003-05-05,79.48136901855469,80.50142517769129,79.17811453580507,80.06031577854758,3609917
2003-05-06,80.28083038330078,80.88734785681604,79.37105856191218,79.37105856191218,3849398
2003-05-07,79.5365219116211,80.55656943311656,79.20568762237109,80.55656943311656,3908992
2003-05-08,78.4888687133789,79.83975007815143,78.24074746724169,79.12295731770409,3152759
2003-05-09,79.95001983642578,80.19814106587941,77.4136743674388,78.84725979193968,3124047
2003-05-12,79.8673324584961,80.14302472195723,79.26081474554479,79.61921117693547,3346397
2003-05-13,78.70941925048828,80.0051674415303,78.07533942176731,79.2608037005753,3962055
2003-05-14,78.87483215332031,79.61919585475437,78.29588553368392,79.61919585475437,3325615
2003-05-15,78.51646423339844,79.75707085186352,78.15806774115003,79.12298204933987,3354264
2003-05-16,76.77959442138672,78.62671836150427,76.77959442138672,78.29589294436671,5495179
2003-05-19,75.95252227783203,76.55903989783633,75.70440103429523,76.22821449904417,3920197
2003-05-20,76.44879150390625,77.16558450754934,75.4011729857603,76.47636249122493,3558982
2003-05-21,76.09039306640625,76.50393153234506,75.53901722292802,75.62172140500638,3460431
2003-05-22,76.44879150390625,76.88989218991009,76.06282401476604,76.36608731972397,3662959
2003-05-23,76.20064544677734,76.94500919619603,76.09037031106024,76.44876669658358,2602121
2003-05-27,78.04779815673828,78.62674502751983,75.5941557308378,75.81470608372847,4694167
2003-05-28,77.93748474121094,78.76455254764723,77.55151742413538,78.70941059759221,3846289
2003-05-29,77.88239288330078,79.81222193212992,76.7244989651135,77.93753486882184,4029557
2003-05-30,79.12297058105469,79.34352088619835,77.90993512499229,78.29590254787982,4930518
2003-06-02,79.95001983642578,81.10792183313276,79.45377737751852,81.10792183313276,4381403
2003-06-03,80.087890625,80.30844094632424,79.26082253114765,79.95004447972913,3087343
2003-06-04,80.94247436523438,81.24572865528506,79.86728570052706,80.17053999057775,3604533
2003-06-05,82.10041046142578,82.29339854578402,79.95003199758156,80.8598129032212,4097602
2003-06-06,83.53400421142578,84.1405219481276,82.32096873802213,83.28588292014902,5959055
2003-06-09,83.0928955078125,83.64428000266284,82.81720326038733,82.84477424068416,3433681
2003-06-10,84.33351135253906,84.33351135253906,83.23075101626739,83.53400550041154,3225478
2003-06-11,85.4087142944336,85.79468179020425,83.94755727472788,84.33352477049854,3528163
2003-06-12,85.65682220458984,86.01521865639909,84.52649088221952,85.71195539375991,3535445
2003-06-13,84.49894714355469,85.68442081509723,83.17563606575813,85.463861653985,3468006
2003-06-16,86.40116119384766,86.42872339160395,84.80215872433274,85.05027994852937,3911016
2003-06-17,86.01518249511719,87.28335064615369,85.93247835724513,86.62169998763956,4016891
2003-06-18,84.719482421875,86.3460476237801,84.6367694681093,85.7671008362846,4020418
2003-06-19,82.32096862792969,83.72699220254177,81.63174672098147,83.42372894571025,7284122
2003-06-20,82.73451232910156,83.56158042587957,82.18313652384052,83.25832592742923,7882252
2003-06-23,82.34854888916016,83.42373834514002,82.01772338988327,82.59667020806116,3528852
2003-06-24,82.51394653320312,82.92747611515671,82.21068331385065,82.34852943375894,3325636
2003-06-25,80.66680145263672,82.89989221054884,80.6116682857698,82.26580373608094,4016578
2003-06-26,80.8888168334961,81.9432821898463,80.36157973775,80.61132269519373,3539869
2003-06-27,79.41812133789062,83.13650620176298,79.16837834564119,81.02757519514894,3712954
2003-06-30,79.58460235595703,80.44482714545572,79.22386349811192,79.6956070831176,3246386
2003-07-01,79.44587707519531,79.91761190200037,77.9196678495143,79.02963578587948,4347516
2003-07-02,79.39035034179688,80.13957913157984,78.8631133041405,79.97308089991441,4552902
2003-07-03,79.22386932373047,79.91760474378567,78.83538809067102,79.41811877540307,2565438
2003-07-07,81.2218017578125,81.86003472031607,80.11183407719723,80.27833232158909,4090966
2003-07-08,79.94535064697266,81.22181680851368,79.50136702651142,81.22181680851368,4770036
2003-07-09,78.75215911865234,80.30611104132545,78.55791844149783,80.05637681433207,5883311
2003-07-10,78.22486877441406,79.50132543299499,77.69763187459876,78.75209683909071,4414393
2003-07-11,78.03062438964844,80.05631860639639,77.66988565497458,78.66885717719119,6005358
2003-07-14,77.80864715576172,79.75108821690804,77.72540245847114,79.08510413316087,4751632
2003-07-15,76.78197479248047,78.61342118394381,76.3657421970073,78.36367809260123,5160255
2003-07-16,75.97721099853516,77.11492989403715,75.28348449000907,76.92068046375334,4599497
2003-07-17,75.20024108886719,76.50445840975905,74.64526157423253,75.33898817631163,4898927
2003-07-18,77.08718872070312,77.30918052543905,75.47773488365311,76.53220920886334,4205146
2003-07-21,75.3667221069336,77.28141203801718,74.97823211805579,77.05942028298446,3549363
2003-07-22,76.06044006347656,76.19918710367608,74.9227302370927,75.47770956275066,3630616
2003-07-23,76.08818817138672,76.14369051928524,74.9227272169153,76.03269465862795,3945487
2003-07-24,76.14373016357422,77.64217948018624,75.94948067993302,76.72646094420914,4016912
2003-07-25,78.89087677001953,79.0573750276188,76.53220299236024,76.80968830816921,4919125
2003-07-28,78.72437286376953,79.91759409318702,78.28038932221808,79.22385876558575,3874166
2003-07-29,77.42015838623047,78.80762009521797,77.14266427740478,78.75211773939643,3834291
2003-07-30,77.61438751220703,78.22486909099167,76.86515891527061,78.11386440835929,2854184
2003-07-31,78.91863250732422,80.41709040678155,77.80866467459391,78.66888952408132,5724665
2003-08-01,78.97412109375,79.5846029217621,78.25264337293044,78.25264337293044,3514037
2003-08-04,79.02963256835938,79.36262028516894,77.14268450281844,78.97413019798611,3139676
2003-08-05,77.14265441894531,79.02960174861988,77.03165855662796,78.41912008830455,3388568
2003-08-06,76.80972290039062,77.97519355818514,76.39349032165042,77.14271073041206,3590553
2003-08-07,77.91963958740234,78.03063545726535,75.4222192627739,76.80967205363176,2742237
2003-08-08,77.91963958740234,78.36362306685437,77.53114962531156,77.53114962531156,2210420
2003-08-11,78.47467041015625,78.97414767835471,77.69769006381148,77.836437185312,2432541
2003-08-12,78.61337280273438,78.80762221820162,77.6421522308219,78.58563045921726,2939485
2003-08-13,77.75316619873047,79.02963236255812,77.28143139235951,78.91863645724398,3200397
2003-08-14,79.22386932373047,79.75110647594384,77.78091378624426,78.25264857079607,4075567
2003-08-15,79.86211395263672,80.41710236912992,79.39037909970399,79.6401221200971,2975000
2003-08-18,82.69249725341797,82.83124429939988,80.38931749445543,80.47256218798837,5415449
2003-08-19,82.83126831054688,83.24750073400968,81.38831275027549,82.97001539674882,4419380
2003-08-20,81.72128295898438,82.8034993974779,81.1662947330034,82.8034993974779,3422434
2003-08-21,83.69149017333984,84.02447786718834,82.19303229830756,82.41502409420656,5111512
2003-08-22,82.91454315185547,84.3297480420153,82.5538041307277,84.08000496314635,4157217
2003-08-25,82.83126831054688,82.83126831054688,81.99879462847822,82.63701885580693,2401471
2003-08-26,82.91454315185547,83.10878384202186,81.58258300960321,82.27630985750748,2933852
2003-08-27,82.55374908447266,82.7202473044142,82.13750795218898,82.22076147972993,2542610
2003-08-28,82.35951232910156,82.96999405023963,81.58253238032917,82.6924999492294,2860194
2003-08-29,82.05429077148438,82.41502967302496,81.3050617832516,82.08204195663595,2739650
2003-09-02,84.46845245361328,84.6071995200437,82.08202764940718,82.55376237418551,5105899
2003-09-03,86.35542297363281,86.74391309511671,84.66272421980105,84.77372013520444,7137725
2003-09-04,86.91038513183594,86.99362984291832,86.0501603335102,86.32765448397458,3942065
2003-09-05,86.1334228515625,86.60515765540339,85.52294095803725,85.85592867219377,3869409
2003-09-08,87.0768814086914,87.46537144347738,84.91244828863802,86.10566073929755,3174209
2003-09-09,86.4664077758789,86.77164429522145,85.7449300009133,86.18891360546354,3373795
2003-09-10,86.10565948486328,86.68839011098164,85.7449206367765,86.16115301180018,3786591
2003-09-11,87.35440826416016,87.82614318478423,86.1611865315367,86.1611865315367,4185928
2003-09-12,87.49311828613281,87.68736773107952,86.38315932276267,87.21563296286156,3470906
2003-09-15,87.13236999511719,88.10359060943266,86.71613763763436,87.40986412353351,2979611
2003-09-16,88.60309600830078,88.8805901977943,86.66065435213332,86.66065435213332,4187139
2003-09-17,88.02035522460938,88.63083707067845,87.35437984806633,88.18685348631642,4003287
2003-09-18,89.1025619506836,89.29681137364423,87.99259427780225,88.15909252103401,4645945
2003-09-19,88.60309600830078,89.96280693464674,87.4653857346358,89.96280693464674,4845071
2003-09-22,87.13236999511719,88.51983180205713,86.5773905734262,87.68735825194982,3874083
2003-09-23,87.5763168334961,87.68731266012352,86.52184322782998,86.8548395428493,2735351
2003-09-24,85.49518585205078,87.93711331415896,85.49518585205078,87.68737033120959,3991622
2003-09-25,84.8250732421875,88.23147690596127,84.71338860484784,86.08152763475016,3966270
2003-09-26,83.40108489990234,84.62962489401384,81.83749096829669,84.09912504880631,4680499
2003-09-29,84.79716491699219,85.6068809039698,83.70823284210489,83.76407072570655,4369113
2003-09-30,83.23353576660156,84.57375997807839,82.70302720102995,84.46207536795227,6017314
2003-10-01,85.52310943603516,85.63479407988864,83.20563751863489,83.23356090208978,4975026
2003-10-02,85.85816192626953,86.2769860011637,84.96467590047486,85.27181533339044,3686621
2003-10-03,86.05362701416016,87.39385176823701,85.85817219983555,86.97502764322743,4363354
2003-10-06,85.96983337402344,86.69578788045136,85.80231088174904,86.55617987691298,2811054
2003-10-07,85.5789566040039,86.0257041178858,85.18806475306195,85.38351067853293,3973260
2003-10-08,84.3224868774414,85.5789412543326,84.18287886001673,85.29973410944869,4521749
2003-10-09,84.12703704833984,85.29973912974698,83.76405973765891,85.24389236350409,5582274
2003-10-10,81.86537170410156,82.78677177469444,81.53031794115522,82.78677177469444,8169663
2003-10-13,80.77648162841797,82.507606957477,79.99468022498287,82.42383680641643,6163377
2003-10-14,81.78163146972656,81.78163146972656,80.02259190423129,80.6926996749062,4466788
2003-10-15,80.55309295654297,82.2283711151306,80.24595358982229,82.11668649722236,4890372
2003-10-16,81.02774047851562,81.36279427299901,80.3576239995864,80.49723196977843,3473160
2003-10-17,79.71548461914062,81.13947976287017,79.35250720798768,81.02779508943607,4441748
2003-10-20,80.35768127441406,80.35768127441406,79.6038030320289,80.27391998858309,3353325
2003-10-21,80.63684844970703,80.9719022795492,80.35763247985687,80.9719022795492,3377509
2003-10-22,79.15701293945312,80.35762911356461,79.01740496037642,80.35762911356461,4186596
2003-10-23,79.26874542236328,80.21806958551294,78.84992123216695,79.15706074963794,3816430
2003-10-24,79.0174331665039,79.29664922432653,78.17979388300226,79.26872584055103,3708280
2003-10-27,78.79407501220703,79.71547568729065,78.5427823026447,79.57586763864852,3465669
2003-10-28,79.63166809082031,79.68751483377702,78.821952547684,79.51998349486918,4023673
2003-10-29,80.4972915649414,81.39077790167433,79.35251247381387,79.63172862091211,4293723
2003-10-30,80.63684844970703,81.6699333142112,80.38555585483456,81.39072623432443,4369530
2003-10-31,80.99987030029297,81.66997832932958,80.83233884804969,80.83233884804969,3518815
2003-11-03,80.41350555419922,81.69788343403336,80.41350555419922,81.11153681737068,3782272
2003-11-04,80.02259826660156,80.44141343408097,79.29664367900273,80.44141343408097,3966186
2003-11-05,79.38040924072266,79.79923332088794,78.87782390051075,79.32457136401358,3576593
2003-11-06,79.4083251953125,79.4083251953125,78.31939335671295,79.01742453505403,3289057
2003-11-07,78.51480102539062,79.85502485824385,78.34727860250952,79.68750243536275,3755563
2003-11-10,78.65447235107422,78.84991829857998,78.43110301393392,78.82200379891349,2929178
2003-11-11,78.48693084716797,78.71030904565619,78.09603900223911,78.59861550142863,3290726
2003-11-12,80.13427734375,80.41349336267304,78.45899901014168,78.51483687994732,4932855
2003-11-13,79.12911224365234,80.21804412457749,78.59860354911231,79.85506683093577,5203490
2003-11-14,77.84474182128906,78.96159718949562,77.76097166794625,78.87782703615281,5745135
2003-11-17,77.64927673339844,80.55310386203244,76.42073688012083,77.25837607281643,4903747
2003-11-18,79.4083251953125,80.74854968050926,79.29664056237654,79.35247843386192,8574697
2003-11-19,82.28423309326172,82.45176451420274,80.83232374499505,80.97193178078479,9369011
2003-11-20,80.83230590820312,82.25630044706061,80.38556740422842,81.3069677911674,5092920
2003-11-21,79.74337768554688,83.62444305892143,79.65961643481575,81.19528677803332,5206557
2003-11-24,80.27385711669922,80.80435669809061,79.9108799757633,80.44137955715469,3812862
2003-11-25,80.72063446044922,81.25114318800212,79.91091856731182,80.3297337606716,3404739
2003-11-26,80.32971954345703,81.33489005356545,79.65961179669445,81.2790521863175,3158622
2003-11-28,80.05052185058594,80.69270629433824,79.99467508679935,80.55310716480292,1746961
2003-12-01,81.0556869506836,81.55827228574434,80.3576557141952,81.53035779265893,4137707
2003-12-02,82.3121566772461,82.3121566772461,80.83232394025346,81.05569324206996,5050749
2003-12-03,82.42382049560547,82.92640574264794,81.86539738220517,82.61927525276887,5230449
2003-12-04,81.39070892333984,82.50756367523334,81.25110096810798,82.08873980953773,4094201
2003-12-05,81.25117492675781,82.08881453064662,80.99988215659421,81.41869751355382,2862009
2003-12-08,82.00503540039062,82.11672006395204,81.39076530581902,81.39076530581902,3145998
2003-12-09,82.5354995727539,83.2335395300587,82.20044572722587,82.36797709497178,5150302
2003-12-10,82.98226165771484,82.98226165771484,82.47967635520209,82.78680687897912,4778111
2003-12-11,84.88093566894531,85.07639050830213,83.03812528483219,83.03812528483219,5982259
2003-12-12,84.07121276855469,85.02053682848648,83.62446523625876,84.54587479852059,4298230
2003-12-15,84.6854476928711,85.43932550633298,84.07117786967589,85.41140213028689,5631665
2003-12-16,85.5789566040039,85.99778073139936,84.35041649827104,84.93677205461809,5364598
2003-12-17,85.80233001708984,85.80233001708983,84.99260519397811,85.57895182763265,4520330
2003-12-18,86.13734436035156,86.30486681295939,85.80229056517344,86.19318221456668,5087870
2003-12-19,86.24909210205078,86.55622274999169,85.18808319556994,86.24909210205078,5278274
2003-12-22,86.55619812011719,86.55619812011719,85.80232896606238,85.99777487823096,3395245
2003-12-23,86.83541107177734,87.36591980001792,86.30490234353675,86.41659587787467,3223641
2003-12-24,86.27699279785156,86.7237314009589,85.9698533407403,86.69580801577304,1211388
2003-12-26,85.7744369506836,86.4724684808153,85.7185901610876,86.24909910237072,1061881
2003-12-29,86.64559936523438,86.64559936523438,85.77436493294778,86.280243567709,3470990
2003-12-30,86.33650207519531,86.72996443850612,85.94303971188452,86.64564532250971,2930930
