Price,Close,High,Low,Open,Volume
Ticker,INTC,INTC,INTC,INTC,INTC
Date,,,,,
1998-01-02,10.279914855957031,10.279914855957031,9.979125608880835,10.00566583656403,40927200
1998-01-05,10.545316696166992,10.635995803663395,10.191447008376153,10.341841625687259,78368400
1998-01-06,10.350687026977539,10.518775106902815,10.288759839636649,10.456847919561925,48313600
1998-01-07,10.297609329223633,10.421463736963435,10.1295212044339,10.297609329223633,55380800
1998-01-08,10.518776893615723,10.58955083402693,10.209140904316689,10.22683438941949,75730400
1998-01-09,10.173749923706055,10.616086876910666,10.08307084829911,10.554159703462021,88028800
1998-01-12,10.704559326171875,10.713406069416644,10.005666609835034,10.023360096324573,123747600
1998-01-13,10.890338897705078,10.934572605656763,10.793024740211369,10.810718223392042,97348000
1998-01-14,10.678014755249023,10.908029986099459,10.527620181231432,10.899183246451365,123962000
1998-01-15,10.660327911376953,10.810722579006338,10.563013714675586,10.598400695294266,53458400
1998-01-16,10.589550018310547,10.73994463009942,10.563009792700747,10.731097888229485,59281200
1998-01-20,10.7930326461792,10.801879394249838,10.598404188625148,10.633791180907702,49972000
1998-01-21,10.854954719543457,10.996502621346794,10.669173098426576,10.678019842289284,69415200
1998-01-22,10.828413009643555,10.969960892122556,10.748792325749116,10.757639068404055,49898000
1998-01-23,10.925726890563965,11.023041057200567,10.828412723927363,10.881493178456418,56184800
1998-01-26,10.996502876281738,11.040736596620762,10.899188691535882,10.899188691535882,44695200
1998-01-27,11.208823204040527,11.261903661202519,10.952267661090902,11.023041603973557,58713200
1998-01-28,11.452022552490234,11.531673404864586,11.257320468908484,11.29272084774153,67063600
1998-01-29,11.611324310302734,11.735225636784625,11.363521657338957,11.372371752087664,72366400
1998-01-30,11.469720840454102,11.717523451204654,11.45202065397192,11.682123078240288,45384000
1998-02-02,11.761775970458984,11.839214299835595,11.637874643456406,11.6821251173859,62426000
1998-02-03,12.221981048583984,12.337032282205703,11.841426968142919,11.89452753750679,99884400
1998-02-04,12.398979187011719,12.505180293538587,12.124626328483979,12.195427066168557,75391600
1998-02-05,12.24853229522705,12.752987743802153,12.19543172169283,12.567135736432379,97320800
1998-02-06,12.396770477294922,12.460933665558631,12.124630058107474,12.142330247973325,52042800
1998-02-09,12.151180267333984,12.44323339830414,12.098079698066684,12.381282734158955,45804400
1998-02-10,12.213129997253418,12.434382352276124,12.044978207436161,12.09807877264161,59575200
1998-02-11,12.044983863830566,12.186585437542021,11.92993258519001,12.133484847400226,64918000
1998-02-12,12.036125183105469,12.071525551291073,11.717521869435028,11.876823526270249,70388800
1998-02-13,11.8679780960083,12.027279815417808,11.8679780960083,11.947628955713055,39093600
1998-02-17,11.983025550842285,12.027276014471687,11.885674530857598,11.983025550842283,41481600
1998-02-18,12.310478210449219,12.319328302620642,11.929924247078034,11.94762443142088,65802800
1998-02-19,12.823781967163086,12.903432786834905,12.478628415251864,12.602529690296917,136295200
1998-02-20,13.0007963180542,13.08044721448884,12.81494422637337,12.921145421619558,98482000
1998-02-23,13.337093353271484,13.399044019146004,13.080440594648477,13.16894154589779,68921200
1998-02-24,13.08044719696045,13.540652375743901,13.06274699777647,13.328249985536155,75785200
1998-02-25,13.31054973602295,13.363650333374105,13.115847545735381,13.124697645293907,49980000
1998-02-26,13.071587562561035,13.319390170382098,13.062737469424569,13.275139704699765,55918800
1998-02-27,12.69989013671875,13.0804443359375,12.67333984375,13.01849365234375,73563600
1998-03-02,12.407832145690918,12.938837800998659,12.390131957180659,12.717585444620434,71733600
1998-03-03,12.0803804397583,12.2219819687225,11.912228624113313,12.168881395360925,116639200
1998-03-04,12.2396821975708,12.31048296227114,12.009579712294705,12.02727990346979,54200000
1998-03-05,10.699760437011719,10.956413086038468,10.62010961489997,10.62895970624572,369330400
1998-03-06,11.062614440917969,11.080314624023437,10.77941151123047,10.956413342285156,128355600
1998-03-09,10.628954887390137,11.09800951605931,10.611254712723376,11.08030934139255,107076800
1998-03-10,10.690912246704102,10.832513733415412,10.611261410428988,10.832513733415412,68406000
1998-03-11,10.744012832641602,10.850213947956016,10.628961624384319,10.841363855013148,56479200
1998-03-12,10.814810752868652,10.859061206030962,10.664359212116796,10.779410390338803,39483600
1998-03-13,10.850217819213867,10.974119164620877,10.841367723113366,10.903318395816871,33584400
1998-03-16,11.000673294067383,11.027223591639547,10.903322202969441,10.912172302160164,36159600
1998-03-17,10.867912292480469,11.00066366413129,10.708610646499485,10.974113389801126,55440400
1998-03-18,10.903316497802734,10.965267159722067,10.744014795724446,10.752864890284352,32528000
1998-03-19,10.947569847106934,11.036070815959858,10.8679189751393,10.956419943992225,34558000
1998-03-20,10.726312637329102,10.974115239511622,10.664361986783472,10.974115239511622,64090800
1998-03-23,10.628954887390137,10.6909054987238,10.54045401405633,10.6909054987238,73635600
1998-03-24,10.5404634475708,10.744015638413897,10.478512780792467,10.646664590619373,62888800
1998-03-25,10.770565032958984,10.823665600089432,10.65551380417635,10.744014749393761,66587600
1998-03-26,11.071470260620117,11.08032035675171,10.867918049593529,10.894468337988302,55606400
1998-03-27,11.168817520141602,11.266168544485149,11.080316588920194,11.089166682042334,72785200
1998-03-30,10.956422805786133,11.151124988118358,10.921022408998455,11.133424789724518,44500400
1998-03-31,11.0537691116333,11.080319397730097,10.85021691822452,10.859067013590119,57452000
1998-04-01,10.97411823272705,11.036068900169866,10.823666611794504,10.974118232727053,60100800
1998-04-02,10.814810752868652,10.974112384252969,10.770560299706341,10.89446156856081,44330800
1998-04-03,10.867912292480469,11.027213938461454,10.77941137804659,10.850212109593693,74411200
1998-04-06,10.460811614990234,10.797115203289414,10.460811614990234,10.788265108860488,71554000
1998-04-07,10.28381061553955,10.531613280974238,10.213009853986783,10.478512709809662,73555200
1998-04-08,10.274958610534668,10.398859920222424,10.097956739552158,10.336909265378546,80134000
1998-04-09,10.443106651306152,10.575858007043095,10.398856199393837,10.49620719360093,58564000
1998-04-13,10.797123908996582,10.832524315255588,10.407719440147526,10.460820049536032,63446000
1998-04-14,10.761717796325684,10.894469249405358,10.628966343246008,10.708617215093813,69982000
1998-04-15,10.602413177490234,11.25732016842035,10.584712988546178,11.07146818450775,142813200
1998-04-16,10.531615257263184,10.602416032101926,10.37452603808972,10.398863804440538,72342800
1998-04-17,10.646665573120117,10.66436576526163,10.469663651704986,10.487363843846499,45112800
1998-04-20,10.832518577575684,10.850218771329892,10.60241605877097,10.611266155648075,40400400
1998-04-21,11.177669525146484,11.186519619782388,10.991817537792503,11.009517727064312,93195600
1998-04-22,11.903379440307617,11.965330113974646,11.20422183749401,11.221922029970305,151875200
1998-04-23,11.788320541381836,12.04497316578129,11.620168821947711,11.788320541381836,98472000
1998-04-24,11.620177268981934,11.806029304510204,11.505126008893004,11.59362697819218,68476800
1998-04-27,11.328123092651367,11.522825208306314,11.15112116932869,11.363523477315903,83156000
1998-04-28,11.230766296386719,11.522819320642638,11.0803147384367,11.43431840420145,61831600
1998-04-29,11.350114822387695,11.403235484582957,11.155339061005067,11.261580385395591,41810400
1998-04-30,11.447503089904785,11.55374441788534,11.243873877942056,11.420942757909646,50554000
1998-05-01,11.633427619934082,11.686548293997708,11.35011735826141,11.465212152065932,45786400
1998-05-04,11.615715026855469,11.828197618810142,11.509473730878133,11.651128792181249,36578000
1998-05-05,11.598014831542969,11.72196308165106,11.553747599361506,11.580307938670384,34794800
1998-05-06,11.527181625366211,11.651129814886279,11.43864720428045,11.642276372777703,32992800
1998-05-07,11.474066734313965,11.651135665399059,11.429799501542693,11.536040860193747,39124400
1998-05-08,11.907879829406738,11.925586713911432,11.412087063275306,11.420940505527653,68384800
1998-05-11,11.686546325683594,12.022977204756303,11.686546325683594,11.88132209777832,47877600
1998-05-12,11.978704452514648,11.996411332710531,11.624566848596995,11.677687489184644,48472800
1998-05-13,12.014120101928711,12.084947633848703,11.863611596598727,11.987559777458713,52413200
1998-05-14,11.978704452514648,12.102652613885828,11.819342530751705,11.872463171339353,56047600
1998-05-15,11.37667179107666,11.792783521956508,11.314697703498812,11.783930080873958,98584000
1998-05-18,11.24387264251709,11.518329376310813,11.102217554107426,11.33240707277313,44609200
1998-05-19,11.270435333251953,11.429797341106262,11.199607774205594,11.288142223013542,36790800
1998-05-20,10.907440185546875,11.24387097049069,10.836612651874493,11.226164087072595,69038000
1998-05-21,10.500184059143066,10.845468357883858,10.455916841355785,10.810054583654033,95151600
1998-05-22,10.526744842529297,10.588718950096753,10.47362417890005,10.588718950096753,41110800
1998-05-26,10.579863548278809,10.748078951975293,10.473622240681031,10.686104855876588,51538000
1998-05-27,10.526744842529297,10.544451730405713,10.323115631950513,10.411650071332593,65520000
1998-05-28,10.411646842956543,10.606422549202328,10.358526195798602,10.429353725342523,45670800
1998-05-29,10.119483947753906,10.482475060490485,10.092923622431716,10.429354409846107,77225200
1998-06-01,9.632546424865723,9.827322179780287,9.579425764434477,9.791908406159457,108380000
1998-06-02,9.80961799621582,9.8361783337507,9.659109416851498,9.77420421283598,72040400
1998-06-03,9.340385437011719,10.013247326313037,9.300544930408352,9.9335663131063,104560000
1998-06-04,9.659104347229004,9.774199082805518,9.46432864086875,9.579423376445265,82716000
1998-06-05,9.889296531677246,9.907003418931817,9.597132891976845,9.800762095404398,59046000
1998-06-08,9.81847095489502,9.91585885435746,9.597134819753112,9.907005408951782,70268800
1998-06-09,9.942413330078125,9.968973650639331,9.721077325401408,9.800758287085026,51892800
1998-06-10,9.712228775024414,9.951271780426108,9.676814996446385,9.889297667914558,48955600
1998-06-11,9.712228775024414,9.827323555403007,9.650254662512863,9.747642553602443,43135600
1998-06-12,9.6945161819458,9.703369621381368,9.340378604523123,9.6945161819458,72079600
1998-06-15,9.473180770874023,9.738783970057407,9.464327330901243,9.5263014107107,53234000
1998-06-16,9.889296531677246,9.898149975304532,9.508598455703996,9.597132891976845,68256000
1998-06-17,9.80961799621582,10.048661034029744,9.721083537766217,9.898152454665421,69139200
1998-06-18,9.871585845947266,9.924706487270749,9.667956720873914,9.791904883962042,41916400
1998-06-19,9.915854454040527,10.006602229177952,9.73878562450409,10.004388868808746,68891600
1998-06-22,10.464771270751953,10.535598825883946,9.871590496521513,9.89815082969601,80072000
1998-06-23,10.6595458984375,10.730373445935422,10.526744246878893,10.588718350939576,75155200
1998-06-24,10.960564613342285,10.97827150286303,10.378450620347733,10.632987157208468,76740400
1998-06-25,10.712665557861328,10.995975721375016,10.641838016982907,10.9428550657162,55333600
1998-06-26,10.818907737731934,10.925149057578729,10.624131984679476,10.703812974564572,42892800
1998-06-29,10.739224433898926,10.942853586396597,10.588715929878909,10.889732937918945,44950000
1998-06-30,10.500184059143066,10.67725293029219,10.411649623568504,10.597571938275085,50669200
1998-07-01,10.65069580078125,10.677256139436563,10.261144167169965,10.579868231033743,69999600
1998-07-02,10.376236915588379,10.641840249605147,10.367383471121153,10.562159249400116,40194000
1998-07-06,10.409432411193848,10.47361985323608,10.234576965630524,10.27884416703896,35581600
1998-07-07,10.641839981079102,10.668400313810581,10.278848767082227,10.358529765276662,54239600
1998-07-08,11.09337043762207,11.09337043762207,10.703818722334464,10.712672170409181,87268000
1998-07-09,11.2969970703125,11.385531530111187,10.95171267709762,10.987126461017095,96395200
1998-07-10,11.2969970703125,11.403238422070926,11.084514366795652,11.261583286393027,57320000
1998-07-13,11.668835639953613,11.686542522563558,11.261577339924884,11.296991105144773,77118400
1998-07-14,11.42979621887207,11.810494311367421,11.38552899881447,11.713106427240703,88694000
1998-07-15,11.934438705444336,12.040679999558085,11.456352881932471,11.489553286343018,168073200
1998-07-16,11.934438705444336,12.022973117205794,11.757369881921424,11.899024940739753,67307200
1998-07-17,11.775076866149902,11.890171602435577,11.677689012369715,11.881318161182834,50119200
1998-07-20,11.580304145812988,11.766226460080627,11.553743815203326,11.66883858117853,37541600
1998-07-21,11.562599182128906,12.014124877602546,11.500625067063895,11.527185402091757,79948000
1998-07-22,11.668835639953613,11.757370053003338,11.420939283414388,11.420939283414388,65818400
1998-07-23,11.69540023803711,12.031831130577162,11.53603823630761,11.57145201446972,85404000
1998-07-24,11.766225814819336,11.899027460584792,11.562596624645638,11.721958599564184,58984800
1998-07-27,12.191190719604492,12.200044162392878,11.580303167206011,11.651130709513081,84463600
1998-07-28,12.129216194152832,12.501060778207153,12.111509309197865,12.297431601225025,118007600
1998-07-29,11.98755931854248,12.297429758829768,11.960998995089286,12.23545567077231,57039600
1998-07-30,12.412525177001953,12.430232060278703,12.040680628190197,12.138068486212322,58014400
1998-07-31,11.960999488830566,12.447938772239658,11.93443916428098,12.368257798590896,48032800
1998-08-03,12.014120101928711,12.200042373218691,11.775077181698737,11.84590471361873,55863600
1998-08-04,11.60686206817627,12.182335778650303,11.562594859678267,12.093801361654299,77434000
1998-08-05,11.921093940734863,11.985304885066459,11.495973205849815,11.628823435501392,91450400
1998-08-06,12.328505516052246,12.408215681026721,11.761677676233752,11.761677676233752,94552800
1998-08-07,12.284220695495605,12.603061319171049,12.239937275540681,12.452497691324313,81810000
1998-08-10,12.275367736816406,12.4347880970348,12.14251743663441,12.222227616743607,49170800
1998-08-11,11.983097076416016,12.09823400324041,11.876816836270418,11.938813643022016,72920000
1998-08-12,12.133659362792969,12.186799476790602,11.956525649467524,12.115945991460425,55206000
1998-08-13,12.080520629882812,12.328507856889203,11.974240389737215,12.169087496670809,65314000
1998-08-14,12.21336841583252,12.293078579532658,12.124801567276808,12.177941676410233,62301600
1998-08-17,12.691629409790039,12.718199464381366,12.151371633099744,12.151371633099744,95816400
1998-08-18,12.95733642578125,13.125613522219968,12.665065679335058,12.673922368621305,119604800
1998-08-19,12.691629409790039,13.072466858932378,12.647345985471162,13.028183434613501,67748800
1998-08-20,12.18679428100586,12.505634829055433,12.098227462103202,12.328501191250115,134286800
1998-08-21,12.036239624023438,12.142519885604218,11.673115396955769,11.983099493233047,116136000
1998-08-24,11.991954803466797,12.255441255020076,11.828106085694172,12.07166499049132,84328800
1998-08-25,11.963168144226074,12.169086085631408,11.859102087816925,12.115945971720354,52442400
1998-08-26,11.761678695678711,11.97423915403435,11.646541780736074,11.71739526685462,52515200
1998-08-27,11.301131248474121,11.628828627936144,10.87601032376663,11.531405082690679,133454800
1998-08-28,10.9114351272583,11.416266135581127,10.734301440127483,11.106282183102199,94445200
1998-08-31,10.087764739990234,10.973433286082441,10.052337998146546,10.893723116934144,104269200
1998-09-01,10.769728660583496,10.87600887762873,9.884060185206565,10.052337195528182,109021200
1998-09-02,10.610309600830078,11.044287205538486,10.495172685295195,10.81401337446872,84881200
1998-09-03,10.87601089477539,11.159424859460092,10.5660268709015,10.636880362072676,107758800
1998-09-04,11.088569641113281,11.177136491281919,10.787442350539918,11.00885947596151,64649200
1998-09-08,11.606695175170898,11.619980213524775,11.247999139616208,11.504843214457837,83092800
1998-09-09,11.513689994812012,11.99195096382728,11.495976625589226,11.735107110096859,94456000
1998-09-10,11.203706741333008,11.425123870608363,10.973432926886638,11.301130278214163,76448800
1998-09-11,12.036239624023438,12.053953000953566,11.619975266165378,11.79710903546668,150086000
1998-09-14,12.16022777557373,12.266507989198555,11.98309408619902,12.009664139605228,67960000
1998-09-15,12.17794132232666,12.204511376120827,11.983094261169434,12.045091053355824,47313200
1998-09-16,12.053946495056152,12.301933638231445,11.859099453989852,12.195653434013462,45172000
1998-09-17,11.761678695678711,11.938812410975078,11.673111838030529,11.743965324149075,56430800
1998-09-18,11.761678695678711,11.832532181797259,11.619971723441619,11.788248752973168,50604800
1998-09-21,11.991954803466797,11.991954803466799,11.425126806847983,11.513693681319673,39437600
1998-09-22,11.841391563415527,12.08052213350694,11.814821500072037,12.05395207016345,40890800
1998-09-23,12.337362289428711,12.337362289428711,11.885671351337638,11.921098091580076,67808400
1998-09-24,12.089380264282227,12.487931262005816,11.956529931707696,12.293084107563171,62723200
1998-09-25,12.514496803283691,12.57649360273379,11.903385494418458,11.991952350775739,69451200
1998-09-28,12.328505516052246,12.611919435961493,12.213368611089114,12.532209270987018,60137200
1998-09-29,12.54106616973877,12.558779540035012,12.293078985591393,12.381645837072599,52740000
1998-09-30,12.15137767791748,12.470218491623768,12.13366429937824,12.372794909657959,45350000
1998-10-01,11.823675155639648,12.107089091954606,11.628828074423115,11.9388120672676,61390000
1998-10-02,11.885673522949219,12.045093883167613,11.513692682439629,11.735109849409623,59275600
1998-10-05,11.416269302368164,11.859103643034112,11.026575082582129,11.699683280394371,78511200
1998-10-06,11.283421516418457,11.797109466145514,11.132857807015698,11.699685889473141,82609600
1998-10-07,11.203706741333008,11.495977351976478,11.12399657479388,11.177136685819965,82892800
1998-10-08,11.115140914916992,11.389698180544423,10.743160103421761,10.884867079229467,120596800
1998-10-09,11.876818656921387,11.938815473176755,11.247993806331216,11.292277246513622,87274400
1998-10-12,12.107090950012207,12.169087758095664,11.938813899499968,12.02738076819062,62548400
1998-10-13,11.841391563415527,12.10709219685043,11.611117681105279,11.974241880132979,100670000
1998-10-14,11.699681282043457,11.938811785158652,11.637684484939516,11.726251337945145,110875600
1998-10-15,11.983097076416016,12.08052062988281,11.549119429154828,11.664256355979225,73935600
1998-10-16,11.867958068847656,12.115945252375816,11.84138801346964,12.071661826745789,76712800
1998-10-19,12.04509449005127,12.062807864301345,11.708540379299835,11.779393876300137,59394800
1998-10-20,11.983097076416016,12.363934603604402,11.974240389737215,12.151374123313209,83388000
1998-10-21,12.337362289428711,12.346218974489322,11.99195157206495,12.071661737610434,57402000
1998-10-22,12.381650924682617,12.45250443498123,12.124806949850145,12.213373837723411,48283600
1998-10-23,12.363933563232422,12.603064083438207,12.239939960162756,12.2665100179634,56905200
1998-10-26,12.60306167602539,12.62077504450891,12.257650990596725,12.33736114877257,49700400
1998-10-27,12.372790336608887,12.718201090458383,12.363933650612745,12.673917660477677,52743200
1998-10-28,12.64292049407959,12.682775584954095,12.293081363070032,12.301938049931033,48941600
1998-10-29,12.718205451965332,12.842199098432962,12.549928360330695,12.558785049364095,73024000
1998-10-30,12.638484954833984,12.868758682111968,12.6296282730156,12.753621818472977,47807600
1998-11-02,13.010478019714355,13.037048090551076,12.691637169673704,12.718207240510425,52581200
1998-11-03,12.815622329711914,13.010469386556187,12.709342116887765,12.921902542536062,51115600
1998-11-04,13.441539764404297,13.46812158331874,12.9099033861154,12.989648842858733,109783600
1998-11-05,13.326349258422852,13.397234094903824,13.220022003701393,13.326349258422852,58649600
1998-11-06,13.530142784118652,13.592167014301253,13.264324654764652,13.299767072011852,65113200
1998-11-09,13.609883308410645,13.618743909522891,13.246598662808537,13.450392488390207,47542000
1998-11-10,13.831406593322754,14.106085391780796,13.565588401266583,13.663055071687179,85904400
1998-11-11,14.699748992919922,14.797215683047783,14.407348922536343,14.425070138923227,126148400
1998-11-12,14.557975769042969,14.894678799611217,14.371903041623671,14.549115162975381,72308800
1998-11-13,14.708608627319336,14.868099564242076,14.37190553826022,14.37190553826022,59891600
1998-11-16,15.15163516998291,15.169356380708036,14.894677614468579,14.912398825193707,49532000
1998-11-17,15.382011413574219,15.59466594924575,14.974423553537113,15.063029610066918,58458400
1998-11-18,15.576946258544922,15.71871596283202,15.346570489078387,15.364291702114274,51899200
1998-11-19,16.002248764038086,16.330091069835103,15.700988266819207,15.709848869678586,94157600
1998-11-20,15.887064933776855,16.17946490188318,15.74529525227076,16.144022481506653,67536400
1998-11-23,16.099716186523438,16.427558508428426,15.674407228376422,15.860479897565742,57492000
1998-11-24,15.656691551208496,16.197188543072514,15.647830944784497,15.949091563200506,46309600
1998-11-25,15.55922794342041,15.895931053813333,15.275688482036895,15.736440106785107,58885200
1998-11-27,15.594667434692383,15.630109860680319,15.452897730740633,15.497200763225555,17278400
1998-11-30,15.257957458496094,15.911426890879419,15.240236253550105,15.69212697967281,63109600
1998-12-01,16.303512573242188,16.303512573242188,14.983282478995944,15.001003688314686,76924400
1998-12-02,16.099716186523438,16.303510062302216,15.789595071207906,16.152879806291814,64597200
1998-12-03,15.523783683776855,16.604777753080953,15.435177612522422,16.09972314693068,78229200
1998-12-04,16.489582061767578,16.489582061767578,16.03769131208991,16.05541251795962,70552400
1998-12-07,16.861736297607422,16.94148176617204,16.4984513852575,16.53389381573066,51056000
1998-12-08,17.02121925354004,17.579437271745675,16.8971708050499,17.047801063930784,99456000
1998-12-09,16.89717674255371,17.225019185906877,16.773128250474134,17.189576759598424,50258800
1998-12-10,16.250349044799805,17.03008225959936,16.197185416518018,16.808567141758576,61700800
1998-12-11,16.507312774658203,16.622500679151255,16.09086419687563,16.232633925482464,54904800
1998-12-14,15.816178321838379,16.374396380256204,15.763014697227158,16.23262671462628,61902800
1998-12-15,16.436418533325195,16.47850639749409,15.878200545400945,16.00224898716189,70154000
1998-12-16,16.179466247558594,16.587054115788437,16.07313897758559,16.51616926913977,44630800
1998-12-17,16.5693302154541,16.64907565499372,16.26806966608221,16.28579087486879,39876800
1998-12-18,17.012365341186523,17.092110803723337,16.8528744161129,16.98578352034092,63221600
1998-12-21,17.393375396728516,17.57944818497676,17.00350860230363,17.083254082981448,38856400
1998-12-22,16.879451751708984,17.40222742275929,16.764263891986033,17.349063795194848,46193200
1998-12-23,17.72120475769043,17.72120475769043,17.207289819717406,17.72120475769043,79884400
1998-12-24,17.72120475769043,17.88955620288849,17.517410902976987,17.694622950553892,17430800
1998-12-28,17.313613891601562,17.81866813511297,17.295892690074847,17.81866813511297,27864400
1998-12-29,17.162988662719727,17.579437019533266,17.065522026018687,17.31361891943952,40452000
1998-12-30,16.89717674255371,17.428813137180466,16.879455529399486,17.083249480673075,41480400
1998-12-31,16.80856704711914,17.100967001022635,16.76426402380043,16.976918535730242,29049600
1999-01-04,17.12755584716797,17.45539835433052,16.968064897737538,17.0035073309443,65404800
1999-01-05,17.473108291625977,17.73892636908479,17.012356957364034,17.08324177801972,65518800
1999-01-06,18.359172821044922,18.394615239618368,17.61488203100256,17.845257751729957,107730400
1999-01-07,18.323734283447266,18.57183126600845,18.075637300886086,18.09335851392617,54466400
1999-01-08,18.385751724243164,18.64270921822054,18.164236643228186,18.589545598776944,43911200
1999-01-11,19.81231117248535,20.04268688379332,18.554105364572596,18.970553765783155,105812800
1999-01-12,19.218656539916992,20.202183914712194,19.068026221254666,20.166741486791643,103578000
1999-01-13,19.705978393554688,20.149008483337845,18.571821363709816,18.61612437268813,118809200
1999-01-14,18.961706161499023,19.84776719708309,18.92626372007566,19.84776719708309,82390800
1999-01-15,19.19207000732422,19.387003313031112,18.997136701617325,19.032579120836758,63951200
1999-01-19,19.759143829345703,19.794586239801927,19.138901646361756,19.484465148309955,43302400
1999-01-20,19.599660873413086,20.370533611201036,19.51105481159838,19.971806333034856,61501200
1999-01-21,18.926250457763672,19.511050331458616,18.74903837482581,19.422444289989684,63926400
1999-01-22,18.270559310913086,18.819916574383797,18.21739570477076,18.53637734162472,87440800
1999-01-25,18.518667221069336,18.60727328432804,17.942727809887753,18.41233994515889,59519200
1999-01-26,19.41358184814453,19.422442451452675,18.66043056695225,18.837642633115138,68130000
1999-01-27,18.819921493530273,19.49332734734774,18.802200286850866,19.36927890059189,57336000
1999-01-28,19.44902229309082,19.652816148553732,19.13890120869074,19.440161690679393,83802000
1999-01-29,19.980663299560547,20.007245113262847,19.333839166137967,19.546493675756352,57248400
1999-02-01,19.546491622924805,19.945218786583744,19.42244317200869,19.945218786583744,52246000
1999-02-02,19.085737228393555,19.573070351681228,18.819919161145734,19.564209749439634,59669200
1999-02-03,19.67045021057129,19.714772991577536,18.837181927653894,18.93469204586763,57020000
1999-02-04,18.456005096435547,19.431106230252986,18.438275984911595,19.395648007205082,86413200
1999-02-05,18.09256362915039,18.792863740224806,17.401128076444007,18.68648903980844,135059600
1999-02-08,18.721939086914062,18.95241750370372,18.065962054512717,18.42054423418912,69630800
1999-02-09,17.77342987060547,18.801718082570673,17.693648888642652,18.659885225747885,80440000
1999-02-10,18.26984405517578,18.38508324620794,17.59613801529545,17.791158184734492,67522400
1999-02-11,18.899232864379883,18.9435556431425,18.128016513910346,18.385088630733527,54106800
1999-02-12,17.941864013671875,18.61557036991647,17.83548932584378,18.61557036991647,73194800
1999-02-16,17.92412757873535,18.509188122848375,17.74683650476171,18.32303249517605,59492800
1999-02-17,17.675920486450195,18.21665827465153,17.534087623971157,17.578410393495854,81443200
1999-02-18,18.172348022460938,18.42055570276772,17.693661781869285,17.870952982088415,71698800
1999-02-19,18.163476943969727,18.526923773985715,18.06596681884349,18.20779972811802,50430400
1999-02-22,18.837177276611328,18.84604183062385,17.782295349121092,18.119148401596966,60588800
1999-02-23,19.041061401367188,19.502018195068814,18.65102103746581,18.757395682166187,73702800
1999-02-24,18.49146270751953,19.413376476254925,18.473733596582314,18.996742369230276,65650400
1999-02-25,18.11914825439453,18.43827219625275,17.737972434952766,18.296439333204653,79470000
1999-02-26,17.011079788208008,17.58727582063819,16.86038236434165,17.56954671194803,167201200
1999-03-01,16.603313446044922,16.878114683005624,16.26646031686729,16.851521014912652,128595600
1999-03-02,15.575010299682617,16.426006878378995,15.539552108903603,16.399413235294734,134460000
1999-03-03,16.266456604003906,16.310779374042063,15.60161505343154,16.00938453778259,136544000
1999-03-04,16.08030128479004,16.71854918584014,15.654802684089972,16.426018897858842,105008400
1999-03-05,16.25759506225586,16.61217728825926,15.920741947552632,16.48807350915807,87876400
1999-03-08,16.966760635375977,17.02659638996782,16.594449273471177,16.70082394830112,73882400
1999-03-09,16.3550968170166,17.04653180440267,16.27531585693359,16.90469898647732,90112800
1999-03-10,16.57671546936035,16.789464758806687,16.346237072460156,16.58558002308728,80239200
1999-03-11,16.754003524780273,16.93129456737054,16.470337856635844,16.72740986839173,60116000
1999-03-12,16.77174949645996,17.002228083620615,16.59445827556715,16.860395106906367,68498000
1999-03-15,16.71855926513672,16.860392217545087,16.5589971936773,16.860392217545087,44557200
1999-03-16,17.0731258392334,17.37452058405891,16.718543786497502,16.79832474836308,84968800
1999-03-17,17.090866088867188,17.356802801868234,16.9667622894667,17.12632431726733,58679200
1999-03-18,17.277015686035156,17.445442211450587,17.10858916061973,17.277015686035156,54057600
1999-03-19,16.878114700317383,17.64046651976449,16.86481786625726,17.578414627483912,71022800
1999-03-22,16.328508377075195,16.913568937817303,16.31077926917392,16.895839829916028,49174000
1999-03-23,16.248733520507812,16.5944512549867,16.133494275681514,16.3905664372171,66840000
1999-03-24,16.91357421875,16.94016788890527,16.204409681276207,16.275326135023583,64180000
1999-03-25,16.7274169921875,17.064270116566476,16.558990429998012,17.046541004757056,60403200
1999-03-26,16.550127029418945,17.179510542589135,16.54126247289542,16.736282716412944,53682400
1999-03-29,17.241559982299805,17.250424537560626,16.470343674608245,16.674228445607163,44410400
1999-03-30,17.241559982299805,17.445444753298723,17.108591653387467,17.11745620864829,50729200
1999-03-31,16.860374450683594,17.516351164327435,16.84264535031484,17.28587285953365,38569200
1999-04-01,17.1440486907959,17.214965127986368,16.860382942034022,17.01108037106377,32888800
1999-04-05,18.08369255065918,18.08369255065918,17.268153474845136,17.28588258518892,56909600
1999-04-06,18.500320434570312,18.60669506093104,17.870937228602656,17.97731185496339,70669200
1999-04-07,18.739662170410156,18.93468230652606,18.225518175195496,18.642152102352203,65404400
1999-04-08,18.588972091674805,18.91696063120364,18.216660776533963,18.72194041851082,54526400
1999-04-09,18.553518295288086,18.81945501237296,18.447143608454137,18.77513222619215,44679200
1999-04-12,17.37452507019043,17.720242660872792,17.019942925900832,17.48089971347731,83342600
1999-04-13,17.16177749633789,17.870941855690695,16.96675729751587,17.853212746706873,71036800
1999-04-14,16.168956756591797,17.445453342638515,15.956207325584009,17.40999510413722,104478400
1999-04-15,16.57671546936035,16.629902791721936,16.027113138290648,16.59444457681421,63876800
1999-04-16,16.2398624420166,16.55898637646671,16.013816321781107,16.417153516711107,34904400
1999-04-19,15.743453025817871,16.736283396815395,15.601620115675368,16.20440998378101,64349400
1999-04-20,16.04484748840332,16.1689512811313,15.743452563206793,15.956201922169047,39453400
1999-04-21,16.57671546936035,16.878110296075995,15.920738493567482,16.328507965006292,43047400
1999-04-22,17.445444107055664,17.480902326785454,16.878112591379058,17.01994547029821,56996800
1999-04-23,17.516357421875,18.012772409539473,17.303608141447366,17.569544741981908,44717000
1999-04-26,18.278705596923828,18.331892907099164,17.72910339177869,17.782290701954025,37821600
1999-04-27,17.658201217651367,18.385095042875975,17.605013864586155,18.172345630615112,36775400
1999-04-28,17.35679817199707,17.97731700347807,17.268152624642642,17.711380361414786,29094000
1999-04-29,17.250423431396484,17.4809018533987,16.9844867906247,17.44544363462913,29336200
1999-04-30,17.35679817199707,17.658193033002128,16.824924887870502,17.463172828822387,28045000
1999-05-03,17.906396865844727,17.906396865844727,17.28587816257288,17.35679458580395,29665000
1999-05-04,17.49863624572754,18.136884376270793,17.463178016252915,17.817760310999166,29221200
1999-05-05,18.163440704345703,18.447244465351105,17.205603010952473,17.507144507020712,35256800
1999-05-06,16.93954849243164,18.14571529608122,16.602531297294256,18.021551066293764,58030600
1999-05-07,17.294296264648438,17.507149141751803,16.92180372971755,17.223345305613982,38797800
1999-05-10,17.20560646057129,17.542623494335057,17.063704551618123,17.347508369524455,21220200
1999-05-11,17.684524536132812,17.77321322487972,17.223343354648907,17.365245256643956,28584200
1999-05-12,17.73773193359375,17.8796337890625,17.205599975585937,17.64904327392578,23681000
1999-05-13,17.04596710205078,17.879640831287396,17.028229363130855,17.86190309236747,27664200
1999-05-14,16.460615158081055,16.921796186216948,16.300975571418633,16.850845258811425,45267200
1999-05-17,16.868581771850586,16.886319502420356,16.230023471338892,16.336449854757507,30004600
1999-05-18,16.72669219970703,16.992758353466954,16.478363789531105,16.975020609882957,32767400
1999-05-19,16.93954849243164,16.975023986656627,16.389678331944328,16.7621710213067,34605800
1999-05-20,16.37192726135254,17.063698835775888,16.35418952867502,17.010485637743322,42619000
1999-05-21,16.176822662353516,16.425151080415958,16.017182965027658,16.380806720047666,39350400
1999-05-24,15.875277519226074,16.247770064369924,15.751113337511455,16.247770064369924,35671000
1999-05-25,15.006119728088379,15.981694887715873,14.970644267738287,15.981694887715873,66201200
1999-05-26,14.669109344482422,15.25445469921993,14.473994226236586,15.25445469921993,73240000
1999-05-27,15.077071189880371,15.431825806112851,14.686841112024643,14.828742958517635,55010800
1999-05-28,15.34313678741455,15.3786122481947,14.899693527662686,15.218972674684029,34955400
1999-06-01,14.385313034057617,15.289938144707357,14.22567330864884,15.272200397439715,57058600
1999-06-02,14.740062713623047,14.85979246490699,14.296619190349189,14.615898527106367,57670600
1999-06-03,14.3320951461792,14.935178357775847,14.278881921626553,14.89970287474075,49020400
1999-06-04,15.094813346862793,15.130288818888321,14.580419002492615,14.633632210530909,50203800
1999-06-07,15.165763854980469,15.467305358529787,15.077075177465963,15.307665739003676,37754200
1999-06-08,14.669109344482422,15.28993017526463,14.615896130415376,15.112552795041141,32770200
1999-06-09,15.077071189880371,15.236710767184986,14.75779203527114,14.93516934338738,44114800
1999-06-10,15.715628623962402,15.733366353786286,15.14802126959807,15.183496729245842,61884400
1999-06-11,15.449576377868652,16.088135217826483,15.396363141205498,15.928495507837026,45783200
1999-06-14,15.431836128234863,15.75111549640524,15.32540967217807,15.556000326967787,24989400
1999-06-15,15.804327011108398,15.928491196380854,15.520523159057069,15.538260899810275,27586800
1999-06-16,16.93954849243164,16.957286239544132,16.24777635504438,16.318727343494356,61416000
1999-06-17,16.460615158081055,16.57591041511503,16.141335984756207,16.24776237586449,46763200
1999-06-18,15.591475486755371,15.928492590564646,15.43183580600361,15.85754162134164,80073000
1999-06-21,16.123607635498047,16.19455860419111,15.733377307686212,15.822066018552539,31147400
1999-06-22,15.804327011108398,16.212295048432182,15.626949603576316,15.822064751861605,32863600
1999-06-23,16.052650451660156,16.176814598800068,15.751108951463225,15.857535363297435,22939200
1999-06-24,15.626948356628418,16.017178622060683,15.609210617290588,15.999440882722853,26697400
1999-06-25,15.697896957397461,15.981700744197868,15.573732800672284,15.751110167422537,23760600
1999-06-28,16.176822662353516,16.176822662353516,15.697903570375942,15.768854546965212,23692000
1999-06-29,16.815378189086914,16.815378189086914,16.088130820149612,16.17681952367855,43264600
1999-06-30,16.886323928833008,16.992750340149183,16.052650373522976,16.797635252736196,38437200
1999-07-01,17.844161987304688,17.932850665173994,16.81537332402072,16.957275208611613,61648600
1999-07-02,18.021533966064453,18.16343580831693,17.80868120268574,17.8264189329673,37455600
1999-07-06,18.127967834472656,18.660099962686136,18.074754621651305,18.41177163618651,57441400
1999-07-07,18.26986312866211,18.39402724701224,17.986059429576095,18.21664993508348,34634200
1999-07-08,18.660104751586914,18.69558023590552,18.057021518170608,18.11023474464852,37003000
1999-07-09,18.8019962310791,18.833037262592676,18.269864262274975,18.624618908144395,35534000
1999-07-12,18.57140350341797,18.926158107112677,18.44723939212482,18.837469456188998,41699000
1999-07-13,18.553674697875977,18.76652756247876,18.305346355839397,18.411772788140787,46768600
1999-07-14,19.298656463623047,19.31639419934329,18.6201880723238,18.979377220658694,89826200
1999-07-15,19.209972381591797,19.493776221024362,19.08580820184005,19.440563001130755,47663000
1999-07-16,19.050325393676758,19.334129123936375,19.01484992739431,19.298653657653922,32286600
1999-07-19,19.174497604370117,19.298661788672234,19.01485793883882,19.050333420067997,33173000
1999-07-20,18.429508209228516,19.068066722734027,18.340819526797194,19.068066722734027,42724000
1999-07-21,18.606889724731445,18.73105390783261,18.323085877643074,18.500463282073305,28579200
1999-07-22,18.127967834472656,18.589149012257675,18.092492359258422,18.482722586614976,29924600
1999-07-23,18.216655731201172,18.447246310077137,17.915114204978757,18.252131204874395,27393200
1999-07-26,17.844161987304688,18.500458203537562,17.808686516156964,17.844161987304688,35694200
1999-07-27,19.174497604370117,19.33413726990141,18.32308605486987,18.340823795484457,77952200
1999-07-28,19.954959869384766,20.096861806233722,19.014859537760415,19.139023732503254,83384400
1999-07-29,19.724349975585938,20.154489801942017,19.369595479622163,19.529235002805862,72512000
1999-07-30,19.58246421813965,20.36292474857275,19.58246421813965,19.9017435260441,58118000
1999-08-02,20.238767623901367,20.80637548013699,19.724373004187836,19.830799477232013,77483200
1999-08-03,20.699939727783203,20.877317103342612,20.0081679631015,20.52256235222379,75450600
1999-08-04,20.6729736328125,21.098854634690184,20.61973850757779,20.708463716302308,53272800
1999-08-05,20.28257942199707,20.58424508269169,19.732483217201,20.424539732912184,59293200
1999-08-06,20.318063735961914,20.814924683216876,20.01639816084283,20.087378296164967,42893200
1999-08-09,20.850418090820312,21.134338677588932,20.051891440533577,20.40679217399435,54494600
1999-08-10,20.37129783630371,21.134334253517178,20.318062737428352,20.708453462514314,67205200
1999-08-11,21.57796859741211,21.64894875727202,20.885912038778006,20.992382278567867,80989400
1999-08-12,21.560224533081055,21.790910063064636,21.311793962329503,21.418264206937312,48030000
1999-08-13,22.642669677734375,22.66041471666677,21.84414292577666,21.84414292577666,46873400
1999-08-16,22.305511474609375,22.553941992226346,22.039335920019766,22.500706881308425,35343600
1999-08-17,22.429719924926758,22.57168017761617,22.00383916685853,22.518445082857642,32726200
1999-08-18,22.287761688232422,22.660407385249048,22.16354645589355,22.270016655041154,32524600
1999-08-19,21.950607299804688,22.234527846932316,21.808647026240873,22.00384240239112,32120600
1999-08-20,22.695911407470703,22.731401495676288,21.86189433463949,22.128069996181367,35718000
1999-08-23,23.547670364379883,23.565415406101344,22.695908361749712,22.85561373724287,49839000
1999-08-24,23.60089683532715,23.991287610046847,23.352466342323705,23.370211377538237,61735000
1999-08-25,23.760602951049805,23.955798344971797,23.104036626039466,23.49442741388345,48070800
1999-08-26,23.015310287475586,23.813836858744978,22.962075182724295,23.689621614325294,43461800
1999-08-27,23.565406799316406,23.707367081239997,23.22825112974787,23.387956446911915,40881200
1999-08-30,23.352468490600586,23.88481959600941,23.03305782735529,23.583153969611075,34043600
1999-08-31,23.33473014831543,23.70737602901096,22.802378890178954,23.370220232191194,43185000
1999-09-01,23.68962287902832,24.168738847368218,23.618642735570557,23.76060302248608,53947000
1999-09-02,24.22197914123535,24.417174577538347,23.281492039048192,23.352472197703825,50979600
1999-09-03,25.3576602935791,25.410895409660792,24.701093861904905,24.7188389005988,48828400
1999-09-07,24.878551483154297,25.370976450099757,24.772081220030955,25.26894244793989,39605600
1999-09-08,24.39943504333496,25.1624719210538,24.292964781327683,24.701100785688922,44545800
1999-09-09,24.91403579711914,24.93178083686068,24.27521436642378,24.50589988306377,39662000
1999-09-10,24.807579040527344,24.949539435609047,24.38169785528224,24.931794386223835,32576600
1999-09-13,23.95578956604004,24.878531090065284,23.867064419499147,24.57686559182626,36046600
1999-09-14,24.36393165588379,24.38167668986477,23.867070704416385,23.95579587432128,36912800
1999-09-15,23.565406799316406,24.594618843262452,23.49442665835461,24.594618843262452,46949000
1999-09-16,23.458942413330078,23.68962792874104,22.820120986038184,23.38796225474209,56585200
1999-09-17,24.026775360107422,24.09775549411069,23.334719053575522,23.44118925458043,51575200
1999-09-20,23.867076873779297,24.31070283797594,23.725116565236373,24.044527259457954,20707200
1999-09-21,23.281492233276367,23.778353348010924,23.263747193464418,23.778353348010924,38608600
1999-09-22,23.512155532836914,23.76058585544802,23.104020002832954,23.370195348487712,42055400
1999-09-23,22.00383949279785,23.61863739105963,21.71991898321336,23.600892359210597,73686000
1999-09-24,21.484804153442383,21.613455675319287,20.619733575304604,21.347280112815355,124564000
1999-09-27,22.19904899597168,22.64267507502787,21.506992312644027,21.77316796007774,71235400
1999-09-28,22.00383949279785,22.216779874986216,21.365018346232752,22.145799747590093,50034400
1999-09-29,21.347272872924805,22.128054258135688,21.258547715514478,22.003839037761228,46331800
1999-09-30,21.09884262084961,21.648938601712803,20.832667146238386,21.347273063820083,46111600
1999-10-01,21.27630043029785,21.43600577130926,20.885909596714402,21.081105013506125,37753600
1999-10-04,21.861881256103516,21.950606423539,20.903649447800277,21.06335474918415,41334800
1999-10-05,21.631200790405273,22.19904199245037,21.294045076691003,22.039336654375187,39542200
1999-10-06,21.844139099121094,22.163549743949833,21.613453633411446,21.826394063297275,36667600
1999-10-07,21.471494674682617,22.092570966925503,21.20531912086424,21.8086503761859,35291000
1999-10-08,21.489242553710938,21.80865326053736,21.240812003957053,21.54247767151534,36361800
1999-10-11,21.719928741455078,22.057084498062633,21.59571346270493,21.631203542347826,24459000
1999-10-12,21.77316665649414,22.66041876148575,21.50699102499666,22.23453775108978,88521800
1999-10-13,20.47776985168457,21.014557146323614,20.2648294372823,20.619730127952746,120722000
1999-10-14,20.82379913330078,20.8681617219955,20.016400019056906,20.553187342263,51861200
1999-10-15,20.122873306274414,20.81492979564364,20.10512826808546,20.477774070053503,48653200
1999-10-18,19.696989059448242,20.158359974354237,19.040422757466633,20.034144728033393,58185800
1999-10-19,18.49032974243164,19.803462564830816,18.45483966615058,19.76797248854976,84401400
1999-10-20,19.856698989868164,19.874444029179934,19.040427181526844,19.16464245670922,65099000
1999-10-21,20.35354995727539,20.513255231569616,19.271103098170073,19.4308083724643,53021200
1999-10-22,20.850418090820312,21.11659364091589,20.566497504051696,20.690712760762967,61746200
1999-10-25,20.229333877563477,20.761684769078304,20.10511866954335,20.726194709643984,35013800
1999-10-26,20.28257942199707,21.18757640408093,20.229344305403902,21.081106170894593,56708600
1999-10-27,19.714740753173828,20.087386617995296,19.288859764806435,20.06964157681332,72186600
1999-10-28,20.495525360107422,20.513270403709246,19.909938921247207,20.193859618876402,73409000
1999-10-29,21.986099243164062,22.163549600251745,21.489238243318546,21.56021838615362,84593000
1999-11-01,21.57796859741211,22.234535076116263,21.560223557447134,22.039339636501513,45868200
1999-11-02,22.00383949279785,22.199034843137184,21.737664015062393,21.879624269854638,40676400
1999-11-03,22.651437759399414,22.917716416445643,22.083376624367453,22.26089572906494,50480200
1999-11-04,23.16623878479004,23.219494506134385,22.775696828264845,22.84670445672397,43687000
1999-11-05,23.39701271057129,23.823058465543756,23.237245552456613,23.39701271057129,39674400
1999-11-08,23.326005935668945,23.61003644934528,22.935463979363988,23.166238771726007,26942400
1999-11-09,22.740190505981445,23.361507186472743,22.54491954925561,23.361507186472743,33702800
1999-11-10,22.438404083251953,23.148480161835877,22.225381259676777,22.438404083251953,34175200
1999-11-11,22.562681198120117,22.846711803289214,22.189891028835678,22.66919267505853,32186200
1999-11-12,21.639572143554688,22.54491929640234,21.160270709694164,22.473911676571152,87515200
1999-11-15,21.0360164642334,21.652895428057963,21.018264551605352,21.63958149358693,39333800
1999-11-16,21.746091842651367,21.870355224609376,20.911751992361886,21.1602787562779,55737400
1999-11-17,21.231285095214844,22.36740737455744,21.16027745275593,21.888105787959784,47086400
1999-11-18,22.296398162841797,22.296398162841797,21.484248309378412,21.497562241402402,37706400
1999-11-19,22.68693733215332,22.828952589318597,22.083372489200883,22.15438011778352,46497200
1999-11-22,22.86445426940918,23.112980946250584,22.402904726703714,22.97096570234121,36870800
1999-11-23,22.438404083251953,23.148480161835877,22.154373651818386,22.908829485313802,41043600
1999-11-24,23.343769073486328,23.361520989131566,22.47392520686973,22.704700110257807,33626800
1999-11-26,22.793447494506836,23.36150849125467,22.775695588358467,23.29050086666119,14182200
1999-11-29,22.420663833618164,22.811205879809453,22.225392810522518,22.79345396861894,32651200
1999-11-30,21.78159523010254,22.633686975045425,21.746091407396584,22.278648747985887,34865800
1999-12-01,21.675073623657227,22.030111684650795,21.302283659613984,21.604066011458514,45556600
1999-12-02,22.030115127563477,22.18988227997933,21.444302235372025,21.47980604701999,31118400
1999-12-03,22.349645614624023,22.72243557324762,22.296389906249225,22.438405128582023,36542200
1999-12-06,22.11888313293457,22.544929035976647,21.923612094040283,22.385161822335867,28640000
1999-12-07,21.92361068725586,22.27864891700899,21.675083926428666,22.22539318254602,33654200
1999-12-08,21.16027069091797,22.012362128136143,21.01825545138161,21.710579744121375,52680200
1999-12-09,20.805240631103516,21.479813279552264,20.485706218680424,21.479813279552264,53826600
1999-12-10,20.521207809448242,21.01826128580166,20.343688710750595,20.87624600684354,56234800
1999-12-13,21.0360164642334,21.35555089153821,20.041909357062874,20.23718039597137,47804800
1999-12-14,20.574453353881836,21.30228129823831,20.55670145279997,21.19576989174712,41743400
1999-12-15,22.420663833618164,22.504985411773102,20.485705513852228,20.50789540284037,82046800
1999-12-16,22.793447494506836,23.041974180584013,22.54492080842966,22.651432245319878,50160200
1999-12-17,23.308258056640625,23.574536709229818,22.864460302325305,23.112987044741885,69469600
1999-12-20,23.024221420288086,23.627786206941746,22.47391235010387,23.53902667949268,36251400
1999-12-21,23.539024353027344,23.64553577543923,22.722436781202866,22.8822039148207,34670400
1999-12-22,23.432512283325195,23.752046541734174,23.183985637895987,23.592279412529685,24926600
1999-12-23,23.61004066467285,23.840815498237323,23.43252156193095,23.68104830576961,21641600
1999-12-27,24.160348892211914,24.178100801757992,23.46802441991488,23.69879924401389,28611000
1999-12-28,23.574533462524414,24.284609771636596,23.539029647068805,23.98282734026392,23457400
1999-12-29,23.823062896728516,24.10709345287431,23.414768972268938,23.468024701546273,16024200
1999-12-30,23.769804000854492,24.24910550049831,23.50352538994126,23.947323074796646,14885400
1999-12-31,23.379261016845703,23.823058682313544,23.272749577133425,23.80530677569483,11572000
2000-01-03,24.710657119750977,24.81716857285335,23.645542588727228,23.649980565939828,57710200
2000-01-04,23.556781768798828,24.95918249203553,23.36151078201903,24.266858084361715,51019600
2000-01-05,23.75204849243164,24.391117061734732,22.864453257288456,23.574529445403,52389000
2000-01-06,22.367406845092773,23.681048199487112,22.20763965334211,23.21949853442964,55171200
2000-01-07,23.290502548217773,23.290502548217773,21.976861398394515,22.012365213254604,41096400
2000-01-10,24.35562515258789,24.781671073624416,23.894075404798325,24.35562515258789,53619800
2000-01-11,25.47398567199707,26.2373176468374,25.07456777818527,25.154451356947632,105481800
2000-01-12,25.91779136657715,26.911898432692436,25.34973018593984,25.811279895207655,97326600
2000-01-13,25.86453628540039,26.414845568068486,25.367482739764696,26.326086006347825,76104200
2000-01-14,29.27290153503418,30.284760472267017,27.906004374210873,27.977012018928967,184405200
2000-01-18,29.00661277770996,30.03622326798363,28.474055627568404,28.487369556321944,102100600
2000-01-19,28.420808792114258,29.006621840296503,28.36755306046133,28.687087450378915,45568000
2000-01-20,27.16040802001953,28.633815775353924,27.10715231801949,28.332033464020373,70002000
2000-01-21,27.817232131958008,27.90599164737587,27.160411717865827,27.26692313636726,55558200
2000-01-24,28.065773010253906,29.78770848273628,27.906005801466886,29.037690197041638,74832600
2000-01-25,28.846851348876953,28.9178589829665,27.675225386399493,28.22553455059345,51382600
2000-01-26,27.408946990966797,28.740340141434743,27.373443173620984,28.616076780724402,49306200
2000-01-27,27.8704891204834,28.722580507606455,27.12490915675072,28.22552719845134,61482000
2000-01-28,26.69887351989746,28.048018724360364,26.43259486112189,27.621972870319446,53922800
2000-01-31,28.101259231567383,28.136763033502397,26.37932483771897,26.59234764932908,68453200
2000-02-01,28.811338424682617,28.8290903275937,27.44444190052947,27.941495182039706,48051400
2000-02-02,28.420808792114258,29.237396677459202,28.314297328808397,28.687087450378915,52080600
2000-02-03,29.60131072998047,29.725611374917396,28.624662805476014,28.891021330340863,56126000
2000-02-04,29.761125564575195,30.7555307147042,29.61906768598534,29.654582155632806,55953800
2000-02-07,30.666746139526367,30.720017846775107,29.583554758801924,29.814398823546476,42810000
2000-02-08,30.915348052978516,31.270492775011583,30.68450398365702,30.915348052978516,38026000
2000-02-09,29.72560691833496,30.93309871669026,29.69009245367745,30.72001192874521,38615200
2000-02-10,30.577938079833984,30.719995864177,29.317175243789727,29.654562481604387,43539200
2000-02-11,30.080739974975586,30.89757234737752,29.9031677201056,30.471398935689553,37756000
2000-02-14,31.217227935791016,31.234985175799995,30.01417492518246,30.20506525527902,34374200
2000-02-15,31.820964813232422,32.0695661008358,29.903183451720643,31.2349760638816,62771400
2000-02-16,30.45365333557129,32.06956147174446,30.40038163877437,31.643387897369117,46050000
2000-02-17,31.252727508544922,31.927502307024874,30.64898163622076,30.933097340843897,48669600
2000-02-18,29.938688278198242,31.394781065156877,29.88541659087049,31.252723232282865,50370000
2000-02-22,30.329362869262695,30.34712010747655,28.85551209751281,29.796645722847074,45793600
2000-02-23,30.986364364624023,31.57235291707823,29.63681497109312,29.9209306328891,40842000
2000-02-24,32.460208892822266,33.09946902419075,31.32374643705606,31.9452493425532,85347800
2000-02-25,32.17610168457031,32.77984752191876,32.05180107099857,32.3536739896728,46299000
2000-02-28,31.92749786376953,32.549000881139904,30.75552074529968,31.714411114956828,47422200
2000-02-29,32.10508346557617,32.85088739563933,31.625638081964137,32.158355174866394,44414200
2000-03-01,32.92190170288086,33.20601735943215,31.96301136202025,32.06955473322699,40813000
2000-03-02,32.88640594482422,33.25930795607763,32.42471774041524,32.77986251303753,36469800
2000-03-03,33.88080596923828,34.022863855901754,32.8508862909281,33.24154547925266,34285000
2000-03-06,33.34807586669922,33.77424936020336,33.15274634884315,33.525648155659276,28032000
2000-03-07,32.88640594482422,34.09389817174001,32.72659079714419,33.472394819651,39924200
2000-03-08,32.65556335449219,33.08173710136974,31.892002058003246,32.99295090410358,46391200
2000-03-09,33.6321907043457,33.66770516126687,31.820953401366157,32.30039856980192,38375800
2000-03-10,34.14715576171875,34.27145638071617,33.34808035387822,33.49013820416098,43497600
2000-03-13,34.69762420654297,35.65651453773709,33.73873387534884,33.75649110370429,67439200
2000-03-14,33.49014663696289,35.69204387078229,33.47238940120628,35.30138468413691,56785000
2000-03-15,34.14715576171875,34.98174563212997,33.72098221087047,33.82752559858253,48895600
2000-03-16,35.5322265625,35.62101273581959,33.98734714673913,35.01726675724638,54972800
2000-03-17,36.8995361328125,36.93505060454764,35.23035596126083,35.31914214059868,60851000
2000-03-20,38.35561752319336,39.030392275916206,36.91728186607361,36.91728186607361,65163600
2000-03-21,39.332275390625,39.45657603520034,38.10702617981095,38.35562746896163,51231000
2000-03-22,40.930419921875,41.30332179534978,39.634141980748375,39.88274322973156,53693200
2000-03-23,40.52203369140625,40.823906860886495,39.616414182965535,40.45100471035208,45593800
2000-03-24,39.50983428955078,41.05471320334445,39.10141802498464,39.81170718075184,46898000
2000-03-27,40.539764404296875,40.84163737620798,39.50984485307076,39.66965995584723,35766200
2000-03-28,38.55094909667969,40.50424453686152,38.39113401521026,39.95377036735573,44857800
2000-03-29,37.46775436401367,39.1191767127593,37.361210986675246,38.78178935118761,61325400
2000-03-30,36.08269119262695,37.89392864422535,34.96398570781617,36.86400930900273,71646800
2000-03-31,37.485511779785156,38.32010157308213,36.43783523075279,36.82849428293435,58442200
2000-04-03,37.11262893676758,37.78740400834517,35.72756431616094,37.32571580147629,50071600
2000-04-04,37.71636199951172,38.071506651107875,33.809770831954005,37.36121734791556,87341800
2000-04-05,36.8995361328125,38.07151370007218,36.295790113315086,36.8995361328125,62101800
2000-04-06,36.88177490234375,37.396734686728905,36.08269937484954,36.72195979684491,55134000
2000-04-07,38.87059020996094,38.9238619187914,37.3079534176007,37.32571065387752,51357200
2000-04-10,37.254676818847656,39.50984552999811,37.18364788306339,39.06591468134645,44849000
2000-04-11,37.14812469482422,38.14252956237209,36.22030943894249,36.93503793749253,53071200
2000-04-12,34.626583099365234,37.46773863572341,34.591068655160754,36.91726475055401,60169600
2000-04-13,34.413516998291016,36.72195725101436,34.306973602011475,35.05277737596825,69414600
2000-04-14,31.394790649414062,34.306977112368756,30.791044675386868,33.86304624911347,92800400
2000-04-17,34.94624710083008,35.01727605835209,31.128440634021914,31.252741309685437,88873400
2000-04-18,36.65092086791992,37.2191521992055,35.58548712175946,35.976146162018296,98558000
2000-04-19,33.827518463134766,35.72754180988302,33.79200400805536,35.68758804791869,87377800
2000-04-20,32.77982711791992,33.91628916317825,32.67328380117695,33.507873115663536,45799000
2000-04-24,32.99292755126953,33.09947091257611,31.35926267790204,31.536834946746335,58320200
2000-04-25,35.51445388793945,35.58548279571533,33.95181791687012,34.018407517910006,51342400
2000-04-26,34.32473373413086,35.51446842641578,34.27146203149123,35.30138161585729,47572000
2000-04-27,35.60325622558594,35.95840092609053,33.24154396723036,33.40135908245743,61088400
2000-04-28,36.0294189453125,36.66867921245457,35.76306050066998,36.36680630852637,44336400
2000-05-01,36.118221282958984,37.21917001429795,35.8696199565276,36.34906537178812,42389800
2000-05-02,34.431278228759766,36.26027341058661,34.34249205488467,35.76307083688611,43871400
2000-05-03,33.83591079711914,34.279951621228314,32.93006751593642,34.137858557513376,58988600
2000-05-04,33.97799301147461,34.2799406754553,33.26752791975533,33.74709185666584,40984800
2000-05-05,35.06145095825195,35.203543971253985,33.81813709448415,33.81813709448415,34217400
2000-05-08,33.427371978759766,34.86606333384985,33.391848735424205,34.7417319821754,40937800
2000-05-09,33.23200607299805,33.88918631067893,32.68139560358974,33.64052351804292,43054000
2000-05-10,30.141483306884766,33.107675241033114,29.875058881661857,32.53930313389092,97225600
2000-05-11,32.841251373291016,32.9655827738389,30.230291961785454,30.443431505581827,70267600
2000-05-12,32.681392669677734,33.96022977414338,32.610346163874084,33.14319495740144,38429400
2000-05-15,33.5694694519043,33.60499270000155,32.04196978372241,32.55705688113258,41105400
2000-05-16,34.635189056396484,34.91937522301307,33.729345650306115,34.031293452336236,44468400
2000-05-17,35.00818634033203,35.647605268922575,34.20891267959386,34.77728506056323,65543200
2000-05-18,35.2213134765625,35.94954033109556,34.99041227878372,35.203551845964135,50141400
2000-05-19,33.49842834472656,35.132498020079076,33.05438767207642,34.63517246671092,71968000
2000-05-22,33.6405143737793,33.693799243431535,31.651212573429095,33.391851648735525,59249600
2000-05-23,31.22494888305664,34.06680998731663,31.207187251155016,33.462914502661384,50385800
2000-05-24,33.35634231567383,33.58280310615564,31.118376856794754,31.153900118046803,75482200
2000-05-25,32.73466873168945,34.741731980024184,32.272866568355795,33.72931954502348,50488800
2000-05-26,33.40962600708008,34.06680631662923,32.50378287770151,32.68139917757966,30851000
2000-05-30,35.73638916015625,35.771912409818434,33.85365692806054,33.88918017772272,41768000
2000-05-31,35.434452056884766,36.358056822277256,35.38116716657366,35.87849280947731,54089600
2000-06-01,36.85536575317383,36.94417386342244,35.84295329633966,35.860714918389384,45978400
2000-06-02,38.13423538208008,38.24080520615669,37.51257807496653,37.74347936046585,42657400
2000-06-05,37.67240905761719,38.36511247734706,37.28165328238495,37.69017068376411,39176000
2000-06-06,36.81985855102539,38.38288197239068,36.80209692123715,37.31718418509617,47425200
2000-06-07,36.64223861694336,36.766570013123,35.718633959608866,36.731046757071674,39753400
2000-06-08,35.86073303222656,37.3704716690464,35.80744813916233,36.83762273840411,34394000
2000-06-09,36.10938262939453,36.3758069970487,35.66534201663759,36.35804537253842,27519200
2000-06-12,35.541015625,36.37581209395302,35.416684236006994,36.32252721295602,25947000
2000-06-13,37.37044906616211,37.47257838276402,35.274577873287996,35.38114759495956,39126600
2000-06-14,35.93177032470703,37.3171771884377,35.80743893950043,37.1928458032311,37008800
2000-06-15,36.446861267089844,36.961948487726104,35.94953567475139,36.016141780868146,33411000
2000-06-16,35.82521438598633,36.85538911795817,35.77192948605675,36.73105768478916,44086200
2000-06-19,38.79141616821289,38.84470108053187,36.48240330105736,36.50016493849702,61221200
2000-06-20,39.306480407714844,39.857090842707684,38.631538584175225,38.631538584175225,58579400
2000-06-21,39.50185012817383,39.57289662121011,38.64929221173843,38.75586195129285,32891400
2000-06-22,38.098697662353516,39.32425017456908,38.08093603174169,39.21768039089817,29696200
2000-06-23,38.187503814697266,39.07558529876,38.11645729597225,38.43616663023483,30321600
2000-06-26,38.13423538208008,38.99123438402948,37.69019444842754,38.59603795307872,29904800
2000-06-27,37.334922790527344,38.791375534972275,37.299399552857956,38.06314916274981,33370400
2000-06-28,37.619136810302734,38.56050331216583,37.228380903868995,37.49480538552836,30631800
2000-06-29,37.44150161743164,38.18748979007496,37.08626915426815,37.24612376269172,47136200
2000-06-30,37.99214172363281,38.116473183223945,36.837635313143736,37.19286805483268,41431200
2000-07-03,38.89795684814453,38.89795684814453,38.00099482950011,38.11644538635533,15083800
2000-07-05,37.405982971191406,38.22301773694392,37.33493646982162,37.832261979410106,42005200
2000-07-06,38.826900482177734,38.88018534102793,37.10402337935466,37.370447673605646,44906200
2000-07-07,39.59066390991211,39.750518542119025,38.684820994072936,39.14662326489291,37286800
2000-07-10,39.16439437866211,39.78605143229167,38.93349318731399,39.14663274855841,31349400
2000-07-11,39.44858169555664,40.14128529129132,38.96901766774033,39.28872701961787,42782000
2000-07-12,40.12351989746094,40.42546759035905,39.43081636669468,39.85709546255084,29824200
2000-07-13,40.69187545776367,41.20696248887461,39.85707923492872,39.89260247845361,45176000
2000-07-14,41.68654251098633,41.79311228306384,40.656368047570396,40.92279247776417,37471800
2000-07-17,41.57999801635742,41.91746916642611,41.02938719256115,41.66880621374392,46580000
2000-07-18,40.63860321044922,41.15813080831008,40.19456252851686,41.15369040149075,50683600
2000-07-19,39.25318908691406,41.52667696163125,39.2176658388716,41.189206105227925,72188400
2000-07-20,40.54979705810547,40.70965171142257,39.18215169083691,39.484099369324774,60488400
2000-07-21,39.27096176147461,40.4254676477233,39.23543850343619,40.38994438968488,32086600
2000-07-24,39.2176628112793,40.354406660881594,39.11109307537908,39.2709476792294,39835400
2000-07-25,40.034706115722656,40.33665376610743,39.12886316456833,39.426370408329795,29623200
2000-07-26,39.50185012817383,39.821559346837105,38.809146821070065,39.50185012817383,46639800
2000-07-27,38.933494567871094,39.89262262748105,38.649308476134806,39.35977370547552,39223800
2000-07-28,36.69551086425781,39.608416857354754,36.58894113280304,39.217661175353946,55433800
2000-07-31,37.9388313293457,38.4006335833546,36.659994318244166,37.192843072869806,30470700
2000-08-01,36.731056213378906,38.29407988203333,36.517916622198754,38.11646355604987,25001100
2000-08-02,35.98507308959961,37.58362026534687,35.91402654845528,37.086294477336615,33226800
2000-08-03,36.99139404296875,37.169066444712115,34.36184249716694,35.143601064837746,34941100
2000-08-04,35.56999969482422,37.6665331433703,34.930379320691515,37.6487659107555,34939700
2000-08-07,35.783226013183594,36.600519159462856,34.752725959179294,35.6055535900794,30634400
2000-08-08,35.037010192871094,36.0319759995652,34.96594120667866,35.676631068603015,24900100
2000-08-09,36.13858413696289,36.88480858816862,35.72993741368357,35.7477046625218,30071900
2000-08-10,35.25020217895508,36.84925368908913,35.25020217895508,35.925357261011676,16678400
2000-08-11,36.28071212768555,36.458384567096346,34.57505670934186,35.17914300333858,22509600
2000-08-14,38.05744552612305,38.09298002241261,36.174117222776154,36.63606567454049,25665000
2000-08-15,38.590450286865234,39.08793307141046,37.52441574855404,37.986364048488895,34464300
2000-08-16,38.69704818725586,39.51434121600415,38.412772351169494,39.01685850285301,24609500
2000-08-17,39.83414077758789,40.65143358569184,38.91024455973126,38.945779029648826,40495900
2000-08-18,40.11842727661133,41.46873749495609,39.9407548794607,40.3671686326222,35795600
2000-08-21,40.97126770019531,42.108371400460925,40.1184399249961,41.31772898386999,46024300
2000-08-22,41.00679016113281,41.85961768614771,41.00679016113281,41.20222980228206,31693500
2000-08-23,42.42817687988281,42.57031482587907,40.18950423044176,40.61591806843054,36177000
2000-08-24,42.21495819091797,43.11220372485793,41.50426865908433,42.392630573876374,23352900
2000-08-25,41.4687614440918,42.32158944294202,41.29108894433134,42.00177894337319,20844200
2000-08-28,42.001766204833984,43.103335369258566,41.50428335638418,41.64642131308412,42760500
2000-08-29,42.10835266113281,42.60583530860612,41.575335538839994,41.68193896329856,23023100
2000-08-30,41.788551330566406,42.28603408450172,41.362137541478994,41.93068926026221,21770400
2000-08-31,42.57032012939453,42.99673402050699,41.859630310873754,42.001768274577906,28530700
2000-09-01,42.03728485107422,43.03225017299314,41.75300904481167,42.99671569721032,18322000
2000-09-05,39.37220764160156,40.58038007825721,38.80365590670479,40.402707661101964,58396000
2000-09-06,37.355621337890625,38.945789285448875,36.95585844604638,38.69704793052356,62344900
2000-09-07,38.34172058105469,39.05241048987868,37.66656516767189,37.87088851645879,34716000
2000-09-08,37.169071197509766,38.341709198960835,36.92032980326257,38.19957125939101,29681800
2000-09-11,36.77817153930664,38.021877823244544,36.35175795624222,37.275654052881805,30507800
2000-09-12,36.92033386230469,38.05743750387711,36.707126929509855,36.99140283990296,28997300
2000-09-13,34.82380294799805,35.99644121053267,34.39738903434909,35.0725443976266,70068400
2000-09-14,33.89989471435547,35.74768771765367,33.68668782935952,35.53448083265772,50489200
2000-09-15,32.70060729980469,34.042034005121316,32.19424092759907,33.93543055834118,75675900
2000-09-18,31.732297897338867,33.686694744319425,31.55462545670427,33.189211910542554,50767100
2000-09-19,34.32632827758789,34.397397280233,32.30086170220227,32.51406871013759,58855100
2000-09-20,35.85429382324219,36.10303520754615,34.36184551741843,34.823793802554356,70335900
2000-09-21,34.9570426940918,35.78321930668406,34.32630571028481,35.285736615230654,57112300
2000-09-22,27.25494384765625,28.143305772286507,26.437650876996415,26.579788784937257,308734400
2000-09-25,25.798030853271484,28.543069260179507,25.442686075678214,28.46311668522102,130214700
2000-09-26,24.625396728515625,26.43765536221591,24.341120864405777,26.40212087920218,112681600
2000-09-27,24.945201873779297,25.975701666285847,24.696460544553577,25.371615581023388,80365100
2000-09-28,25.265018463134766,25.336087432088732,24.723117574860776,25.08734604074985,66739000
2000-09-29,23.630435943603516,24.94521207881153,23.523832473181244,24.90967758867077,72985600
2000-10-02,22.81313133239746,24.41218259401411,22.670993442475982,24.41218259401411,66785700
2000-10-03,22.919742584228516,24.163449546163395,22.813139130348382,23.745919351799543,81206500
2000-10-04,23.879167556762695,24.30558126313346,23.16847804614476,23.310615948268346,63726000
2000-10-05,23.310623168945312,24.092381872781893,23.0263472766411,23.95024392662979,52072400
2000-10-06,22.70652961730957,24.021305197654566,22.315650390720517,23.523822545632136,69734600
2000-10-09,22.20905113220215,23.04411145477295,21.60496494140625,22.990809732055666,56544700
2000-10-10,21.356225967407227,22.848674371119543,21.285156995801877,22.280122598276755,68882800
2000-10-11,20.112512588500977,21.67602946817243,19.89930574127305,21.03640892648865,122056600
2000-10-12,21.107479095458984,21.88923758047598,19.8993068913418,21.107479095458984,100212800
2000-10-13,22.955280303955078,23.168487241762712,21.00088337405178,21.09860322054695,80908800
2000-10-16,20.29018783569336,22.28011869173334,20.11251543783265,22.244584212161197,92057900
2000-10-17,20.574464797973633,20.823206168588165,19.899309649162753,20.681068242522716,78642100
2000-10-18,21.711566925048828,22.635463389944523,20.041446392352764,20.60999806305781,16790000
2000-10-19,23.843639373779297,24.05684628323187,23.239553130330343,23.88805747991525,64250700
2000-10-20,24.483240127563477,25.229463701843354,23.52380981777507,23.665947641447428,59899600
2000-10-23,24.625396728515625,25.584827769886367,24.09237948330966,24.83860362659801,43746200
2000-10-24,23.879167556762695,25.30054657799857,23.665960703577316,24.803063920566014,46937000
2000-10-25,23.488292694091797,24.76753405110739,23.390572868208665,23.87917199762434,53225900
2000-10-26,25.40716552734375,25.58483801354895,23.70150965977382,23.87918214597902,50811900
2000-10-27,26.366586685180664,26.72193151921275,25.49599184180206,26.082310817954998,50197800
2000-10-30,25.584827423095703,26.224448108673098,24.945206737518312,26.126728281709884,49111200
2000-10-31,25.584827423095703,26.686396381590104,25.407155010435318,25.975706730948556,55793900
2000-11-01,25.513771057128906,26.47320255927721,25.122891556253673,25.193960556412808,47654600
2000-11-02,26.54426383972168,27.21941914488194,26.3665913909953,26.43766037048585,65511800
2000-11-03,26.129024505615234,26.87556806291853,25.880176653180804,26.80446867650869,31103600
2000-11-06,26.484535217285156,26.946681469398857,26.377886082181995,26.52008492898621,24583500
2000-11-07,26.2712345123291,26.626731596393093,25.773538594639508,26.591181887986693,21043200
2000-11-08,24.28044891357422,26.342331837420932,24.138250091239964,26.306782131837366,38074100
2000-11-09,23.533910751342773,24.1027061773571,22.71626732644718,24.067156463231207,48864700
2000-11-10,21.045429229736328,22.183019998911266,21.045429229736328,21.6142246143238,94080100
2000-11-13,21.72087287902832,22.60961563185272,20.47663302507416,21.045428386881778,81393300
2000-11-14,23.285064697265625,23.462813282740935,22.431871486984136,23.03621667760019,48677100
2000-11-15,23.605012893676758,24.387106694370864,23.178416275116334,23.71166204831686,41961500
2000-11-16,22.751819610595703,24.422656363248826,22.61850816756487,23.462813973426822,39523700
2000-11-17,23.605012893676758,23.74721176653023,22.467421910848962,22.822919092982648,40986100
2000-11-20,23.391706466674805,24.422647937090563,23.10730881966356,23.320607054921993,37495900
2000-11-21,24.244905471801758,24.671502049018212,23.56946089120904,24.138256327497643,36760300
2000-11-22,23.427270889282227,24.955909202239944,23.35617143286559,24.03161626882365,36702700
2000-11-24,24.991445541381836,25.02699525054454,23.889404557337972,24.35155077645314,20684000
2000-11-27,24.991445541381836,26.591182453703574,24.88479641389372,25.844638561286764,52923300
2000-11-28,23.907180786132812,25.38249380118785,23.88940593052974,24.564850443446502,49700800
2000-11-29,24.316011428833008,24.74260812056692,23.285069423809386,24.10271308296605,61411300
2000-11-30,21.649776458740234,22.147472469285987,20.938782157960585,21.89862446401311,78955300
2000-12-01,19.410152435302734,21.8986335167518,19.2324037866278,21.8986335167518,1155400
2000-12-04,18.73470115661621,20.10336528285857,18.237005110709898,19.97894127138199,82755800
2000-12-05,20.476634979248047,20.76103268729316,19.3390441470676,19.69454128212399,75071400
2000-12-06,18.05924415588379,20.08557666943768,17.774846610121838,20.08557666943768,102012000
2000-12-07,18.379199981689453,18.91244562912725,17.88150404408084,18.450299401347827,68263600
2000-12-08,19.33903694152832,19.836732745170593,18.770241737365723,19.76563334465027,88021400
2000-12-11,21.294281005859375,21.720877620334022,19.51679511221502,19.97894144456255,73069600
2000-12-12,20.76103973388672,21.569795990643435,20.68994028274327,21.009887812888785,48167200
2000-12-13,20.19223976135254,21.543129041161336,20.014491171904012,21.472029605381923,48719800
2000-12-14,19.97893714904785,20.832130194558793,19.62344004675163,20.22778512065521,33708000
2000-12-15,18.450298309326172,19.76563749515482,18.379198893875976,19.658988371979525,80843900
2000-12-18,18.91244888305664,19.623443201968545,18.441415146777505,19.445694622240566,38556100
2000-12-19,19.019088745117188,20.61882518162237,18.947989347939178,19.196837238062205,54732300
2000-12-20,18.165897369384766,19.410136915233036,17.91704946021511,18.734692590343975,63150800
2000-12-21,18.841346740722656,19.59677809589314,17.988153680765404,18.201451945754716,51590000
2000-12-22,18.73470115661621,19.90784183625252,18.20145539314516,19.125748049828314,45424100
2000-12-26,18.699146270751953,19.26794159457711,18.201450362404945,18.841345101708242,28436200
2000-12-27,18.521400451660156,19.161295284922886,18.379201599823993,18.592499877578238,33621500
2000-12-28,17.59710121154785,18.592492795231365,17.09940541970609,18.27254550047595,49339500
2000-12-29,17.099422454833984,17.881516621167346,16.957223515500644,17.59711874250067,54053600
2001-01-02,17.6682071685791,18.13035343254596,17.206060904612244,17.454908892902093,50342900
2001-01-03,19.472354888916016,19.694540590523914,17.13496130800095,17.13496130800095,78291900
2001-01-04,19.223506927490234,20.121137163124313,18.592499534123704,19.33904349247284,68769000
2001-01-05,18.237003326416016,19.694541603965835,18.059254755983112,19.374594177186605,44974700
2001-01-08,18.165897369384766,18.37919557724447,17.4193536418758,17.91704946021511,45070800
2001-01-09,18.343656539916992,18.73470348165941,18.130358208057494,18.503630288811618,40814400
2001-01-10,18.77023696899414,18.983535116369076,17.703746232119475,17.98814376195272,51494300
2001-01-11,18.983545303344727,19.48124124762717,18.201451676615168,18.414749938450502,64954600
2001-01-12,18.272550582885742,19.232392734126822,18.094802036359614,19.09019389690592,51374500
2001-01-16,17.845947265625,18.41474239759711,17.632649091135455,18.30809331035234,60301100
2001-01-17,17.348257064819336,18.80579505592096,17.134958822219097,18.77024534882092,7427400
2001-01-18,18.308095932006836,18.37919533368453,17.063856402647147,17.59710191522987,86633300
2001-01-19,19.090192794799805,19.69453781809887,18.379198649742087,18.983543673041147,81348900
2001-01-22,18.983545303344727,19.267942985791837,18.48584935906228,18.592498489979945,45756600
2001-01-23,20.121129989624023,20.41441501155759,18.628042605234963,19.019089301146384,84553900
2001-01-24,20.61882972717285,21.080975910712933,20.014484717928127,20.29888236933741,73579100
2001-01-25,19.623437881469727,20.512180539144985,19.516788762548696,20.369981713916946,45890400
2001-01-26,20.405534744262695,20.51218388055675,19.19684453293006,19.410142805518174,48063700
2001-01-29,21.080989837646484,21.258738487205054,19.76564983091306,20.050047670206773,49092800
2001-01-30,21.045429229736328,21.720873748933947,20.93878009512618,21.25872749895663,60806400
2001-01-31,21.045429229736328,21.95194687392261,20.761031537442594,21.223177787419914,71894200
2001-02-01,21.507572174072266,21.57867158621796,20.761028346542485,21.080975701198106,50297000
2001-02-02,20.298891067504883,21.74754222512454,20.19224190252675,21.427594730190137,47151200
2001-02-05,19.741147994995117,20.0968443552653,19.163141409556072,19.954565811157227,39185100
2001-02-06,20.16798973083496,20.45254690516773,19.62555261726312,19.670014675752615,40329200
2001-02-07,19.88343048095703,20.523684056372463,19.278746548620234,19.919000124035666,53148000
2001-02-08,19.70558738708496,20.559259042843156,19.670017734761704,20.132423214964057,42899000
2001-02-09,19.06532859802246,20.239126813945482,19.0297589551157,19.527733955810316,40892100
2001-02-12,19.670011520385742,20.02570793124263,19.136466904100416,19.172036545186103,30482000
2001-02-13,18.460647583007812,20.0612817665056,18.42507793448564,19.421028093106486,41910800
2001-02-14,19.421037673950195,19.66113291991936,18.17609936151749,18.53179602221255,47442300
2001-02-15,20.38140296936035,20.772668994950166,19.990136943770537,20.16798513722045,58334500
2001-02-16,19.563297271728516,20.096841742775656,19.1364616948908,19.77671506014737,41543900
2001-02-20,17.891530990600586,19.42102568761018,17.855961346484083,19.385456043493676,52397300
2001-02-21,17.50027084350586,18.638499841457463,17.35799221876191,17.64254946824981,51582200
2001-02-22,17.07343292236328,17.962674220403034,16.860015010833738,17.606977701187134,58517400
2001-02-23,17.037857055664062,17.50026236197645,16.21975535988061,17.28684452829381,63558300
2001-02-26,16.78887176513672,17.473587403863164,16.184187824443235,17.393555705830202,60349600
2001-02-27,16.504318237304688,17.57140777850973,16.504318237304688,16.7888754482927,40787300
2001-02-28,16.255329132080078,17.180139979857064,15.935202300157275,16.71773455596857,48601400
2001-03-01,16.57545280456543,16.64659208698846,15.401654644585475,16.077477827604238,56268300
2001-03-02,16.682157516479492,17.71367685118718,16.14861303301,16.2197522974726,54626200
2001-03-05,17.286846160888672,17.500264014726806,16.788871168599698,17.00228902243783,33275700
2001-03-06,17.927104949951172,18.70963730887761,17.891535297272696,17.998244255308123,59734200
2001-03-07,18.745206832885742,19.172042662097564,18.033813784199378,18.638497875582786,77832700
2001-03-08,18.92305564880371,19.172043223130075,18.602928767526958,18.745207381427736,64903100
2001-03-09,16.753299713134766,17.411338024584857,16.504312243937434,17.180135374615908,95273400
2001-03-12,15.792919158935547,16.717729740314656,15.686210245699495,16.219754811879753,59597600
2001-03-13,16.717729568481445,16.860008118000437,15.792918996608003,16.077476095645984,52027200
2001-03-14,16.539878845214844,17.002284060242356,15.935195102486558,16.14861289403772,57451000
2001-03-15,16.21976089477539,17.037862869731168,16.184191243690357,16.931153916476067,40752100
2001-03-16,15.864066123962402,16.397610948759343,15.757357159003014,16.184193018840567,59068600
2001-03-19,15.401668548583984,15.792934955129997,14.441287368880133,15.650656261840538,76656300
2001-03-20,14.014443397521973,15.615077795716106,13.97887374422877,15.579508142422902,64431100
2001-03-21,14.547986030578613,15.223809342512583,14.014441310630742,14.085580606623791,68549500
2001-03-22,16.326473236083984,16.397612553016813,14.832547580494602,14.868117238961014,94022700
2001-03-23,16.397611618041992,16.931156464616027,15.75735780215315,16.895586808177757,84795800
2001-03-26,16.1130428314209,16.82443545090968,15.864055414599825,16.78886581993524,64433900
2001-03-27,16.717729568481445,16.904470164725122,15.970767183506743,16.14861537040548,72645800
2001-03-28,15.330513000488281,16.682159158303953,15.259373729024299,16.32646280098404,73000000
2001-03-29,15.117097854614258,15.686212126787971,14.654692508473117,15.294946064668544,64852600
2001-03-30,14.97481918334961,15.22380667570934,14.405704915098791,15.152667392177989,47297100
2001-04-02,14.681375503540039,15.294952069102889,14.26343204583781,14.832546541432336,44925500
2001-04-03,14.227855682373047,15.010387744903564,14.138931584358216,14.40570387840271,57239500
2001-04-04,12.876212120056152,14.281213166305372,12.769503179834691,14.05001046249221,84555800
2001-04-05,14.5835542678833,14.690263201550739,13.712097976265884,13.801022087655417,67714900
2001-04-06,13.445326805114746,14.361245231653648,13.08963032878896,14.263428700664056,73965900
2001-04-09,13.203451156616211,13.772565411892783,12.662792179903747,13.482317011441815,60543900
2001-04-10,14.096963882446289,14.284771590146038,13.288821394814136,13.362805788847554,55847600
2001-04-11,15.662030220031738,16.10024861531998,15.468531216540818,15.878293237492343,91360800
2001-04-12,16.003490447998047,16.22544462014216,14.97339305027991,15.627874108640091,54027200
2001-04-16,14.967707633972168,15.252264821579999,14.523799116023646,15.235192085043225,59342200
2001-04-17,14.819733619689941,15.212421618394337,14.330295082436235,14.370132900957046,74191900
2001-04-18,17.801898956298828,18.319791891843625,16.27667217917929,16.629522501946,49959200
2001-04-19,18.49052619934082,18.507598935132787,17.32953240350985,17.523031369481682,85981400
2001-04-20,18.456388473510742,18.53606417801555,17.79052428236327,18.19459516720914,62659300
2001-04-23,17.25554656982422,17.8132783610403,16.874239919605174,17.682382323703774,58508800
2001-04-24,16.583982467651367,17.665299991799287,16.447395230869272,17.039274342423877,50134100
2001-04-25,16.52138328552246,16.709190901601815,15.650638291609619,16.504309471151963,64640600
2001-04-26,16.2994384765625,17.278316083892197,16.276674461659344,17.20433059308253,53730100
2001-04-27,17.175870895385742,17.204326178087396,16.53277108553363,16.84578462274908,42007500
2001-04-30,17.591325759887695,18.012470279468527,17.375062768670343,17.557179200326967,41266300
2001-05-01,17.744983673095703,17.875879698812728,17.141722831769943,17.51164690186123,37209500
2001-05-02,18.177520751953125,18.49622462618744,17.75637607533993,18.149064370459012,45022200
2001-05-03,17.31191635131836,17.76749375483019,17.14677034360279,17.73332471639556,37080900
2001-05-04,17.585264205932617,17.68207432050205,16.68550005894957,17.02718288014637,35393400
2001-05-07,17.744709014892578,18.0408340744501,17.27774315968687,17.682066882937907,33647800
2001-05-08,17.92694664001465,18.109177184403254,17.59665350676537,17.932641480299257,41514400
2001-05-09,17.04426383972168,17.647902676449714,16.68549657227178,17.647902676449714,61622800
2001-05-10,16.520349502563477,17.39164029481178,16.457707361434025,17.357471261734197,49116200
2001-05-11,15.911012649536133,16.651324171006735,15.825592256470943,16.531735837951317,47531600
2001-05-14,15.609203338623047,16.03061183779195,15.210573119478962,15.973664508459947,41994500
2001-05-15,15.489609718322754,16.002133337684842,15.335852306660248,15.728787552182341,47310800
2001-05-16,16.150190353393555,16.229915908524745,15.09097444125985,15.375709808076074,59906400
2001-05-17,16.286869049072266,16.62285698949053,15.945186268930684,16.3893739917327,56376100
2001-05-18,16.37798309326172,16.59438155574292,15.939490242820337,16.24700504791311,34775000
2001-05-21,17.027183532714844,17.089825693419286,16.053388595471915,16.155893554377442,44417800
2001-05-22,16.81648063659668,17.329004368599275,16.742448791223733,17.19233144581057,39665300
2001-05-23,16.400758743286133,17.226491844693605,16.264085880479673,16.725358014403255,53488500
2001-05-24,16.634246826171875,16.74244661664359,16.013524456446017,16.423543171557153,47217900
2001-05-25,16.571605682373047,16.827866970847765,16.33242782808883,16.765225901849778,29592100
2001-05-29,15.859764099121094,16.526045066870093,15.819901311626799,16.49187603229256,37797600
2001-05-30,15.14792537689209,15.77434355185813,15.034030768287543,15.56933369084174,47272800
2001-05-31,15.3814058303833,15.70600399976469,15.284595754762595,15.392795506616162,38761100
2001-06-01,16.366594314575195,16.55451967707173,15.48391481203865,15.523777603147067,60601900
2001-06-04,16.229921340942383,16.799392265185976,15.979353830144916,16.582993791892427,37894700
2001-06-05,16.930368423461914,17.055652707937725,16.429234544097074,16.434929383044107,51625800
2001-06-06,16.98162078857422,17.477060912276407,16.543127967830134,16.77091717966254,72646300
2001-06-07,17.733327865600586,17.78458034617468,16.89620582652346,16.918984103345384,75686000
2001-06-08,17.465665817260742,18.183199005150495,17.084120417815694,18.160419656560762,68334700
2001-06-11,17.27204132080078,17.374546191113122,16.753823219714025,17.18092612189622,41072800
2001-06-12,17.158159255981445,17.203716888561875,16.514657560010424,16.91328765972391,54088900
2001-06-13,16.54882049560547,17.158154053947445,16.514652553074143,17.01578635952439,41032400
2001-06-14,15.723085403442383,16.57159656369267,15.694611218493591,16.264081883320287,41913100
2001-06-15,15.76294994354248,16.11602118706129,15.438351801985792,15.569329808898278,54910400
2001-06-18,15.688920021057129,16.25269706585951,15.620584133685494,15.871151588466626,27854300
2001-06-19,15.18779468536377,16.39507392746979,14.885974603292276,16.247011307180756,60427600
2001-06-20,15.654755592346191,15.751565693008978,14.954306615528168,14.982779727296215,43070200
2001-06-21,15.529472351074219,15.996438334752327,15.347241829266139,15.57502998152624,45895500
2001-06-22,15.66614818572998,16.116029735193365,15.529475268696304,15.643368823134473,30366800
2001-06-25,16.275480270385742,16.338122424629493,15.643367146448744,15.945187151410845,28358600
2001-06-26,16.497577667236328,16.554524995477706,15.962275605835234,15.996443568308083,34780200
2001-06-27,16.315338134765625,16.634241477306293,16.138802491631605,16.5146531311708,33729600
2001-06-28,16.87911605834961,17.36886134887904,16.628549660283852,16.64563309104592,54522800
2001-06-29,16.657024383544922,17.522620441253263,16.372288923997147,16.975927794108152,49436600
2001-07-02,17.1182918548584,17.39163866293336,16.605768354759277,16.84494613296278,38578300
2001-07-03,17.346086502075195,17.477065660316118,16.8848152865408,17.049962401367296,22120800
2001-07-05,16.993005752563477,17.653591676801057,16.970226403227414,17.129678590042374,35630900
2001-07-06,16.1900577545166,16.998706470655783,16.116025929742005,16.594381569496427,37375700
2001-07-09,16.457706451416016,16.75952637650238,16.007825069231547,16.24700285665221,30139400
2001-07-10,15.825599670410156,16.611469175423082,15.637673196976477,15.825599670410158,41241500
2001-07-11,15.979350090026855,16.229917542176636,15.375711355746288,15.74586715263024,50333800
2001-07-12,17.141071319580078,17.192323778541237,16.543126327093017,16.71396821902333,49223400
2001-07-13,17.192325592041016,17.300524273546056,16.657022678747595,17.089820663306163,42796300
2001-07-16,16.588693618774414,17.511237331731152,16.383684749590685,17.101218507183706,65739200
2001-07-17,17.027183532714844,17.0499628952182,15.990746434767475,16.269787108354862,104487600
2001-07-18,16.45201301574707,17.169546439193102,16.241309403016576,16.44062442389261,71663500
2001-07-19,17.06134796142578,17.209410528533883,16.75952907394119,16.85064433274932,54602300
2001-07-20,17.04426383972168,17.101211145717798,16.474792952119508,16.748138717485464,50444200
2001-07-23,16.5146484375,17.215097058821343,16.46339599338585,17.067034563178133,35057400
2001-07-24,16.44631576538086,16.850640586868025,16.19005456426695,16.349505688645564,38032700
2001-07-25,16.75383186340332,16.787999809075853,16.05338300312968,16.497569555410813,35538100
2001-07-26,16.958847045898438,17.027182958745392,16.40076463135628,16.571606585833177,46221000
2001-07-27,16.63993263244629,16.9986997637999,16.520344312781155,16.862026932962987,35482900
2001-07-30,16.537437438964844,16.936066465022847,16.40076345074988,16.80508840301149,30514600
2001-07-31,16.975927352905273,17.323304952102713,16.531740742710046,16.6057714823494,50354000
2001-08-01,17.51123046875,17.64220851726406,17.243579532284805,17.437199728427135,45023900
2001-08-02,18.28571891784668,18.354054847375725,17.841531031187806,17.88708867960051,74140400
2001-08-03,18.052082061767578,18.280013258119826,17.80705678648846,18.262917005479967,35671500
2001-08-06,17.25432586669922,17.482255972649334,17.11756780312915,17.33979952057345,54176800
2001-08-07,17.44806671142578,17.664600040152738,16.96371455746965,17.066283376761124,44101300
2001-08-08,16.872541427612305,17.77286610234517,16.74717906240043,17.317004833417595,49096000
2001-08-09,16.89533042907715,17.11186478630516,16.627512762880595,16.809856798321327,35734300
2001-08-10,17.0662841796875,17.2030422495581,16.51925081334858,16.82125889693148,33800700
2001-08-13,17.41387176513672,17.50504378326391,17.140355710755138,17.476552935170233,30830500
2001-08-14,17.294214248657227,17.579127165152876,17.231533059234096,17.499350809471657,27561900
2001-08-15,16.96941375732422,17.522144425997915,16.923827733999136,17.25432667482012,33348300
2001-08-16,17.185943603515625,17.197340378744734,16.570531870275644,16.75857431413074,38692500
2001-08-17,15.995010375976562,16.741481885705,15.835459844134553,16.62181898682349,60330900
2001-08-20,16.0690860748291,16.342602165304207,15.898137703139914,15.995008121040222,36548500
2001-08-21,15.425185203552246,16.245734711548725,15.413788425988947,16.1431658871921,35088800
2001-08-22,15.932329177856445,15.955122732021874,15.385296920163949,15.721494236108642,42316100
2001-08-23,15.767082214355469,16.1659607669014,15.738591354969309,15.892443517253831,32548500
2001-08-24,16.570537567138672,16.60472681772378,15.869651952432214,15.983616483334801,38858200
2001-08-27,16.610422134399414,17.03209310312965,16.297018373825576,16.536345257359656,27995600
2001-08-28,16.245731353759766,16.901030712215846,16.20014533978516,16.65030709192736,54856600
2001-08-29,16.012107849121094,16.479364908606055,15.806970179354375,16.445175659263814,37922200
2001-08-30,15.459371566772461,15.858250012259278,15.31691513436379,15.670207564954083,44788800
2001-08-31,15.932329177856445,16.02919960934655,15.390995308705305,15.396693697246663,38127600
2001-09-04,15.29981803894043,16.006401673834112,15.29981803894043,15.704393705454864,54390700
2001-09-05,15.65311336517334,15.778475728996494,15.009210729273697,15.351106405467872,71243200
2001-09-06,14.872458457946777,15.738594217860408,14.701510009964005,15.248543521909335,81642600
2001-09-07,14.752782821655273,15.373892744629227,14.661610822581661,14.906635977662978,72749200
2001-09-10,14.855359077453613,14.872454243464594,14.507764976559267,14.547653697251551,51654400
2001-09-17,13.442193984985352,14.245648471849105,13.390909563538157,13.823977407505177,81412400
2001-09-18,13.37381362915039,13.94933792491716,13.219961460465543,13.607442163777133,56115100
2001-09-19,12.695717811584473,13.499172013803191,11.88656522157301,13.425094059353897,86255200
2001-09-20,11.778302192687988,12.690023911691744,11.681431739665275,12.228464118953495,70338800
2001-09-21,10.997633934020996,11.823881510458103,10.803893137985483,10.83238507084724,116397800
2001-09-24,12.14299201965332,12.376620597783562,11.11160724155224,11.396520247745887,79136200
2001-09-25,12.35382080078125,12.513371294101367,11.846676298117353,12.285441241603898,65914600
2001-09-26,11.909358024597168,12.450692924883736,11.806789215123386,12.376614968327619,48082100
2001-09-27,11.709927558898926,12.171487547024899,11.151498163600175,11.915065331399358,58791700
2001-09-28,11.64724063873291,11.954946031521663,11.453499763442876,11.818187958409267,72640600
2001-10-01,11.402213096618652,11.556066306033534,11.225567422951386,11.516177591593266,44631700
2001-10-02,11.134393692016602,11.442098977003688,11.037523288309226,11.39651296860352,52207600
2001-10-03,12.097403526306152,12.336730446398589,10.87227806575114,10.99763937175893,75582600
2001-10-04,12.27974796295166,12.866669043297797,11.966344146245055,12.3823168009594,67181500
2001-10-05,12.513374328613281,12.564658738718785,11.709920019435698,12.256953364942246,49112300
2001-10-08,12.672921180725098,12.83247273957968,12.120190741426137,12.182870818201517,36853400
2001-10-09,12.222764015197754,12.667227449807978,12.023324765045139,12.558961328834782,42528700
2001-10-10,13.140185356140137,13.21996172367035,12.177180337888684,12.211369588626384,52538600
2001-10-11,13.966431617736816,14.063302055043936,13.305433723237591,13.328226191915213,76342800
2001-10-12,14.257044792175293,14.319724904369588,13.80688179327583,13.852467823442904,64736500
2001-10-15,13.89236068725586,13.972137085185224,13.464991086185114,13.955041909873838,44391600
2001-10-16,14.222845077514648,14.302621392854306,13.772683462256184,13.977821006192483,53540600
2001-10-17,14.000618934631348,14.946529621804004,13.96073130480037,14.895245215776635,91448800
2001-10-18,13.704305648803711,14.023408776736613,13.504867552415789,14.017710390146085,49862900
2001-10-19,13.7612886428833,13.99491706246501,13.453583370179441,13.670116629722443,42197000
2001-10-22,14.416594505310059,14.456483230356728,13.539063204559254,13.744200871658471,46022200
2001-10-23,14.245645523071289,14.815471343994142,14.182964334975697,14.484972411333148,41881700
2001-10-24,14.51916217803955,14.7755842414124,14.200060011175093,14.353913249198802,41092700
2001-10-25,14.872458457946777,14.940836967654434,13.852469420905699,14.245649655723577,56318500
2001-10-26,14.73569107055664,15.100379124254099,14.55904434354782,14.821164697284967,45505200
2001-10-29,13.778389930725098,14.752791662308365,13.772691541511227,14.587542722532524,46369900
2001-10-30,13.41369915008545,13.903748573317877,13.242750766938544,13.544758816365261,52532700
2001-10-31,13.915144920349121,14.41089380327031,13.356715943711547,13.635930432030335,64549300
2001-11-01,14.781283378601074,14.79837745912035,13.818277353558972,13.977828988497306,54534000
2001-11-02,14.986417770385742,15.231443032807684,14.530557575314528,14.78697961432736,49877700
2001-11-05,15.374189376831055,15.55667325664425,15.197409307915564,15.254435452376985,42474800
2001-11-06,16.109832763671875,16.126940942243714,15.225930870119154,15.277254318150865,63152300
2001-11-07,16.132633209228516,16.5831374093753,15.824692720684073,15.91593410521211,59713700
2001-11-08,16.126941680908203,16.765631815937603,15.927350605830071,16.46339492777835,64845900
2001-11-09,15.89884090423584,16.13835003600659,15.73916887484476,16.069919477034446,40852500
2001-11-12,16.183963775634766,16.406365715370434,15.265846740443333,15.744864796927407,47878400
2001-11-13,17.13629722595215,17.1419999513697,16.50901265759231,16.571740461818102,68022300
2001-11-14,17.860525131225586,18.01449543800459,17.0507566990381,17.375804399338087,78499200
2001-11-15,17.552593231201172,17.95177435207174,17.370109221098154,17.57540305266154,58207300
2001-11-16,17.467039108276367,17.649522968968853,17.193314948762325,17.467039108276367,39647000
2001-11-19,17.672338485717773,17.849118593268184,17.056458383838244,17.569691620790607,47857300
2001-11-20,17.079275131225586,17.558293273157414,17.010843501942247,17.512671461845954,41297200
2001-11-21,17.569692611694336,17.586800786041564,16.811247618570494,16.845463967264948,55275700
2001-11-23,17.71225357055664,17.82060314221262,17.29026181867104,17.438529367336248,17574100
2001-11-26,18.174171447753906,18.316735240593978,17.854825332248332,17.92325695348059,53246100
2001-11-27,18.425085067749023,18.812861698402966,17.62101817907913,17.96887681910993,80781000
2001-11-28,18.11144256591797,18.56194702311723,18.025903855075953,18.20268400250728,61282400
2001-11-29,18.430782318115234,18.487807383897174,17.76928154835739,18.242596773057976,45961000
2001-11-30,18.624677658081055,18.767242552026982,18.065823534857145,18.379465866464653,42399600
2001-12-03,18.271108627319336,18.750126529826957,18.231189562374283,18.413673453358907,43008300
2001-12-04,18.73872947692871,18.761540381401435,18.157064465079753,18.3623582545991,44357600
2001-12-05,19.736675262451172,19.873536280000085,18.841368310921524,18.852773758278378,75429600
2001-12-06,19.48006248474121,19.83362273027801,19.24625620013939,19.673950782364706,58338000
2001-12-07,18.95542335510254,19.673949239740285,18.675995292796937,19.48006095731947,59279300
2001-12-10,18.79005241394043,19.172125264326716,18.733025154307573,18.755836058160714,41557600
2001-12-11,18.926908493041992,19.46865535210952,18.847072525985777,19.0181499090158,46751600
2001-12-12,19.4344425201416,19.46865669388547,18.88129017403333,18.983937045999134,50047800
2001-12-13,18.57334327697754,19.229142273272622,18.533425304197806,18.97822681538132,51006500
2001-12-14,18.972536087036133,19.263367509533413,18.40227651907725,18.584759406794685,46155500
2001-12-17,19.371719360351562,19.44014990343311,18.818566850742364,18.875591940749032,39108700
2001-12-18,19.280471801757812,19.57700696163905,19.023854627306065,19.47436009185835,39780800
2001-12-19,18.847076416015625,19.36601248435618,18.841374778063486,19.00675055845169,39961400
2001-12-20,18.236896514892578,18.93261372341289,18.225491065120607,18.733021615454103,49423400
2001-12-21,18.48210334777832,18.67028995608513,18.23118895771917,18.373754866713707,57817500
2001-12-24,18.259714126586914,18.47641340117732,18.248308672622375,18.33955012897077,8673800
2001-12-26,18.413677215576172,18.886991403542787,18.259706910950776,18.276813997453466,23231600
2001-12-27,18.630386352539062,18.80716767111652,18.453607209330073,18.482119763844253,22443900
2001-12-28,18.385162353515625,18.99533968240499,18.316729665428888,18.784342157187712,27584200
2001-12-31,17.934656143188477,18.482104571173302,17.91184524818077,18.333838104356584,27975400
2002-01-02,18.818572998046875,18.818572998046875,18.094342806471765,18.191287013908468,42357300
2002-01-03,20.255615234375,20.31264030728371,19.04666585070015,19.103690923608863,91464500
2002-01-04,20.40958595275879,20.72892984806715,20.141563318881733,20.64339223698118,65032900
2002-01-07,20.113054275512695,20.671908364743025,19.970489390238605,20.540748931334964,48808800
2002-01-08,20.289831161499023,20.512231986733042,19.930567118615663,20.15296794384968,35636600
2002-01-09,20.164379119873047,20.974146680220784,19.976192414081787,20.506533998116495,59083800
2002-01-10,19.759485244750977,20.227097687956157,19.673945481207802,20.204286794295772,51679400
2002-01-11,19.702465057373047,20.021811156735968,19.537089282236856,19.856435381599777,39583200
2002-01-14,19.86783790588379,20.067427828980502,19.44584498586458,19.55989730279142,58696400
2002-01-15,19.776599884033203,19.947677301122386,19.44014668776527,19.92486639874586,57115500
2002-01-16,19.223447799682617,19.725276783842105,19.2063407102869,19.366012678960065,76428600
2002-01-17,19.691055297851562,19.816513055036815,19.160713911126265,19.417331062020256,50498800
2002-01-18,19.092281341552734,19.55989379936717,18.90979853730157,19.132199319022263,51643600
2002-01-22,18.077220916748047,19.1550106857356,17.99738387215699,19.132199790800062,52957100
2002-01-23,18.504919052124023,18.59616047446922,18.031603765826986,18.054413577571513,49429000
2002-01-24,18.932613372802734,19.16071583791658,18.567647688326925,18.772939254319265,53902500
2002-01-25,19.206342697143555,19.48006703262838,18.676001117339318,18.74443165736861,35832800
2002-01-28,19.34319305419922,19.565595992897542,19.001038368360383,19.29187180915319,29919400
2002-01-29,18.636079788208008,19.559899527176455,18.533432908837376,19.326093229802737,44733000
2002-01-30,19.30898666381836,19.32609375238696,18.510622508318114,18.744428812014036,47008900
2002-01-31,19.981895446777344,20.044624346254984,19.571307868645558,19.736683662656148,63035000
2002-02-01,19.770891189575195,19.998995806289585,19.423034803367674,19.8564309646848,39369800
2002-02-04,19.377418518066406,19.748088081751412,19.194935642969398,19.748088081751412,38594200
2002-02-05,19.28612518310547,19.62277657534529,19.057888316095536,19.28612518310547,40974500
2002-02-06,18.78399658203125,19.286121064870795,18.56146475913883,19.269003902078566,51612200
2002-02-07,18.43593406677246,19.000822168503966,18.316107405108244,18.71552453180977,46596000
2002-02-08,18.55576515197754,18.601411658227757,17.905285568882167,18.550057978290635,60722800
2002-02-11,19.154876708984375,19.1891131974624,18.327513405602495,18.395986382558544,37651700
2002-02-12,18.812530517578125,19.103533205856227,18.62423299596097,18.892413523119224,37593400
2002-02-13,19.046478271484375,19.229068656125584,18.863887886843166,18.943770908042563,36786800
2002-02-14,19.023649215698242,19.599949566308776,19.006532051582134,19.189122390982412,44874100
2002-02-15,18.424530029296875,19.211950286808236,18.230527463681934,19.069301405522225,47587600
2002-02-19,17.882455825805664,18.356048767437873,17.791160669789324,18.11069371584652,44224000
2002-02-20,17.939516067504883,18.02510514260138,17.089329223341263,17.973751479878654,63430900
2002-02-21,16.821144104003906,17.505858692598093,16.821144104003906,17.311856262107202,76409400
2002-02-22,16.849679946899414,17.17491910044816,16.64426528641634,16.838267779467202,56059600
2002-02-25,17.699871063232422,17.979462702233647,16.963802412705657,16.980920667947366,52400300
2002-02-26,17.1292724609375,17.939517891666686,16.975211457103782,17.83110447174767,61576000
2002-02-27,17.055095672607422,17.728398399587356,16.70703322856855,17.431688538829363,57714000
2002-02-28,16.290494918823242,17.180624345235483,16.261965589959985,17.180624345235483,64454700
2002-03-01,17.67703628540039,17.694154530534533,16.541552144607053,16.59861187339705,58489400
2002-03-04,18.1734619140625,18.19057907784556,17.04938839047365,17.65992632240999,57664400
2002-03-05,18.65846061706543,18.995111820560208,18.48728251861756,18.550046152618606,68035700
2002-03-06,18.80681800842285,18.87529100229931,18.333225105674877,18.73834719119443,44898700
2002-03-07,18.818235397338867,19.17771109669976,18.281876522987424,19.12065025263133,55171900
2002-03-08,19.497243881225586,19.542892558269866,18.738353126878575,18.938060647325493,70218400
2002-03-11,19.069293975830078,19.445888965281128,18.920940154819217,19.297532967621926,40275400
2002-03-12,18.823944091796875,18.841061258076834,18.43593902735977,18.527234208600923,37674800
2002-03-13,17.882455825805664,18.29328511620331,17.71698267532348,18.26475361142153,56552400
2002-03-14,17.671342849731445,18.059347977180757,17.574341567869116,17.836816072806716,39862300
2002-03-15,18.110698699951172,18.173464545107247,17.574338694504615,17.614281288537647,49693300
2002-03-18,18.04222869873047,18.401703355178167,17.82540181717675,18.21911298439048,38894600
2002-03-19,18.099287033081055,18.35034933235623,17.83681365208953,18.093580948060662,33498000
2002-03-20,17.420269012451172,17.522975217542438,17.129265377216424,17.448798332478113,51105500
2002-03-21,17.916690826416016,17.968044486538226,17.38033098087521,17.454508973640216,36841700
2002-03-22,17.454505920410156,17.808274307897893,17.380327940620734,17.74550958075749,33576400
2002-03-25,17.117855072021484,17.671331994220235,17.09503074286331,17.51727212569822,42929400
2002-03-26,17.55721664428711,17.711277627728446,17.08932869901262,17.123564110335995,37563100
2002-03-27,17.351808547973633,17.403162228500744,17.089335148234635,17.386043972216868,38028800
2002-03-28,17.351808547973633,17.831108840676993,17.334690291689757,17.580046523469395,33005100
2002-04-01,17.785451889038086,17.945218931997406,17.129267646570348,17.19773845903581,32592200
2002-04-02,17.134971618652344,17.631388757021995,17.12926553692899,17.448798495169996,37849000
2002-04-03,17.043684005737305,17.283334102209256,16.76409131958312,17.163508509811138,42763300
2002-04-04,17.454505920410156,17.505859571549326,17.089325368597294,17.146384013575137,43744800
2002-04-05,17.146387100219727,17.517274889285222,17.0037382854481,17.50586272290571,32757200
2002-04-08,17.07791519165039,17.14068101441882,16.261963848956853,16.570085791648406,45247300
2002-04-09,16.23914909362793,17.254809580875342,16.2106197509957,17.06651308985851,61982800
2002-04-10,16.69561767578125,16.769794581774203,15.982373590631626,16.347554213964518,60569500
2002-04-11,16.513038635253906,16.79833646404663,16.267682328360188,16.45027276465556,42024500
2002-04-12,16.199199676513672,16.632852220597275,16.016609360757236,16.632852220597275,40682600
2002-04-15,16.039430618286133,16.387492932822585,15.83972209060684,16.096489264774,42941400
2002-04-16,16.838266372680664,17.0037384333263,16.535850490938095,16.5929102350078,60448200
2002-04-17,17.483034133911133,17.8482157508836,17.2947377877862,17.80256818480252,63790400
2002-04-18,17.374629974365234,17.648515499004407,17.037978608874628,17.425983646275622,45465200
2002-04-19,17.17491912841797,17.602865612905173,17.152094793516376,17.585747361728977,34806900
2002-04-22,17.1520938873291,17.243389045463758,16.84967908412961,17.083623062890176,34145800
2002-04-23,16.855388641357422,17.311864526107886,16.752681295207477,17.21486326455787,42582500
2002-04-24,16.495912551879883,17.11215552633589,16.478794298472316,16.92385909215001,38224600
2002-04-25,16.59861946105957,16.821151307909496,16.073671675207105,16.353263276930527,49886000
2002-04-26,16.04514503479004,16.80974196044981,16.033732864235173,16.792624792941997,39343600
2002-04-29,15.999489784240723,16.233433727037735,15.69707393920665,16.07366668070057,40652200
2002-04-30,16.324739456176758,16.689920269362155,15.91961603926512,15.982381899653113,45052800
2002-05-01,16.336149215698242,16.575799376999846,15.714201101795434,16.301913789319322,46014800
2002-05-02,15.902497291564941,16.672800356934996,15.845437523083014,16.267678068529978,41815600
2002-05-03,15.165900230407715,15.959598325824711,15.125930034277841,15.902497578879393,50945400
2002-05-06,14.72050952911377,15.417135248253107,14.703378986759908,15.131632743655828,44269700
2002-05-07,14.931781768798828,15.405715914484873,14.594888703769579,14.93178176879883,55914400
2002-05-08,16.547719955444336,16.59340029895212,15.457100801228918,15.554171667321116,58152400
2002-05-09,16.125186920166016,16.4735004450618,15.873944324055646,16.359298967982724,41394900
2002-05-10,15.422846794128418,16.336455107525172,15.371456251623833,16.25080347728038,43997500
2002-05-13,16.28506088256836,16.307900513458176,15.47994401752751,15.531334548411435,40695200
2002-05-14,17.215808868408203,17.33001035934903,16.770425449772482,17.084477916200548,57087400
2002-05-15,17.26719856262207,17.70116268163885,16.844654809946647,16.947435928806684,53419600
2002-05-16,17.569828033447266,17.581248397381945,17.078763275314504,17.255774559878652,37284100
2002-05-17,17.815359115600586,17.9067198422155,17.46704566469012,17.70115766277906,53195200
2002-05-20,17.238645553588867,17.58695794985245,17.084473903759186,17.472757574838738,37234800
2002-05-21,16.599119186401367,17.324295973003014,16.536308272711278,17.244355602201715,48063600
2002-05-22,16.896038055419922,16.941718411905153,16.393553044976798,16.507754480742676,41216600
2002-05-23,16.781845092773438,17.01595717410115,16.23939072176544,16.930306598584746,42332100
2002-05-24,16.364999771118164,16.559141517416304,16.21653837164868,16.439231015405593,26029600
2002-05-28,16.187986373901367,16.342157932011197,15.799702933819676,16.307896859694413,42888200
2002-05-29,15.571308135986328,15.982431384161762,15.559887773482805,15.919620479498095,35346600
2002-05-30,15.656964302062988,15.822555261437685,15.188740162243782,15.422852232153385,40982400
2002-05-31,15.77115535736084,16.233669007925638,15.651243765522333,15.942456386723986,38515500
2002-06-03,15.200155258178711,15.828259956273145,15.097374172568864,15.662669054317291,34869600
2002-06-04,15.702637672424316,15.714058033935066,14.971750872320728,14.977461053076102,49303700
2002-06-05,16.090930938720703,16.10235130710725,15.354333514382688,15.759747879254828,41646700
2002-06-06,15.417145729064941,15.748328815976896,15.245844545495652,15.702648427751328,53854700
2002-06-07,12.562114715576172,12.990368626334451,12.390813586915266,12.75625657558174,151697500
2002-06-10,12.031078338623047,12.727705318788624,11.985397970178244,12.721995136594787,67962100
2002-06-11,11.545716285705566,12.499294314032301,11.522876660788468,12.242342815912698,69932400
2002-06-12,12.322288513183594,12.333708875177615,11.420100608663411,11.482911510524872,76957400
2002-06-13,12.053912162780762,12.544975569999206,11.991101283733235,12.33941457429822,49372400
2002-06-14,12.15098762512207,12.208087257752206,11.454360780335332,11.734153118824585,50410100
2002-06-17,12.881871223449707,12.887581403578714,12.190955764422338,12.36796699199956,53044600
2002-06-18,12.573525428771973,13.127399669408236,12.567815250319411,12.642045391992346,51943800
2002-06-19,11.471488952636719,12.11101385440363,11.431518782414468,11.96826262412105,65481800
2002-06-20,10.986139297485352,11.76270667418647,10.974718932744233,11.488624455035225,76656900
2002-06-21,10.69492244720459,11.21453686433759,10.506490857355319,10.894774397433938,80815300
2002-06-24,11.03752613067627,11.397258785963952,10.500781148862457,10.517911690202084,70345000
2002-06-25,10.460814476013184,11.408682965273815,10.449394111297773,11.300192767795183,68249700
2002-06-26,10.626408576965332,10.786289357850698,9.964042541310182,9.992592369580814,84988500
2002-06-27,10.64924430847168,10.826255574736592,10.203861052120883,10.791995575580163,72620200
2002-06-28,10.432262420654297,11.03181728152173,10.340901700695559,10.683503855987983,63858200
2002-07-01,10.015427589416504,10.717763433616943,9.986876687758638,10.477941305218557,48681300
2002-07-02,9.461553573608398,10.1695997101066,9.398742669134089,9.969747723320287,77807700
2002-07-03,10.13534164428711,10.152472191256994,9.284544082022762,9.290254264346055,63562800
2002-07-05,11.15743637084961,11.197406539958427,10.620691454989432,10.677792163332926,34149100
2002-07-08,10.563593864440918,11.180279300530536,10.318061508469967,10.997557851186315,57648600
2002-07-09,10.255245208740234,10.535038506152802,10.13533472908214,10.437967651098793,53507600
2002-07-10,9.598596572875977,10.437974867191318,9.575756932482145,10.426554502441439,73848000
2002-07-11,10.420842170715332,10.449391987595558,9.427293513624745,9.558624413842914,89828400
2002-07-12,10.272377967834473,10.780571977724806,10.112496204573224,10.734891629522366,74887900
2002-07-15,10.917619705200195,10.934749163861696,9.952620629752138,10.300934143948897,79892000
2002-07-16,10.48365306854248,11.106048660291375,10.358031260490524,10.597853425101158,98863000
2002-07-17,11.100337028503418,11.351578433563656,10.740603284044688,11.020395591342835,96553800
2002-07-18,10.957587242126465,11.27734976598453,10.849095977402838,10.997557421470509,57109500
2002-07-19,10.64924430847168,11.111758108953557,10.563593766027736,10.677795215356818,62042100
2002-07-22,10.426551818847656,10.963296843778929,10.42084163794241,10.546462350540942,77366100
2002-07-23,10.16960334777832,10.700638412379881,10.141053520499007,10.50649653738348,71030900
2002-07-24,10.677790641784668,10.68920991054182,9.724212542377778,9.849833211548617,83101300
2002-07-25,9.981165885925293,10.677792595522527,9.764184492364079,10.426550122105223,80606500
2002-07-26,10.16960334777832,10.392296139160132,9.71850975994981,10.095373143388448,57020100
2002-07-29,10.786285400390625,10.791995581770928,10.27809123770674,10.466522866833799,55085100
2002-07-30,10.8319673538208,10.91190881578476,10.42084403598605,10.603565510579273,60407100
2002-07-31,10.729186058044434,10.831966058381818,10.28380170015936,10.803416239805728,54030300
2002-08-01,10.026849746704102,10.76344688488683,9.969749016060302,10.689215608318136,55134100
2002-08-02,9.541491508483887,10.026845899049816,9.433001359908598,10.026845899049816,55576300
2002-08-05,9.078426361083984,9.724435350570035,9.044124762393881,9.535777920788005,59625800
2002-08-06,9.793039321899414,10.250391513877748,9.244218000018659,9.335688220332118,83272800
2002-08-07,10.13033390045166,10.37616047141794,9.507192482554602,10.28469027158083,71381700
2002-08-08,10.507651329040527,10.530519429823737,9.735871464595226,10.05601724268274,60914400
2002-08-09,10.210373878479004,10.43904943933402,10.073168541965995,10.244674940004485,45576200
2002-08-12,10.021714210510254,10.067449312668892,9.718718477202508,9.833056777804522,35477300
2002-08-13,9.547211647033691,10.284690269362683,9.541494623243755,9.947393498632039,48730600
2002-08-14,10.456199645996094,10.473349630127478,9.558646372342812,9.672984688470018,55038600
2002-08-15,10.639140129089355,10.747760330464686,10.301843294393116,10.484783728721043,51558800
2002-08-16,10.71917724609375,10.873533660136163,10.278976105488836,10.324711218122392,54921500
2002-08-19,11.125076293945312,11.222263545113053,10.541953877349965,10.639141128517707,51720400
2002-08-20,10.844948768615723,11.045040299634547,10.719177478746435,10.965004123391465,45347100
2002-08-21,11.199394226074219,11.24512932952809,10.74775912535772,10.993585715326358,57883400
2002-08-22,10.947854042053223,11.147945591260658,10.799214636653733,11.107927499501415,55744000
2002-08-23,10.267533302307129,10.770620202837687,10.227515249167006,10.770620202837687,48371600
2002-08-26,10.364727020263672,10.416179146934159,10.067449398891913,10.347577038314082,46069000
2002-08-27,9.821622848510742,10.26753982735065,9.804471776089645,10.238955797059681,60623500
2002-08-28,9.627249717712402,9.970263580586035,9.587231633619163,9.781606119567188,55663700
2002-08-29,9.798754692077637,9.975979168113522,9.438590896722138,9.47860897504932,50516700
2002-08-30,9.530061721801758,9.76445427332449,9.518627672846765,9.655832989073907,32857100
2002-09-03,9.06699275970459,9.432874134530016,9.061276280645858,9.415723061737497,58140400
2002-09-04,9.209915161132812,9.244216214522442,8.906919433360414,9.038408258568428,66790200
2002-09-05,8.638224601745605,9.049841025387494,8.592489504141547,9.038407523589164,86969600
2002-09-06,9.272802352905273,9.461459825071788,9.209917255790486,9.375706626889023,77957400
2002-09-09,9.192766189575195,9.341405575438817,8.969807110779762,9.164182153621493,51444400
2002-09-10,9.415721893310547,9.512909112919443,9.204197473839315,9.255649595421128,57279400
2002-09-11,9.50147819519043,9.741587783961624,9.478610096064134,9.564363286965778,45864800
2002-09-12,8.975522994995117,9.364271395640406,8.958372466562134,9.352838436959042,48750200
2002-09-13,9.164180755615234,9.261367989607306,8.941221710832458,8.975522766826451,44670900
2002-09-16,8.975522994995117,9.227066077765599,8.884052783078578,9.141312890395211,41224000
2002-09-17,8.901200294494629,9.347118244254318,8.861182226646433,9.238496995515952,55756400
2002-09-18,8.73541259765625,8.946937579196005,8.575339741800164,8.701111544004084,51894800
2002-09-19,8.5639066696167,8.889769987676168,8.518171562732123,8.586774768264469,56278400
2002-09-20,8.518171310424805,8.67824472498495,8.472436204894894,8.638226098742182,76653900
2002-09-23,8.07796859741211,8.420981796063336,8.060818073780878,8.415265318323135,62986100
2002-09-24,8.19802474975586,8.575339605149574,7.946481149356442,8.003650298139604,84156500
2002-09-25,8.689681053161621,8.855471000895422,8.249480383056968,8.323800090000484,72720800
2002-09-26,8.661091804504395,8.969803973600255,8.420982279073685,8.941219947643784,72311200
2002-09-27,8.358097076416016,8.741128931594227,8.283777405762965,8.569622041256832,65195700
2002-09-30,7.940764904022217,8.169440415464834,7.814993100126064,8.146572864320573,76123100
2002-10-01,8.38668155670166,8.403832081985026,7.9178965341169425,8.032234278014998,68218600
2002-10-02,8.175156593322754,8.69539373690782,8.140854997554287,8.443850700358746,78381500
2002-10-03,7.912181377410889,8.340948427095391,7.889313823235936,8.169441498180491,61416800
2002-10-04,7.837860584259033,8.192307896567389,7.769257931412779,8.089403644695297,65440500
2002-10-07,7.900744438171387,8.152287987304032,7.79784075462194,7.849292323794015,56912400
2002-10-08,7.557732105255127,8.055101691779042,7.483412436665757,8.026517119982307,85399200
2002-10-09,7.694940090179443,7.895031617617528,7.403378337125853,7.431962918932086,81753200
2002-10-10,8.10655689239502,8.243762234909788,7.712090851158098,7.712090851158098,83505000
2002-10-11,8.701111793518066,8.71826232083596,8.08940383698857,8.22660969114802,77757500
2002-10-14,8.632512092590332,8.683963692147792,8.346667328533773,8.529607803064172,48236600
2002-10-15,9.444310188293457,9.46146017431641,8.643944613153614,9.112729798240363,109131100
2002-10-16,7.740674018859863,8.07225380859553,7.672071360142706,7.734956994332068,155210300
2002-10-17,8.135141372680664,8.169442982779332,7.952200906036026,8.129424892002216,103266700
2002-10-18,8.266624450683594,8.28949199299399,7.826423579701961,8.14085269537381,73323700
2002-10-21,8.832601547241211,8.878336657832056,8.089405182331692,8.129423813002823,87945600
2002-10-22,8.643942832946777,8.84403432182459,8.426700816372577,8.489586993268404,74188700
2002-10-23,9.23849868774414,9.30710188120045,8.586773256757654,8.615357284624835,91799700
2002-10-24,8.935501098632812,9.524340745348631,8.901199511206201,9.347117421725972,86356300
2002-10-25,9.48432445526123,9.490041478436027,8.912635222709792,8.969803818841733,69819200
2002-10-28,9.610097885131836,9.878792583560566,9.455742585859566,9.793038306795951,85986500
2002-10-29,9.375701904296875,9.678697548360569,9.17561048238351,9.54720930468427,79050400
2002-10-30,9.71300220489502,9.935960708873486,9.36998836695135,9.478609651889213,80766700
2002-10-31,9.890225410461426,10.01028074208732,9.615814781617825,9.781605218050986,77160500
2002-11-01,10.461912155151367,10.564816387892304,9.667264498512896,9.775885754229511,85017800
2002-11-04,10.730611801147461,10.993588438546405,10.53623729071731,10.787780967228885,80962600
2002-11-05,10.50168514251709,10.742050726679487,10.135413100438393,10.507408262565425,71532500
2002-11-06,10.9595308303833,11.005314728438131,10.438738580669275,10.581813398537397,81286600
2002-11-07,10.553200721740723,10.919471970392651,10.41584900349625,10.690552439985197,66486000
2002-11-08,10.387231826782227,10.805010043753212,10.330001679844251,10.513138368360629,49747500
2002-11-11,9.923666954040527,10.392952063743133,9.883606189784054,10.278491801661248,40879200
2002-11-12,10.181200981140137,10.478795667999101,10.015233726853966,10.02667997023381,54639500
2002-11-13,10.370063781738281,10.433015962379413,10.03240710788624,10.083914132139894,65938300
2002-11-14,10.993866920471191,11.039651903601158,10.64476515669782,10.799286200039225,64924500
2002-11-15,10.759224891662598,10.827901278306019,10.358616092894069,10.576089316045655,73472600
2002-11-18,10.616150856018066,10.976700001766908,10.576090082395798,10.919469857346147,52772600
2002-11-19,10.387231826782227,10.633320694513543,10.307110276013617,10.478799625253286,51321400
2002-11-20,10.9595308303833,10.970977077790568,10.347170784559616,10.438738580669275,64934300
2002-11-21,11.566164016723633,11.657732874831506,11.073987544496887,11.102602062198555,90938900
2002-11-22,11.474596977233887,11.669178766341028,11.222786149097308,11.33724531873013,59559700
2002-11-25,11.720685005187988,11.766468888349898,11.388751579370663,11.474596223852512,53680200
2002-11-26,11.560443878173828,11.846593468311061,11.445983605489312,11.737856318418176,70854100
2002-11-27,11.961050033569336,12.075510281221678,11.6749005060123,11.772191389044645,50910900
2002-11-29,11.949602127075195,12.189967740426571,11.789359112556724,12.127015595397314,20667400
2002-12-02,12.046895027160645,12.642086585906679,11.886651985631984,12.521903213186329,83017000
2002-12-03,11.623396873474121,11.966776624406819,11.531829085435287,11.961053501207624,53659700
2002-12-04,11.257124900817871,11.474598108665543,11.045373724178193,11.10260386042465,75039800
2002-12-05,10.850793838500977,11.531830288198906,10.805009939706324,11.486046389404253,87944700
2002-12-06,10.707717895507812,10.885131439860947,10.518859196336843,10.650488846696232,71640400
2002-12-09,10.118250846862793,10.58753605406686,10.095358353060552,10.558921528388245,71922900
2002-12-10,10.375784873962402,10.587536075770453,10.14114226987937,10.204095536390394,58576400
2002-12-11,10.392951965332031,10.53602674579263,10.164032534909861,10.267046551493324,55585900
2002-12-12,10.410120964050293,10.633317264377194,10.27276931065113,10.53602637343938,54295800
2002-12-13,10.061019897460938,10.301385605246315,10.049573651477324,10.215540943517416,53468200
2002-12-16,10.427289962768555,10.438736207573681,10.072465106401477,10.123972116450567,51245600
2002-12-17,10.238431930541992,10.478797628622797,10.158310395039743,10.410122338642026,52191400
2002-12-18,9.803485870361328,10.072467221905626,9.740533693859351,10.038129571852346,54053300
2002-12-19,9.729081153869629,10.003784359765953,9.528776323563495,9.717634914063906,59466800
2002-12-20,9.734807014465332,9.963726417161185,9.700469376954407,9.82065165402955,69088400
2002-12-23,9.849267959594727,9.958005104972495,9.631794760413202,9.64896412807517,35447500
2002-12-24,9.603180885314941,9.814930976188926,9.60318088531494,9.740532561129601,21515900
2002-12-26,9.551678657531738,9.866442935913266,9.517339902687668,9.666137898954734,29989200
2002-12-27,9.385703086853027,9.637514944583524,9.322750941100663,9.488717078268852,31252300
2002-12-30,9.01943588256836,9.471551700974413,9.007989636134248,9.408599528735072,56796600
2002-12-31,8.910694122314453,9.053768854121875,8.824849501544715,8.990816168609852,49986600
2003-01-02,9.551678657531738,9.574570069186484,8.962209798270829,9.168237961036706,57135100
2003-01-03,9.465824127197266,9.643236476756504,9.351363913019595,9.540222502311302,50271500
2003-01-06,9.832100868225098,9.992343952749222,9.50016736111551,9.55739750197733,57114300
2003-01-07,9.935111045837402,10.101077189163467,9.72908305536145,10.020955678011141,63853500
2003-01-08,9.545948028564453,9.900772817128813,9.494441028357729,9.826374423260084,55719700
2003-01-09,9.763421058654785,9.946556571961631,9.648961908624887,9.660407059526243,58692700
2003-01-10,9.969450950622559,10.01523483764598,9.648963741458598,9.751977760154793,54995200
2003-01-13,9.946562767028809,10.289942614135006,9.86071807814587,10.21554417485631,66865000
2003-01-14,10.181200981140137,10.209815498015894,9.923665962962923,10.049571365419645,80562500
2003-01-15,9.929390907287598,10.307108275565248,9.923667784547142,10.26704750795611,99754800
2003-01-16,9.843547821044922,10.032406535338756,9.792040799730765,9.986622637678865,54420100
2003-01-17,9.35136890411377,9.700471761265737,9.317031258162881,9.666133023740766,67963800
2003-01-21,9.322752952575684,9.49444224759658,9.28841422031237,9.311306708487912,57401500
2003-01-22,9.299860000610352,9.551671900113712,9.242629874599515,9.276967513576471,60169100
2003-01-23,9.5402250289917,9.603178272619616,9.265521752099714,9.460103512791651,51948900
2003-01-24,9.070940971374512,9.437212046800088,9.01371084294579,9.40859752837268,60831600
2003-01-27,9.088109970092773,9.231184202400872,8.859189997668496,8.86491311978117,56559500
2003-01-28,9.173954010009766,9.317028770100894,9.04232494691674,9.214014768183475,58387000
2003-01-29,9.534499168395996,9.551668527609246,8.985092226666989,9.122443825652557,63040400
2003-01-30,9.030879974365234,9.557395755007226,9.019434275757241,9.517333899624846,55537500
2003-01-31,8.962202072143555,9.070939185593843,8.664606881947343,8.80768162906531,65637900
2003-02-03,9.030879974365234,9.145339689380027,8.870636373344524,8.956481023158876,43773800
2003-02-04,8.95075798034668,9.030879503788615,8.773345021978068,8.910696672838768,41066900
2003-02-05,8.927837371826172,9.254465395080402,8.881994861421573,9.036713743901469,50881700
2003-02-06,8.830422401428223,9.002332098438554,8.744467826165987,8.876264914432863,47355000
2003-02-07,8.624130249023438,8.956488709028244,8.532445231985673,8.899185300136736,49537900
2003-02-10,8.750192642211914,8.853337956808826,8.526710125361834,8.635585887015662,52977000
2003-02-11,8.790305137634277,8.899180904973166,8.62985643706124,8.818956827929417,47251200
2003-02-12,8.681434631347656,8.836153534550945,8.658513373075232,8.75592885735451,38401800
2003-02-13,8.899185180664062,8.939297784943925,8.652781837304515,8.78457891090546,54625400
2003-02-14,9.254464149475098,9.28311639772881,8.89918446841543,8.985139573719295,54749800
2003-02-18,9.586824417114258,9.598285318613877,9.271657276676821,9.40345436500726,50500400
2003-02-19,9.615477561950684,9.775925825927537,9.455028205002003,9.735813759933324,51793600
2003-02-20,9.718618392944336,9.798843584776892,9.638394294083154,9.78738268694776,52122900
2003-02-21,9.621209144592285,9.77019652352688,9.409186794155898,9.764467164544127,61341900
2003-02-24,9.477948188781738,9.798845748041524,9.466487288422414,9.55817230535378,49143300
2003-02-25,9.586824417114258,9.621207121613113,9.168511349123703,9.334691141952998,58507600
2003-02-26,9.306037902832031,9.655587710756164,9.231544236915738,9.466487227922302,53413000
2003-02-27,9.569633483886719,9.609745543338732,9.340419841923818,9.386262351722069,50289500
2003-02-28,9.88480281829834,9.907724624822352,9.632668411393674,9.730083903176938,65249200
2003-03-03,9.546708106994629,9.919178496226372,9.500865614365663,9.81603261456839,58274100
2003-03-04,9.52379035949707,9.689969036927481,9.443565152798508,9.563902416360563,50779600
2003-03-05,9.730082511901855,9.793116377857974,9.512330845918859,9.546712457816861,49337000
2003-03-06,9.546708106994629,9.735808525710512,9.495135166165637,9.66131488505266,56422200
2003-03-07,9.174240112304688,9.277386020884482,9.008060896529331,9.088285006326272,91034200
2003-03-10,9.11120891571045,9.225815757104279,9.002333072169417,9.122669818444201,57545600
2003-03-11,9.082555770874023,9.225813744884743,9.05963451689174,9.151319532820873,49677600
2003-03-12,9.265926361083984,9.288847069961637,8.933567885070522,9.059635062812612,61890000
2003-03-13,9.94210433959961,9.947834790134312,9.39772356149134,9.52379128731144,78008100
2003-03-14,9.838956832885742,9.993675693514284,9.672777073031789,9.976484344676164,73086100
2003-03-17,10.348954200744629,10.417718498972839,9.707159184481403,9.741540787109788,77678200
2003-03-18,10.457831382751465,10.480753181641363,10.188506803624328,10.411988877943196,62210200
2003-03-19,10.303110122680664,10.42917780130901,10.12547059448859,10.366143961994837,64608400
2003-03-20,10.469291687011719,10.664122594613504,10.199966030224358,10.240079176001228,68798500
2003-03-21,10.841763496398926,10.89333645438323,10.601090056796043,10.709966422870862,73448400
2003-03-24,10.211429595947266,10.49794558278292,10.205699145053943,10.360418040258416,64780300
2003-03-25,10.33749771118164,10.452103454362593,10.114014489980972,10.274463842000454,60596500
2003-03-26,10.251541137695312,10.34322616138063,10.199968175250861,10.30884455074156,44360100
2003-03-27,10.073899269104004,10.211426773617365,9.982214266095095,10.091090617032467,46430300
2003-03-28,9.867606163024902,10.11400998594286,9.856146358890417,9.982212948140191,37304200
2003-03-31,9.328958511352539,9.638395128735675,9.317497612530932,9.540979674694945,66443100
2003-04-01,9.409184455871582,9.540981539161004,9.328960334386139,9.386262653749066,45993300
2003-04-02,10.039519309997559,10.085361819007847,9.741542454944879,9.741542454944879,56811800
2003-04-03,10.068168640136719,10.314572491190589,9.99940543559278,10.096820886172884,55164700
2003-04-04,9.770193099975586,10.131203795817582,9.655587379956016,10.10255154608401,56633700
2003-04-07,9.94210433959961,10.366147842422484,9.94210433959961,10.343226040283671,59299000
2003-04-08,9.798846244812012,10.016597897820423,9.707161223232504,9.965024936560493,48778100
2003-04-09,9.558170318603516,9.987944156001362,9.540978971637902,9.827494863236465,56516400
2003-04-10,9.67277717590332,9.730080579668304,9.489407158232588,9.661317369527538,44893000
2003-04-11,9.592551231384277,9.959291196569309,9.53524783858129,9.884797551005342,41744200
2003-04-14,9.83322525024414,9.856147046053811,9.540978911499128,9.638394357747465,41620500
2003-04-15,9.816038131713867,9.936375425608006,9.695701930791582,9.816038131713867,62708600
2003-04-16,10.406256675720215,10.497941669896234,10.199964892338501,10.29164988651452,106294400
2003-04-17,10.692771911621094,10.70996325685773,10.251537220622282,10.308840611773123,68959100
2003-04-21,10.687047004699707,10.767272231098104,10.480756219749736,10.629743583835664,50354700
2003-04-22,10.887613296508789,10.899074204397422,10.452108633491758,10.480760903213339,60474700
2003-04-23,11.16265869140625,11.208501189591786,10.82456985742365,10.916254853794724,63125000
2003-04-24,10.858955383300781,11.088167934017523,10.709966952091985,11.088167934017523,65451700
2003-04-25,10.47502326965332,10.652662848283033,10.34895555523026,10.629741048216447,60849000
2003-04-28,10.744349479675293,10.81884315516014,10.417721430368644,10.509406458490801,51125000
2003-04-29,10.841763496398926,11.042324878229929,10.715696872977073,10.870414653958383,60841900
2003-04-30,10.543785095214844,10.8360314497433,10.52086439113867,10.795919397881415,64415500
2003-05-01,10.618281364440918,10.750078437439303,10.486483198470935,10.526596349053206,52929100
2003-05-02,10.90479850769043,10.933449668279517,10.53805731291416,10.629742338365299,59571700
2003-05-05,10.91053295135498,11.145723105801817,10.881850558055714,11.036732199507464,55276200
2003-05-06,11.203086853027344,11.289131845102776,10.858905790604174,10.887587089922173,62109200
2003-05-07,11.013789176940918,11.208825106728948,10.933479556714218,11.059679919589772,53515100
2003-05-08,10.824491500854492,11.053945251705617,10.807282059244987,10.853172809415211,54055600
2003-05-09,11.231764793395996,11.231764793395996,10.996574708135288,11.088356151450633,51872500
2003-05-12,11.466958045959473,11.489903960186783,11.14572290562701,11.174404204289738,68815600
2003-05-13,11.375178337097168,11.449750381629817,11.271923895343052,11.352233513441575,46439800
2003-05-14,11.277656555175781,11.455482981234796,11.07114774160969,11.421065210347518,57713200
2003-05-15,11.472692489624023,11.535792648435745,11.248975336195144,11.386647514776087,71834200
2003-05-16,11.185877799987793,11.472695179474659,11.157196499687695,11.300605189431128,56693900
2003-05-19,10.709757804870605,11.076883591179675,10.686811896165716,10.985102144602408,59059300
2003-05-20,10.704021453857422,10.813012333247979,10.617976483442208,10.709757931101258,56797200
2003-05-21,10.807281494140625,10.835962801201621,10.652399810119087,10.778600187079627,49470700
2003-05-22,10.767123222351074,10.93347671085769,10.744177309938395,10.858904683759135,60999000
2003-05-23,10.790067672729492,10.89332208682319,10.738440465682645,10.767122855220498,36898400
2003-05-27,11.346494674682617,11.352231152934106,10.709759812345037,10.721232768848013,71371300
2003-05-28,11.3235502243042,11.53005909154646,11.248978185645324,11.386650399099667,69176900
2003-05-29,11.948811531066895,12.029120044149018,11.346495494708105,11.357967357918813,122283700
2003-05-30,11.943077087402344,12.052068012385973,11.725096331556708,11.971759485619941,69245000
2003-06-02,11.690678596496582,12.138114205334766,11.644787848984082,12.046332710309764,73472400
2003-06-03,12.103697776794434,12.115170738490757,11.575953574103849,11.67920804112707,67898600
2003-06-04,12.264310836791992,12.333147490244018,11.960285110526055,12.063539543643351,79271300
2003-06-05,12.528181076049805,12.591281238839734,11.931600503799201,12.09795508056491,88161800
2003-06-06,12.48228645324707,13.147702364497954,12.470813501023896,12.883829933969668,105871500
2003-06-09,12.4306640625,12.493764229972824,12.126637275910742,12.38477333000741,50303400
2003-06-10,12.60275650024414,12.608492979692635,12.315939092548922,12.568338717674756,52440200
2003-06-11,12.556865692138672,12.597019953943452,12.275784765383639,12.350357903696723,54241500
2003-06-12,12.700270652770996,12.814998019081555,12.55112551421577,12.625698630554009,59508600
2003-06-13,12.252836227416992,12.654379817859448,12.161054772794644,12.59701613519017,58853400
2003-06-16,12.545390129089355,12.58554437905681,12.22989041883417,12.333144829676913,52015900
2003-06-17,12.304466247558594,12.625701412232528,12.264310894618045,12.6027554962665,50766600
2003-06-18,12.47655963897705,12.602758928797801,12.12664198404079,12.218423484659843,62519500
2003-06-19,12.115164756774902,12.574072056829468,12.115164756774902,12.424926910781407,69563700
2003-06-20,11.857029914855957,12.287255962428203,11.839820479069356,12.241365227785353,78909400
2003-06-23,11.679205894470215,12.029122408918099,11.501378303227733,11.874241830972414,59628100
2003-06-24,11.7308349609375,11.897188524598247,11.495644723061455,11.535798993802953,63799700
2003-06-25,11.495640754699707,11.948811631930306,11.466958361127238,11.776721646981258,61250600
2003-06-26,11.834086418151855,11.908659561007504,11.558741954042485,11.644786962311459,52904900
2003-06-27,11.799667358398438,12.12090253180797,11.776722535929945,11.874240493194458,63348200
2003-06-30,11.937341690063477,12.218422653350544,11.811142408828994,12.126641158976062,51457500
2003-07-01,12.281515121459961,12.333142316360453,11.765244266576055,11.971753046178028,64496600
2003-07-02,12.740429878234863,12.803530063760169,12.315940207704799,12.424931138851688,74291500
2003-07-03,12.459345817565918,12.797790392423222,12.453609339028509,12.602754498636932,40502400
2003-07-07,13.141968727111816,13.182122974445482,12.717479250251197,12.757633497584864,56553100
2003-07-08,13.279644966125488,13.423053661427321,13.00430053373513,13.096082011198583,64980800
2003-07-09,13.468945503234863,13.76149939690468,13.337009755341105,13.365691059101799,78521900
2003-07-10,13.141968727111816,13.365685873182919,12.969878783075764,13.233750176480534,63261600
2003-07-11,13.388636589050293,13.48041807136818,13.233754927343268,13.359955286121544,46535400
2003-07-14,13.778706550598145,14.099941694755596,13.681188602213739,13.922115233862185,76909400
2003-07-15,13.824596405029297,14.208931695464582,13.577933310464976,14.019632289376835,102323700
2003-07-16,14.518691062927246,14.62768194060331,14.237610247127838,14.47853681697321,128925700
2003-07-17,14.300715446472168,14.398233404241848,14.111416010110025,14.163043228583476,71736800
2003-07-18,14.145830154418945,14.42691099711283,13.853276356320103,14.398229702721693,65296900
2003-07-21,13.801657676696777,14.128629448866654,13.738558571234364,14.111421099250508,52851200
2003-07-22,14.008163452148438,14.071263637440273,13.795918070607875,13.99095401230839,61074300
2003-07-23,14.231874465942383,14.283501668728293,13.916375865913999,13.979476023568154,49058200
2003-07-24,13.750025749206543,14.438387946208872,13.738553884749694,14.426914987630472,58119100
2003-07-25,14.289236068725586,14.306445498525967,13.612347147605153,13.864746647405543,52627700
2003-07-28,14.203201293945312,14.415445609758125,14.117156271477368,14.294982797127366,45462200
2003-07-29,14.283512115478516,14.472811632770663,14.168785765250487,14.231884874933204,68217600
2003-07-30,14.048312187194824,14.266293962868255,13.927849438102594,14.260557485179877,40786200
2003-07-31,14.277765274047852,14.541637766940923,14.15730252959666,14.226138070962712,68692100
2003-08-01,14.352346420288086,14.381027729557223,14.185991762986006,14.214674166376959,48494900
2003-08-04,14.415440559387207,14.47280425230939,13.990950982357369,14.28924131025556,53570000
2003-08-05,13.933207511901855,14.421185735092408,13.91024331551964,14.421185735092408,51979800
2003-08-06,13.858572959899902,14.093950463734682,13.669122747179397,13.835609861839263,57799000
2003-08-07,13.772459030151367,13.950427141230731,13.69782759485775,13.743754884652198,48517800
2003-08-08,13.537080764770508,13.904499062272906,13.393557855434523,13.864312822857693,57453600
2003-08-11,13.720789909362793,13.852830723113582,13.53708076066728,13.560044951750669,41624600
2003-08-12,13.99061107635498,14.007833121470068,13.674860077668473,13.829865053660429,48475100
2003-08-13,14.18580150604248,14.35228857915721,13.950424060943721,14.065242807574066,51882500
2003-08-14,14.432662963867188,14.449886106649661,14.09394882076194,14.237471725637286,51830000
2003-08-15,14.38099193572998,14.495810676112091,14.243210104267044,14.403956121803468,21622800
2003-08-18,15.035457611083984,15.058420703092109,14.380992516465497,14.409697750216534,59081000
2003-08-19,15.196208953857422,15.236396298070414,14.880458914278934,15.138800652110909,55966300
2003-08-20,15.133049964904785,15.351204219584302,15.001008108001226,15.006749153518118,47210300
2003-08-21,15.150275230407715,15.374171673241257,14.93212092930545,15.322503347586801,66434900
2003-08-22,15.724370956420898,16.67162311595859,15.684184713530064,16.16642181820609,120604100
2003-08-25,15.638260841369629,15.936788846673139,15.540665189443223,15.82197004617387,52037500
2003-08-26,15.908076286315918,15.925299426971524,15.316762692045591,15.47750762486033,65213400
2003-08-27,16.086048126220703,16.120493318259566,15.741592920853334,15.850670639801464,58217200
2003-08-28,16.246793746948242,16.275498987309646,15.988453153653365,16.131976070481507,48631600
2003-08-29,16.413284301757812,16.447729502429727,16.09753425644669,16.17790675634555,41986600
2003-09-02,16.4993896484375,16.556799017679023,16.172157667251252,16.51661278770775,58841200
2003-09-03,16.20086669921875,16.631435456130948,16.09753111735392,16.614213406649963,60714800
2003-09-04,16.419025421142578,16.49939792138462,16.097534325181208,16.258279325665296,63744700
2003-09-05,16.482166290283203,16.70606271785252,16.286976189442385,16.551057751456675,68429900
2003-09-08,16.751995086669922,16.76347718285512,16.533839639122974,16.57976692887081,52154000
2003-09-09,16.52809715270996,16.723287282976145,16.453464633938285,16.648655859197262,49792900
2003-09-10,15.879373550415039,16.35586953407563,15.862150408237127,16.32716539210527,57999300
2003-09-11,16.091787338256836,16.275496468163198,15.666959701600174,15.856409878690208,56654900
2003-09-12,16.269760131835938,16.298464281072704,15.8162271279419,15.965491112957922,51931600
2003-09-15,16.06882095336914,16.332903612761502,16.022893677169506,16.264012150965737,36350400
2003-09-16,16.596986770629883,16.64291405123897,16.086045636979687,16.120490823688318,48748000
2003-09-17,16.579761505126953,16.866807245897792,16.51661218675234,16.614207782414127,52827300
2003-09-18,16.74051284790039,16.809404329431857,16.338648244784903,16.470690159804132,46619000
2003-09-19,16.74625015258789,16.855327851049744,16.55105894270572,16.820881570487447,53550300
2003-09-22,16.37308120727539,16.516604006578312,16.18937219936638,16.419008459252645,48490600
2003-09-23,16.614213943481445,16.648659138549366,16.3156859995781,16.367354339676485,43934300
2003-09-24,15.948265075683594,16.64865643495677,15.925300886038817,16.591247055837663,59596400
2003-09-25,15.758816719055176,16.27549900107488,15.730111478669496,16.040121504877092,57560700
2003-09-26,15.655475616455078,15.982707599363494,15.626770384186925,15.787516399910642,68682000
2003-09-29,16.2869815826416,16.30420363239333,15.770298190229859,15.816225481222792,65800400
2003-09-30,15.799006462097168,16.172165909869754,15.753079162294283,16.172165909869754,63410200
2003-10-01,16.43624496459961,16.49365435386156,15.96548994363904,15.971230992064537,59519900
2003-10-02,16.43050193786621,16.619952120499164,16.30994213346734,16.40753774845964,42385100
2003-10-03,16.99884605407715,17.107922627509673,16.763468676681317,16.80365489794513,66635500
2003-10-06,16.97014045715332,17.10792225347075,16.86680383616715,17.039031902808226,28955800
2003-10-07,17.194042205810547,17.217005298207738,16.734768312946773,16.80940082697127,47943100
2003-10-08,17.03329849243164,17.22274868415766,16.935702872755034,17.176821398132954,41147400
2003-10-09,17.090709686279297,17.44664591697164,16.924222572412273,17.056263396862885,76072800
2003-10-10,17.4696044921875,17.50404967553433,17.274413294901063,17.314599524637806,46206700
2003-10-13,17.68201446533203,17.762388004942018,17.498305394781948,17.630346152365764,41697500
2003-10-14,17.842761993408203,17.854244085059182,17.52701213795398,17.676276044439124,66909700
2003-10-15,18.233150482177734,18.818723118427535,18.15277800357329,18.812983165663983,110833700
2003-10-16,18.502973556518555,18.520195605167068,18.026477532368133,18.083886916179985,55199000
2003-10-17,18.175739288330078,18.594825877851093,18.124070958663893,18.525935501624705,52536500
2003-10-20,18.462787628173828,18.49149177306809,18.118332414477976,18.147037654365178,43090700
2003-10-21,18.439817428588867,18.560378301843556,18.37666701640431,18.53167197631591,50250800
2003-10-22,18.09537124633789,18.657980868180065,18.03222080684781,18.238894176093122,49873700
2003-10-23,17.923139572143555,18.020735189110404,17.733689385677653,17.75091252808104,48215300
2003-10-24,17.842761993408203,17.900171356670572,17.429416548905717,17.773870538494858,55915500
2003-10-27,18.0379638671875,18.112595317186823,17.93462717103984,17.940368220269505,37237300
2003-10-28,18.755577087402344,18.79576552611695,18.118335966866333,18.164263264697695,57041700
2003-10-29,18.830202102661133,18.899092474370057,18.617788845733774,18.663715030211247,47727900
2003-10-30,18.88187599182129,19.1057714083273,18.847431890811794,18.99095481831422,55581700
2003-10-31,18.916324615478516,19.019661311222087,18.812987919734947,18.904842517064083,39557700
2003-11-03,19.542076110839844,19.582262342543686,19.03113500204636,19.13447165213778,53324900
2003-11-04,19.335407257080078,19.519116412825447,19.272256824170256,19.467448075897945,42009400
2003-11-05,19.381362915039062,19.461783153440887,19.094146525725595,19.341150604550997,45615300
2003-11-06,19.599639892578125,19.657084467919006,19.209025545406092,19.473266209401167,42140200
2003-11-07,19.45604133605957,19.823678034398256,19.38136663821973,19.771978986738905,48461500
2003-11-10,19.180309295654297,19.611133860934174,19.08840014271274,19.536456989391954,54424600
2003-11-11,19.191797256469727,19.209029537009584,19.019467877210314,19.099888108112243,41184300
2003-11-12,19.58815574645996,19.697299370536594,19.24924033893883,19.283707092534666,49291000
2003-11-13,19.40433692932129,19.524969468068594,19.203286350220722,19.473270434687453,52569600
2003-11-14,18.84139060974121,19.519221316648974,18.783948220865643,19.438801095708506,59409400
2003-11-17,18.513973236083984,18.715026078149947,18.186546638366465,18.61162797452465,64927100
2003-11-18,18.28994369506836,18.743746213749354,18.2727103135693,18.674812687753107,57338800
2003-11-19,18.680551528930664,18.732250559200153,18.221004714940033,18.330147233913777,47996500
2003-11-20,18.28420066833496,18.835656867465776,18.24399053732786,18.525462550021462,59523800
2003-11-21,18.56566619873047,18.59438739780913,18.34163777811507,18.485245964795407,45646200
2003-11-24,19.22051239013672,19.237746856525817,18.669057673983147,18.669057673983147,45783200
2003-11-25,18.996505737304688,19.381377120544034,18.985016810356928,19.203302039786873,38861700
2003-11-26,19.15733528137207,19.300943498447683,18.893096687861934,19.186058677817186,42781700
2003-11-28,19.2664737701416,19.318172802097816,19.030956444849267,19.036699807828,13253800
2003-12-01,19.553693771362305,19.611136177002063,19.254988441203487,19.427317849410066,47063000
2003-12-02,19.444547653198242,19.76048741778894,19.421572008644677,19.639854875269297,41987300
2003-12-03,19.15158462524414,19.726017274842,19.099885599128868,19.570920196496182,49743600
2003-12-04,19.2664737701416,19.364126279788394,18.87011379471498,19.23775257267413,61217300
2003-12-05,18.439292907714844,18.801186203021864,18.381850501412863,18.646089076461713,66215400
2003-12-08,18.175050735473633,18.548432876399005,17.996976900765663,18.34163674858107,66864300
2003-12-09,17.376590728759766,18.34163792635418,17.29617049417474,18.301427809061668,81626300
2003-12-10,17.4742431640625,17.514453278648325,17.037674170935716,17.405310756455766,81153700
2003-12-11,17.755722045898438,17.80167663716437,17.422550985309474,17.520204628705063,56879100
2003-12-12,17.726993560791016,17.910811850402492,17.5144529786506,17.882089557873556,48042500
2003-12-15,17.370847702026367,18.111866538293096,17.290427460810548,18.094633159899583,60872700
2003-12-16,17.382339477539062,17.4914820340137,17.066400728932233,17.36510609631345,56367000
2003-12-17,17.33063507080078,17.5604079378766,17.21000363080882,17.399567478745254,57924100
2003-12-18,17.74997329711914,17.8016723367597,17.39957003423087,17.411057857539294,52707200
2003-12-19,17.56041145324707,17.893582451114458,17.4397810847499,17.801673285885087,55145700
2003-12-22,17.4742431640625,17.686783749843435,17.3306349858883,17.457009788249955,33894800
2003-12-23,17.870601654052734,17.887833933847162,17.4455215873766,17.52019735632043,37282300
2003-12-24,17.85336685180664,17.95676490488351,17.749968798729775,17.847622393786445,15596500
2003-12-26,18.014209747314453,18.117607808185245,17.887833852630855,17.910811686443665,11868800
2003-12-29,18.468008041381836,18.502472593232035,18.100370450760803,18.11760382232908,36514900
2003-12-30,18.404823303222656,18.594384945167835,18.347379816998746,18.51396472184038,31563100
