Price,Close,High,Low,Open,Volume
Ticker,^GSPC,^GSPC,^GSPC,^GSPC,^GSPC
Date,,,,,
1998-01-02,975.0399780273438,975.0399780273438,965.72998046875,970.4299926757812,366730000
1998-01-05,977.0700073242188,982.6300048828125,969.0,975.0399780273438,628070000
1998-01-06,966.5800170898438,977.0700073242188,962.6799926757812,977.0700073242188,618360000
1998-01-07,964.0,966.5800170898438,952.6699829101562,966.5800170898438,667390000
1998-01-08,956.0499877929688,964.0,955.0399780273438,964.0,652140000
1998-01-09,927.6900024414062,956.0499877929688,921.719970703125,956.0499877929688,746420000
1998-01-12,939.2100219726562,939.25,912.8300170898438,927.6900024414062,705450000
1998-01-13,952.1199951171875,952.1400146484375,939.2100219726562,939.2100219726562,646740000
1998-01-14,957.9400024414062,958.1199951171875,948.0,952.1199951171875,603280000
1998-01-15,950.72998046875,957.9400024414062,950.27001953125,957.9400024414062,569050000
1998-01-16,961.510009765625,965.1199951171875,950.72998046875,950.72998046875,670080000
1998-01-20,978.5999755859375,978.5999755859375,961.47998046875,961.510009765625,644790000
1998-01-21,970.8099975585938,978.5999755859375,963.2899780273438,978.5999755859375,626160000
1998-01-22,963.0399780273438,970.8099975585938,959.489990234375,970.8099975585938,646570000
1998-01-23,957.5900268554688,966.4400024414062,950.8599853515625,963.0399780273438,635770000
1998-01-26,956.9500122070312,963.0399780273438,954.239990234375,957.5900268554688,555080000
1998-01-27,969.02001953125,973.22998046875,956.260009765625,956.9500122070312,679140000
1998-01-28,977.4600219726562,978.6300048828125,969.02001953125,969.02001953125,708470000
1998-01-29,985.489990234375,992.6500244140625,975.2100219726562,977.4600219726562,750760000
1998-01-30,980.280029296875,987.4099731445312,979.6300048828125,985.489990234375,613380000
1998-02-02,1001.27001953125,1002.47998046875,980.280029296875,980.280029296875,724320000
1998-02-03,1006.0,1006.1300048828125,996.9000244140625,1001.27001953125,692120000
1998-02-04,1006.9000244140625,1009.52001953125,999.4299926757812,1006.0,695420000
1998-02-05,1003.5399780273438,1013.510009765625,1000.27001953125,1006.9000244140625,703980000
1998-02-06,1012.4600219726562,1013.0700073242188,1003.3599853515625,1003.5399780273438,569650000
1998-02-09,1010.739990234375,1015.3300170898438,1006.280029296875,1012.4600219726562,524810000
1998-02-10,1019.010009765625,1022.1500244140625,1010.7100219726562,1010.739990234375,642800000
1998-02-11,1020.010009765625,1020.7100219726562,1016.3800048828125,1019.010009765625,599300000
1998-02-12,1024.1400146484375,1026.300048828125,1008.5499877929688,1020.010009765625,611480000
1998-02-13,1020.0900268554688,1024.1400146484375,1017.7100219726562,1024.1400146484375,531940000
1998-02-17,1022.760009765625,1028.02001953125,1020.0900268554688,1020.0900268554688,605890000
1998-02-18,1032.0799560546875,1032.0799560546875,1021.7000122070312,1022.760009765625,606000000
1998-02-19,1028.280029296875,1032.9300537109375,1026.6199951171875,1032.0799560546875,581820000
1998-02-20,1034.2099609375,1034.2099609375,1022.6900024414062,1028.280029296875,594300000
1998-02-23,1038.1400146484375,1038.6800537109375,1031.760009765625,1034.2099609375,550730000
1998-02-24,1030.56005859375,1038.72998046875,1028.8900146484375,1038.1400146484375,589880000
1998-02-25,1042.9000244140625,1045.7900390625,1030.56005859375,1030.56005859375,611350000
1998-02-26,1048.6700439453125,1048.6800537109375,1039.8499755859375,1042.9000244140625,646280000
1998-02-27,1049.3399658203125,1051.6600341796875,1044.4000244140625,1048.6700439453125,574480000
1998-03-02,1047.699951171875,1053.97998046875,1044.699951171875,1049.3399658203125,591470000
1998-03-03,1052.02001953125,1052.02001953125,1043.4100341796875,1047.699951171875,612360000
1998-03-04,1047.3299560546875,1052.02001953125,1042.739990234375,1052.02001953125,644280000
1998-03-05,1035.050048828125,1047.3299560546875,1030.8699951171875,1047.3299560546875,648270000
1998-03-06,1055.68994140625,1055.68994140625,1035.050048828125,1035.050048828125,665500000
1998-03-09,1052.31005859375,1058.550048828125,1050.02001953125,1055.68994140625,624700000
1998-03-10,1064.25,1064.5899658203125,1052.31005859375,1052.31005859375,631920000
1998-03-11,1068.469970703125,1069.1800537109375,1064.219970703125,1064.25,655260000
1998-03-12,1069.9200439453125,1071.8699951171875,1063.5400390625,1068.469970703125,594940000
1998-03-13,1068.6099853515625,1075.8599853515625,1066.5699462890625,1069.9200439453125,597800000
1998-03-16,1079.27001953125,1079.4599609375,1068.6099853515625,1068.6099853515625,548980000
1998-03-17,1080.449951171875,1080.52001953125,1073.2900390625,1079.27001953125,680960000
1998-03-18,1085.52001953125,1085.52001953125,1077.77001953125,1080.449951171875,632690000
1998-03-19,1089.739990234375,1089.739990234375,1084.300048828125,1085.52001953125,598240000
1998-03-20,1099.1600341796875,1101.0400390625,1089.3900146484375,1089.739990234375,717310000
1998-03-23,1095.550048828125,1101.1600341796875,1094.25,1099.1600341796875,631350000
1998-03-24,1105.6500244140625,1106.75,1095.550048828125,1095.550048828125,605720000
1998-03-25,1101.9300537109375,1113.0699462890625,1092.8399658203125,1105.6500244140625,676550000
1998-03-26,1100.800048828125,1106.280029296875,1097.0,1101.9300537109375,606770000
1998-03-27,1095.43994140625,1107.1800537109375,1091.1400146484375,1100.800048828125,582190000
1998-03-30,1093.5999755859375,1099.0999755859375,1090.02001953125,1095.43994140625,497400000
1998-03-31,1101.75,1110.1300048828125,1093.550048828125,1093.550048828125,674930000
1998-04-01,1108.1500244140625,1109.18994140625,1095.2900390625,1101.75,677310000
1998-04-02,1120.010009765625,1121.010009765625,1107.8900146484375,1108.1500244140625,674340000
1998-04-03,1122.699951171875,1126.3599853515625,1118.1199951171875,1120.010009765625,653880000
1998-04-06,1121.3800048828125,1131.989990234375,1121.3699951171875,1122.699951171875,625810000
1998-04-07,1109.550048828125,1121.3800048828125,1102.43994140625,1121.3800048828125,670760000
1998-04-08,1101.6500244140625,1111.5999755859375,1098.2099609375,1109.550048828125,616330000
1998-04-09,1110.6700439453125,1111.449951171875,1101.6500244140625,1101.6500244140625,548940000
1998-04-13,1109.68994140625,1110.75,1100.5999755859375,1110.6700439453125,564480000
1998-04-14,1115.75,1115.949951171875,1109.47998046875,1109.68994140625,613730000
1998-04-15,1119.3199462890625,1119.9000244140625,1112.239990234375,1115.75,685020000
1998-04-16,1108.1700439453125,1119.3199462890625,1105.27001953125,1119.3199462890625,699570000
1998-04-17,1122.719970703125,1122.719970703125,1104.949951171875,1108.1700439453125,672290000
1998-04-20,1123.6500244140625,1124.8800048828125,1118.4300537109375,1122.719970703125,595190000
1998-04-21,1126.6700439453125,1129.6500244140625,1119.5400390625,1123.6500244140625,675640000
1998-04-22,1130.5400390625,1132.97998046875,1126.2900390625,1126.6700439453125,696740000
1998-04-23,1119.5799560546875,1130.5400390625,1117.489990234375,1130.5400390625,653190000
1998-04-24,1107.9000244140625,1122.81005859375,1104.77001953125,1119.5799560546875,633890000
1998-04-27,1086.5400390625,1107.9000244140625,1076.699951171875,1107.9000244140625,685960000
1998-04-28,1085.1099853515625,1095.93994140625,1081.489990234375,1086.5400390625,678600000
1998-04-29,1094.6199951171875,1098.239990234375,1084.6500244140625,1085.1099853515625,638790000
1998-04-30,1111.75,1116.969970703125,1094.6300048828125,1094.6300048828125,695600000
1998-05-01,1121.0,1121.02001953125,1111.75,1111.75,581970000
1998-05-04,1122.0699462890625,1130.52001953125,1121.0,1121.0,551700000
1998-05-05,1115.5,1122.0699462890625,1111.1600341796875,1122.0699462890625,583630000
1998-05-06,1104.9200439453125,1118.3900146484375,1104.6400146484375,1115.5,606540000
1998-05-07,1095.1400146484375,1105.5799560546875,1094.5899658203125,1104.9200439453125,582240000
1998-05-08,1108.1400146484375,1111.4200439453125,1094.530029296875,1095.1400146484375,567890000
1998-05-11,1106.6400146484375,1119.1300048828125,1103.719970703125,1108.1400146484375,560840000
1998-05-12,1115.7900390625,1115.9599609375,1102.780029296875,1106.6400146484375,604420000
1998-05-13,1118.8599853515625,1122.219970703125,1114.9300537109375,1115.7900390625,600010000
1998-05-14,1117.3699951171875,1124.030029296875,1112.4300537109375,1118.8599853515625,578380000
1998-05-15,1108.72998046875,1118.6600341796875,1107.1099853515625,1117.3699951171875,621990000
1998-05-18,1105.8199462890625,1112.43994140625,1097.989990234375,1108.72998046875,519100000
1998-05-19,1109.52001953125,1113.5,1105.8199462890625,1105.8199462890625,566020000
1998-05-20,1119.06005859375,1119.0799560546875,1107.510009765625,1109.52001953125,587240000
1998-05-21,1114.6400146484375,1124.449951171875,1111.93994140625,1119.06005859375,551970000
1998-05-22,1110.469970703125,1116.8900146484375,1107.989990234375,1114.6400146484375,444070000
1998-05-26,1094.02001953125,1116.7900390625,1094.010009765625,1110.469970703125,541410000
1998-05-27,1092.22998046875,1094.43994140625,1074.3900146484375,1094.02001953125,682040000
1998-05-28,1097.5999755859375,1099.72998046875,1089.06005859375,1092.22998046875,588900000
1998-05-29,1090.8199462890625,1104.1600341796875,1090.8199462890625,1097.5999755859375,556780000
1998-06-01,1090.97998046875,1097.8499755859375,1084.219970703125,1090.8199462890625,537660000
1998-06-02,1093.219970703125,1098.7099609375,1089.6700439453125,1090.97998046875,590930000
1998-06-03,1082.72998046875,1097.4300537109375,1081.0899658203125,1093.219970703125,584480000
1998-06-04,1094.8299560546875,1095.9300537109375,1078.0999755859375,1082.72998046875,577470000
1998-06-05,1113.8599853515625,1113.8800048828125,1094.8299560546875,1095.0999755859375,558440000
1998-06-08,1115.719970703125,1119.699951171875,1113.31005859375,1113.8599853515625,543390000
1998-06-09,1118.4100341796875,1119.9200439453125,1111.31005859375,1115.719970703125,563610000
1998-06-10,1112.280029296875,1126.0,1110.27001953125,1118.4100341796875,609410000
1998-06-11,1094.5799560546875,1114.199951171875,1094.280029296875,1112.280029296875,627470000
1998-06-12,1098.8399658203125,1098.8399658203125,1080.8299560546875,1094.5799560546875,633300000
1998-06-15,1077.010009765625,1098.8399658203125,1077.010009765625,1098.8399658203125,595820000
1998-06-16,1087.5899658203125,1087.5899658203125,1074.6700439453125,1077.010009765625,664600000
1998-06-17,1107.1099853515625,1112.8699951171875,1087.5799560546875,1087.5899658203125,744400000
1998-06-18,1106.3699951171875,1109.3599853515625,1103.7099609375,1107.1099853515625,590440000
1998-06-19,1100.6500244140625,1111.25,1097.0999755859375,1106.3699951171875,715500000
1998-06-22,1103.2099609375,1109.010009765625,1099.4200439453125,1100.6500244140625,531550000
1998-06-23,1119.489990234375,1119.489990234375,1103.2099609375,1103.2099609375,657100000
1998-06-24,1132.8800048828125,1134.4000244140625,1115.0999755859375,1119.489990234375,714900000
1998-06-25,1129.280029296875,1142.0400390625,1127.5999755859375,1132.8800048828125,669900000
1998-06-26,1133.199951171875,1136.8299560546875,1129.280029296875,1129.280029296875,520050000
1998-06-29,1138.489990234375,1145.1500244140625,1133.199951171875,1133.199951171875,564350000
1998-06-30,1133.8399658203125,1140.800048828125,1131.97998046875,1138.489990234375,757200000
1998-07-01,1148.56005859375,1148.56005859375,1133.8399658203125,1133.8399658203125,701600000
1998-07-02,1146.4200439453125,1148.56005859375,1142.989990234375,1148.56005859375,510210000
1998-07-06,1157.3299560546875,1157.3299560546875,1145.030029296875,1146.4200439453125,514750000
1998-07-07,1154.6600341796875,1159.81005859375,1152.8499755859375,1157.3299560546875,624890000
1998-07-08,1166.3800048828125,1166.8900146484375,1154.6600341796875,1154.6600341796875,607230000
1998-07-09,1158.56005859375,1166.3800048828125,1156.030029296875,1166.3800048828125,663600000
1998-07-10,1164.3299560546875,1166.9300537109375,1150.8800048828125,1158.5699462890625,576080000
1998-07-13,1165.18994140625,1166.97998046875,1160.2099609375,1164.3299560546875,574880000
1998-07-14,1177.5799560546875,1179.760009765625,1165.18994140625,1165.18994140625,700300000
1998-07-15,1174.81005859375,1181.47998046875,1174.72998046875,1177.5799560546875,723900000
1998-07-16,1183.989990234375,1184.02001953125,1170.4000244140625,1174.81005859375,677800000
1998-07-17,1186.75,1188.0999755859375,1182.4200439453125,1183.989990234375,618030000
1998-07-20,1184.0999755859375,1190.5799560546875,1179.18994140625,1186.75,560580000
1998-07-21,1165.0699462890625,1187.3699951171875,1163.050048828125,1184.0999755859375,659700000
1998-07-22,1164.0799560546875,1167.6700439453125,1155.199951171875,1165.0699462890625,739800000
1998-07-23,1139.75,1164.3499755859375,1139.75,1164.0799560546875,741600000
1998-07-24,1140.800048828125,1150.1400146484375,1129.1099853515625,1139.75,698600000
1998-07-27,1147.27001953125,1147.27001953125,1128.18994140625,1140.800048828125,619990000
1998-07-28,1130.239990234375,1147.27001953125,1119.43994140625,1147.27001953125,703600000
1998-07-29,1125.2099609375,1138.56005859375,1121.97998046875,1130.239990234375,644350000
1998-07-30,1142.949951171875,1143.0699462890625,1125.2099609375,1125.2099609375,687400000
1998-07-31,1120.6700439453125,1142.969970703125,1114.300048828125,1142.949951171875,645910000
1998-08-03,1112.43994140625,1121.7900390625,1110.3900146484375,1120.6700439453125,620400000
1998-08-04,1072.1199951171875,1119.72998046875,1071.8199462890625,1112.43994140625,852600000
1998-08-05,1081.4300537109375,1084.800048828125,1057.3499755859375,1072.1199951171875,851600000
1998-08-06,1089.6300048828125,1090.949951171875,1074.93994140625,1081.4300537109375,768400000
1998-08-07,1089.449951171875,1102.5400390625,1084.719970703125,1089.6300048828125,759100000
1998-08-10,1083.1400146484375,1092.8199462890625,1081.760009765625,1089.449951171875,579180000
1998-08-11,1068.97998046875,1083.1400146484375,1054.0,1083.1400146484375,774400000
1998-08-12,1084.219970703125,1084.699951171875,1068.97998046875,1068.97998046875,711700000
1998-08-13,1074.9100341796875,1091.5,1074.9100341796875,1084.219970703125,660700000
1998-08-14,1062.75,1083.9200439453125,1057.219970703125,1074.9100341796875,644030000
1998-08-17,1083.6700439453125,1083.6700439453125,1055.0799560546875,1062.75,584380000
1998-08-18,1101.199951171875,1101.719970703125,1083.6700439453125,1083.6700439453125,690600000
1998-08-19,1098.06005859375,1106.3199462890625,1094.9300537109375,1101.199951171875,633630000
1998-08-20,1091.5999755859375,1098.7900390625,1089.550048828125,1098.06005859375,621630000
1998-08-21,1081.239990234375,1091.5999755859375,1054.9200439453125,1091.5999755859375,725700000
1998-08-24,1088.1400146484375,1093.8199462890625,1081.239990234375,1081.239990234375,558100000
1998-08-25,1092.8499755859375,1106.6400146484375,1085.530029296875,1088.1400146484375,664900000
1998-08-26,1084.18994140625,1092.8499755859375,1075.9100341796875,1092.8499755859375,674100000
1998-08-27,1042.5899658203125,1084.18994140625,1037.6099853515625,1084.18994140625,938600000
1998-08-28,1027.1400146484375,1051.800048828125,1021.0399780273438,1042.5899658203125,840300000
1998-08-31,957.280029296875,1033.469970703125,957.280029296875,1027.1400146484375,917500000
1998-09-01,994.260009765625,1000.7100219726562,939.97998046875,957.280029296875,1216600000
1998-09-02,990.47998046875,1013.1900024414062,988.4000244140625,994.260009765625,894600000
1998-09-03,982.260009765625,990.469970703125,969.3200073242188,990.469970703125,880500000
1998-09-04,973.8900146484375,991.4099731445312,956.510009765625,982.260009765625,780300000
1998-09-08,1023.4600219726562,1023.4600219726562,973.8900146484375,973.8900146484375,814800000
1998-09-09,1006.2000122070312,1027.719970703125,1004.5599975585938,1023.4600219726562,704300000
1998-09-10,980.1900024414062,1006.2000122070312,968.6400146484375,1006.2000122070312,880300000
1998-09-11,1009.0599975585938,1009.0599975585938,969.7100219726562,980.1900024414062,819100000
1998-09-14,1029.719970703125,1038.3800048828125,1009.0599975585938,1009.0599975585938,714400000
1998-09-15,1037.6800537109375,1037.9000244140625,1021.4199829101562,1029.719970703125,724600000
1998-09-16,1045.47998046875,1046.0699462890625,1029.31005859375,1037.6800537109375,797500000
1998-09-17,1018.8699951171875,1045.47998046875,1016.0499877929688,1045.47998046875,694500000
1998-09-18,1020.0900268554688,1022.010009765625,1011.8599853515625,1018.8699951171875,794700000
1998-09-21,1023.8900146484375,1026.02001953125,993.8200073242188,1020.0900268554688,609880000
1998-09-22,1029.6300048828125,1033.8900146484375,1021.9600219726562,1023.8900146484375,694900000
1998-09-23,1066.0899658203125,1066.0899658203125,1029.6300048828125,1029.6300048828125,899700000
1998-09-24,1042.719970703125,1066.1099853515625,1033.0400390625,1066.0899658203125,805900000
1998-09-25,1044.75,1051.8900146484375,1028.489990234375,1042.719970703125,736800000
1998-09-28,1048.68994140625,1061.4599609375,1042.22998046875,1044.75,690500000
1998-09-29,1049.02001953125,1056.31005859375,1039.8800048828125,1048.68994140625,760100000
1998-09-30,1017.010009765625,1049.02001953125,1015.72998046875,1049.02001953125,800100000
1998-10-01,986.3900146484375,1017.010009765625,981.2899780273438,1017.010009765625,899700000
1998-10-02,1002.5999755859375,1005.4500122070312,971.6900024414062,986.3900146484375,902900000
1998-10-05,988.5599975585938,1002.5999755859375,964.719970703125,1002.5999755859375,817500000
1998-10-06,984.5900268554688,1008.77001953125,974.8099975585938,988.5599975585938,845700000
1998-10-07,970.6799926757812,995.6599731445312,957.1500244140625,984.5900268554688,977000000
1998-10-08,959.4400024414062,970.6799926757812,923.3200073242188,970.6799926757812,1114600000
1998-10-09,984.3900146484375,984.4199829101562,953.0399780273438,959.4400024414062,878100000
1998-10-12,997.7100219726562,1010.7100219726562,984.3900146484375,984.3900146484375,691100000
1998-10-13,994.7999877929688,1000.780029296875,987.5499877929688,997.7100219726562,733300000
1998-10-14,1005.530029296875,1014.4199829101562,987.7999877929688,994.7999877929688,791200000
1998-10-15,1047.489990234375,1053.0899658203125,1000.1199951171875,1005.530029296875,937600000
1998-10-16,1056.4200439453125,1062.6500244140625,1047.489990234375,1047.489990234375,1042200000
1998-10-19,1062.3900146484375,1065.2099609375,1054.22998046875,1056.4200439453125,738600000
1998-10-20,1063.9300537109375,1084.06005859375,1060.6099853515625,1062.3900146484375,958200000
1998-10-21,1069.9200439453125,1073.6099853515625,1058.0799560546875,1063.9300537109375,745100000
1998-10-22,1078.47998046875,1080.4300537109375,1061.469970703125,1069.9200439453125,754900000
1998-10-23,1070.6700439453125,1078.47998046875,1067.4300537109375,1078.47998046875,637640000
1998-10-26,1072.3199462890625,1081.22998046875,1068.1700439453125,1070.6700439453125,609910000
1998-10-27,1065.3399658203125,1087.0799560546875,1063.06005859375,1072.3199462890625,764500000
1998-10-28,1068.0899658203125,1072.7900390625,1059.6500244140625,1065.3399658203125,677500000
1998-10-29,1085.9300537109375,1086.1099853515625,1065.949951171875,1068.0899658203125,699400000
1998-10-30,1098.6700439453125,1103.780029296875,1085.9300537109375,1085.9300537109375,785000000
1998-11-02,1111.5999755859375,1114.43994140625,1098.6700439453125,1098.6700439453125,753800000
1998-11-03,1110.8399658203125,1115.02001953125,1106.4200439453125,1111.5999755859375,704300000
1998-11-04,1118.6700439453125,1127.1800537109375,1110.5899658203125,1110.8399658203125,861100000
1998-11-05,1133.8499755859375,1133.8800048828125,1109.550048828125,1118.6700439453125,770200000
1998-11-06,1141.010009765625,1141.300048828125,1131.1800537109375,1133.8499755859375,683100000
1998-11-09,1130.199951171875,1141.010009765625,1123.1700439453125,1141.010009765625,592990000
1998-11-10,1128.260009765625,1135.3699951171875,1122.800048828125,1130.199951171875,671300000
1998-11-11,1120.969970703125,1136.25,1117.4000244140625,1128.260009765625,715700000
1998-11-12,1117.68994140625,1126.5699462890625,1115.550048828125,1120.969970703125,662300000
1998-11-13,1125.719970703125,1126.3399658203125,1116.760009765625,1117.68994140625,602270000
1998-11-16,1135.8699951171875,1138.719970703125,1125.719970703125,1125.719970703125,615580000
1998-11-17,1139.3199462890625,1151.7099609375,1129.6700439453125,1135.8699951171875,705200000
1998-11-18,1144.47998046875,1144.52001953125,1133.0699462890625,1139.3199462890625,652510000
1998-11-19,1152.6099853515625,1155.0999755859375,1144.4200439453125,1144.47998046875,671000000
1998-11-20,1163.550048828125,1163.550048828125,1152.6099853515625,1152.6099853515625,721200000
1998-11-23,1188.2099609375,1188.2099609375,1163.550048828125,1163.550048828125,774100000
1998-11-24,1182.989990234375,1191.300048828125,1181.81005859375,1188.2099609375,766200000
1998-11-25,1186.8699951171875,1187.1600341796875,1179.3699951171875,1182.989990234375,583580000
1998-11-27,1192.3299560546875,1192.969970703125,1186.8299560546875,1186.8699951171875,256950000
1998-11-30,1163.6300048828125,1192.719970703125,1163.6300048828125,1192.3299560546875,687900000
1998-12-01,1175.280029296875,1175.8900146484375,1150.31005859375,1163.6300048828125,789200000
1998-12-02,1171.25,1175.280029296875,1157.760009765625,1175.280029296875,727400000
1998-12-03,1150.1400146484375,1176.989990234375,1149.6099853515625,1171.25,799100000
1998-12-04,1176.739990234375,1176.739990234375,1150.1400146484375,1150.1400146484375,709700000
1998-12-07,1187.699951171875,1188.9599609375,1176.7099609375,1176.739990234375,671200000
1998-12-08,1181.3800048828125,1193.530029296875,1172.780029296875,1187.699951171875,727700000
1998-12-09,1183.489990234375,1185.219970703125,1175.8900146484375,1181.3800048828125,694200000
1998-12-10,1165.02001953125,1183.77001953125,1163.75,1183.489990234375,748600000
1998-12-11,1166.4599609375,1167.8900146484375,1153.18994140625,1165.02001953125,688900000
1998-12-14,1141.199951171875,1166.4599609375,1136.8900146484375,1166.4599609375,741800000
1998-12-15,1162.8299560546875,1162.8299560546875,1141.199951171875,1141.199951171875,777900000
1998-12-16,1161.93994140625,1166.2900390625,1154.68994140625,1162.8299560546875,725500000
1998-12-17,1179.97998046875,1180.030029296875,1161.93994140625,1161.93994140625,739400000
1998-12-18,1188.030029296875,1188.8900146484375,1178.27001953125,1179.97998046875,839600000
1998-12-21,1202.8399658203125,1210.8800048828125,1188.030029296875,1188.030029296875,744800000
1998-12-22,1203.5699462890625,1209.219970703125,1192.719970703125,1202.8399658203125,680500000
1998-12-23,1228.5400390625,1229.8900146484375,1203.5699462890625,1203.5699462890625,697500000
1998-12-24,1226.27001953125,1229.719970703125,1224.8499755859375,1228.5400390625,246980000
1998-12-28,1225.489990234375,1231.52001953125,1221.1700439453125,1226.27001953125,531560000
1998-12-29,1241.81005859375,1241.8599853515625,1220.780029296875,1225.489990234375,586490000
1998-12-30,1231.9300537109375,1244.9300537109375,1231.199951171875,1241.81005859375,594220000
1998-12-31,1229.22998046875,1237.1800537109375,1224.9599609375,1231.9300537109375,719200000
1999-01-04,1228.0999755859375,1248.81005859375,1219.0999755859375,1229.22998046875,877000000
1999-01-05,1244.780029296875,1246.1099853515625,1228.0999755859375,1228.0999755859375,775000000
1999-01-06,1272.3399658203125,1272.5,1244.780029296875,1244.780029296875,986900000
1999-01-07,1269.72998046875,1272.3399658203125,1257.6800537109375,1272.3399658203125,863000000
1999-01-08,1275.0899658203125,1278.239990234375,1261.8199462890625,1269.72998046875,937800000
1999-01-11,1263.8800048828125,1276.219970703125,1253.3399658203125,1275.0899658203125,818000000
1999-01-12,1239.510009765625,1264.449951171875,1238.2900390625,1263.8800048828125,800200000
1999-01-13,1234.4000244140625,1247.75,1205.4599609375,1239.510009765625,931500000
1999-01-14,1212.18994140625,1236.81005859375,1209.5400390625,1234.4000244140625,797200000
1999-01-15,1243.260009765625,1243.260009765625,1212.18994140625,1212.18994140625,798100000
1999-01-19,1252.0,1253.27001953125,1234.9100341796875,1243.260009765625,785500000
1999-01-20,1256.6199951171875,1274.0699462890625,1251.5400390625,1252.0,905700000
1999-01-21,1235.1600341796875,1256.93994140625,1232.18994140625,1256.6199951171875,871800000
1999-01-22,1225.18994140625,1236.4100341796875,1217.969970703125,1235.1600341796875,785900000
1999-01-25,1233.97998046875,1233.97998046875,1219.4599609375,1225.18994140625,723900000
1999-01-26,1252.31005859375,1253.25,1233.97998046875,1233.97998046875,896400000
1999-01-27,1243.1700439453125,1262.6099853515625,1242.8199462890625,1252.31005859375,893800000
1999-01-28,1265.3699951171875,1266.4000244140625,1243.1700439453125,1243.1700439453125,848800000
1999-01-29,1279.6400146484375,1280.3699951171875,1255.1800537109375,1265.3699951171875,917000000
1999-02-01,1273.0,1283.75,1271.31005859375,1279.6400146484375,799400000
1999-02-02,1261.989990234375,1273.489990234375,1247.56005859375,1273.0,845500000
1999-02-03,1272.0699462890625,1276.0400390625,1255.27001953125,1261.989990234375,876500000
1999-02-04,1248.489990234375,1272.22998046875,1248.3599853515625,1272.0699462890625,854400000
1999-02-05,1239.4000244140625,1251.8599853515625,1232.280029296875,1248.489990234375,872000000
1999-02-08,1243.77001953125,1246.9300537109375,1231.97998046875,1239.4000244140625,705400000
1999-02-09,1216.1400146484375,1243.969970703125,1215.6300048828125,1243.77001953125,736000000
1999-02-10,1223.550048828125,1226.780029296875,1211.8900146484375,1216.1400146484375,721400000
1999-02-11,1254.0400390625,1254.050048828125,1223.18994140625,1223.550048828125,815800000
1999-02-12,1230.1300048828125,1254.0400390625,1225.530029296875,1254.0400390625,691500000
1999-02-16,1241.8699951171875,1252.1700439453125,1230.1300048828125,1230.1300048828125,653760000
1999-02-17,1224.030029296875,1249.31005859375,1220.9200439453125,1241.8699951171875,735100000
1999-02-18,1237.280029296875,1239.1300048828125,1220.699951171875,1224.030029296875,742400000
1999-02-19,1239.219970703125,1247.9100341796875,1232.030029296875,1237.280029296875,700000000
1999-02-22,1272.1400146484375,1272.219970703125,1239.219970703125,1239.219970703125,718500000
1999-02-23,1271.1800537109375,1280.3800048828125,1263.3599853515625,1272.1400146484375,781100000
1999-02-24,1253.4100341796875,1283.8399658203125,1251.93994140625,1271.1800537109375,782000000
1999-02-25,1245.02001953125,1253.4100341796875,1225.010009765625,1253.4100341796875,740500000
1999-02-26,1238.3299560546875,1246.72998046875,1226.239990234375,1245.02001953125,784600000
1999-03-01,1236.1600341796875,1238.699951171875,1221.8800048828125,1238.3299560546875,699500000
1999-03-02,1225.5,1248.31005859375,1221.8699951171875,1236.1600341796875,753600000
1999-03-03,1227.699951171875,1231.6300048828125,1216.030029296875,1225.5,751700000
1999-03-04,1246.6400146484375,1247.739990234375,1227.699951171875,1227.699951171875,770900000
1999-03-05,1275.469970703125,1275.72998046875,1246.6400146484375,1246.6400146484375,834900000
1999-03-08,1282.72998046875,1282.739990234375,1271.5799560546875,1275.469970703125,714600000
1999-03-09,1279.8399658203125,1293.739990234375,1275.1099853515625,1282.72998046875,803700000
1999-03-10,1286.8399658203125,1287.02001953125,1275.1600341796875,1279.8399658203125,841900000
1999-03-11,1297.6800537109375,1306.4300537109375,1286.8399658203125,1286.8399658203125,904800000
1999-03-12,1294.5899658203125,1304.4200439453125,1289.1700439453125,1297.6800537109375,825800000
1999-03-15,1307.260009765625,1307.469970703125,1291.030029296875,1294.5899658203125,727200000
1999-03-16,1306.3800048828125,1311.1099853515625,1302.2900390625,1307.260009765625,751900000
1999-03-17,1297.8199462890625,1306.550048828125,1292.6300048828125,1306.3800048828125,752300000
1999-03-18,1316.550048828125,1317.6199951171875,1294.75,1297.8199462890625,831000000
1999-03-19,1299.2900390625,1323.8199462890625,1298.9200439453125,1316.550048828125,914700000
1999-03-22,1297.010009765625,1303.8399658203125,1294.260009765625,1299.2900390625,658200000
1999-03-23,1262.1400146484375,1297.010009765625,1257.4599609375,1297.010009765625,811300000
1999-03-24,1268.5899658203125,1269.02001953125,1256.4300537109375,1262.1400146484375,761900000
1999-03-25,1289.989990234375,1289.989990234375,1268.5899658203125,1268.5899658203125,784200000
1999-03-26,1282.800048828125,1289.989990234375,1277.25,1289.989990234375,707200000
1999-03-29,1310.1700439453125,1311.760009765625,1282.800048828125,1282.800048828125,747900000
1999-03-30,1300.75,1310.1700439453125,1295.469970703125,1310.1700439453125,729000000
1999-03-31,1286.3699951171875,1313.5999755859375,1285.8699951171875,1300.75,924300000
1999-04-01,1293.719970703125,1294.5400390625,1282.56005859375,1286.3699951171875,703000000
1999-04-05,1321.1199951171875,1321.1199951171875,1293.719970703125,1293.719970703125,695800000
1999-04-06,1317.8900146484375,1326.760009765625,1311.0699462890625,1321.1199951171875,787500000
1999-04-07,1326.8900146484375,1329.5799560546875,1312.5899658203125,1317.8900146484375,816400000
1999-04-08,1343.97998046875,1344.0799560546875,1321.5999755859375,1326.8900146484375,850500000
1999-04-09,1348.3499755859375,1351.219970703125,1335.239990234375,1343.97998046875,716100000
1999-04-12,1358.6300048828125,1358.68994140625,1333.47998046875,1348.3499755859375,810800000
1999-04-13,1349.8199462890625,1362.3800048828125,1344.030029296875,1358.6400146484375,810900000
1999-04-14,1328.43994140625,1357.239990234375,1326.4100341796875,1349.8199462890625,952000000
1999-04-15,1322.8499755859375,1332.4100341796875,1308.3800048828125,1328.43994140625,1089800000
1999-04-16,1319.0,1325.030029296875,1311.4000244140625,1322.8599853515625,1002300000
1999-04-19,1289.47998046875,1340.0999755859375,1284.47998046875,1319.0,1214400000
1999-04-20,1306.1700439453125,1306.300048828125,1284.2099609375,1289.47998046875,985400000
1999-04-21,1336.1199951171875,1336.1199951171875,1301.8399658203125,1306.1700439453125,920000000
1999-04-22,1358.8199462890625,1358.8399658203125,1336.1199951171875,1336.1199951171875,927900000
1999-04-23,1356.8499755859375,1363.6500244140625,1348.449951171875,1358.8299560546875,744900000
1999-04-26,1360.0400390625,1363.56005859375,1353.719970703125,1356.8499755859375,712000000
1999-04-27,1362.800048828125,1371.56005859375,1356.550048828125,1360.0400390625,891700000
1999-04-28,1350.9100341796875,1368.6199951171875,1348.2900390625,1362.800048828125,951700000
1999-04-29,1342.8299560546875,1356.75,1336.81005859375,1350.9100341796875,1003600000
1999-04-30,1335.1800537109375,1351.8299560546875,1314.5799560546875,1342.8299560546875,936500000
1999-05-03,1354.6300048828125,1354.6300048828125,1329.010009765625,1335.1800537109375,811400000
1999-05-04,1332.0,1354.6400146484375,1330.6400146484375,1354.6300048828125,933100000
1999-05-05,1347.31005859375,1347.3199462890625,1317.43994140625,1332.0,913500000
1999-05-06,1332.050048828125,1348.3599853515625,1322.56005859375,1347.31005859375,875400000
1999-05-07,1345.0,1345.989990234375,1332.050048828125,1332.050048828125,814900000
1999-05-10,1340.300048828125,1352.010009765625,1334.0,1345.0,773300000
1999-05-11,1355.6099853515625,1360.0,1340.300048828125,1340.300048828125,836100000
1999-05-12,1364.0,1367.3599853515625,1333.0999755859375,1355.6099853515625,825500000
1999-05-13,1367.56005859375,1375.97998046875,1364.0,1364.0,796900000
1999-05-14,1337.800048828125,1367.56005859375,1332.6300048828125,1367.56005859375,727800000
1999-05-17,1339.489990234375,1339.949951171875,1321.18994140625,1337.800048828125,665500000
1999-05-18,1333.3199462890625,1345.43994140625,1323.4599609375,1339.489990234375,753400000
1999-05-19,1344.22998046875,1344.22998046875,1327.050048828125,1333.3199462890625,801100000
1999-05-20,1338.8299560546875,1350.489990234375,1338.8299560546875,1344.22998046875,752200000
1999-05-21,1330.2900390625,1340.8800048828125,1326.18994140625,1338.8299560546875,686600000
1999-05-24,1306.6500244140625,1333.02001953125,1303.530029296875,1330.2900390625,754700000
1999-05-25,1284.4000244140625,1317.52001953125,1284.3800048828125,1306.6500244140625,826700000
1999-05-26,1304.760009765625,1304.8499755859375,1278.4300537109375,1284.4000244140625,870800000
1999-05-27,1281.4100341796875,1304.760009765625,1277.31005859375,1304.760009765625,811400000
1999-05-28,1301.8399658203125,1304.0,1281.4100341796875,1281.4100341796875,649960000
1999-06-01,1294.260009765625,1301.8399658203125,1281.43994140625,1301.8399658203125,683800000
1999-06-02,1294.81005859375,1297.0999755859375,1277.469970703125,1294.260009765625,728000000
1999-06-03,1299.5400390625,1304.1500244140625,1294.199951171875,1294.81005859375,719600000
1999-06-04,1327.75,1327.75,1299.5400390625,1299.5400390625,694500000
1999-06-07,1334.52001953125,1336.4200439453125,1325.8900146484375,1327.75,664300000
1999-06-08,1317.3299560546875,1334.52001953125,1312.8299560546875,1334.52001953125,685900000
1999-06-09,1318.6400146484375,1326.010009765625,1314.72998046875,1317.3299560546875,662000000
1999-06-10,1302.8199462890625,1318.6400146484375,1293.280029296875,1318.6400146484375,716500000
1999-06-11,1293.6400146484375,1311.969970703125,1287.8800048828125,1302.8199462890625,698200000
1999-06-14,1294.0,1301.989990234375,1292.199951171875,1293.6400146484375,669400000
1999-06-15,1301.1600341796875,1310.760009765625,1294.0,1294.0,696600000
1999-06-16,1330.4100341796875,1332.8299560546875,1301.1600341796875,1301.1600341796875,806800000
1999-06-17,1339.9000244140625,1343.5400390625,1322.75,1330.4100341796875,700300000
1999-06-18,1342.8399658203125,1344.47998046875,1333.52001953125,1339.9000244140625,914500000
1999-06-21,1349.0,1349.06005859375,1337.6300048828125,1342.8399658203125,686600000
1999-06-22,1335.8800048828125,1351.1199951171875,1335.52001953125,1349.0,716500000
1999-06-23,1333.06005859375,1335.8800048828125,1322.550048828125,1335.8699951171875,731800000
1999-06-24,1315.780029296875,1333.06005859375,1308.469970703125,1333.06005859375,690400000
1999-06-25,1315.31005859375,1329.1300048828125,1312.6400146484375,1315.780029296875,623460000
1999-06-28,1331.3499755859375,1333.6800537109375,1315.31005859375,1315.31005859375,652910000
1999-06-29,1351.449951171875,1351.510009765625,1328.4000244140625,1331.3499755859375,820100000
1999-06-30,1372.7099609375,1372.9300537109375,1338.780029296875,1351.449951171875,1117000000
1999-07-01,1380.9599609375,1382.800048828125,1360.800048828125,1372.7099609375,843400000
1999-07-02,1391.219970703125,1391.219970703125,1379.5699462890625,1380.9599609375,613570000
1999-07-06,1388.1199951171875,1405.2900390625,1387.0799560546875,1391.219970703125,722900000
1999-07-07,1395.8599853515625,1395.8800048828125,1384.949951171875,1388.1199951171875,791200000
1999-07-08,1394.4200439453125,1403.25,1386.68994140625,1395.8599853515625,830600000
1999-07-09,1403.280029296875,1403.280029296875,1394.4200439453125,1394.4200439453125,701000000
1999-07-12,1399.0999755859375,1406.8199462890625,1394.699951171875,1403.280029296875,685300000
1999-07-13,1393.56005859375,1399.0999755859375,1386.8399658203125,1399.0999755859375,736000000
1999-07-14,1398.1700439453125,1400.050048828125,1386.510009765625,1393.56005859375,756100000
1999-07-15,1409.6199951171875,1409.8399658203125,1398.1700439453125,1398.1700439453125,818800000
1999-07-16,1418.780029296875,1418.780029296875,1407.0699462890625,1409.6199951171875,714100000
1999-07-19,1407.6500244140625,1420.3299560546875,1404.56005859375,1418.780029296875,642330000
1999-07-20,1377.0999755859375,1407.6500244140625,1375.1500244140625,1407.6500244140625,754800000
1999-07-21,1379.2900390625,1386.6600341796875,1372.6300048828125,1377.0999755859375,785500000
1999-07-22,1360.969970703125,1379.2900390625,1353.97998046875,1379.2900390625,771700000
1999-07-23,1356.93994140625,1367.4100341796875,1349.9100341796875,1360.969970703125,630580000
1999-07-26,1347.760009765625,1358.6099853515625,1346.199951171875,1356.93994140625,613450000
1999-07-27,1362.8399658203125,1368.699951171875,1347.75,1347.75,723800000
1999-07-28,1365.4000244140625,1370.530029296875,1355.5400390625,1362.8399658203125,690900000
1999-07-29,1341.030029296875,1365.4000244140625,1332.8199462890625,1365.4000244140625,770100000
1999-07-30,1328.719970703125,1350.9200439453125,1328.489990234375,1341.030029296875,736800000
1999-08-02,1328.050048828125,1344.68994140625,1325.2099609375,1328.719970703125,649550000
1999-08-03,1322.1800537109375,1336.1300048828125,1314.9100341796875,1328.050048828125,739600000
1999-08-04,1305.3299560546875,1330.1600341796875,1304.5,1322.1800537109375,789300000
1999-08-05,1313.7099609375,1313.7099609375,1287.22998046875,1305.3299560546875,859300000
1999-08-06,1300.2900390625,1316.739990234375,1293.18994140625,1313.7099609375,698900000
1999-08-09,1297.800048828125,1306.6800537109375,1295.989990234375,1300.2900390625,684300000
1999-08-10,1281.4300537109375,1298.6199951171875,1267.72998046875,1297.800048828125,836200000
1999-08-11,1301.9300537109375,1301.9300537109375,1281.4300537109375,1281.4300537109375,792300000
1999-08-12,1298.1600341796875,1313.6099853515625,1298.06005859375,1301.9300537109375,745600000
1999-08-13,1327.6800537109375,1327.719970703125,1298.1600341796875,1298.1600341796875,691700000
1999-08-16,1330.77001953125,1331.050048828125,1320.510009765625,1327.6800537109375,583550000
1999-08-17,1344.1600341796875,1344.1600341796875,1328.760009765625,1330.77001953125,691500000
1999-08-18,1332.8399658203125,1344.1600341796875,1332.1300048828125,1344.1600341796875,682800000
1999-08-19,1323.5899658203125,1332.8399658203125,1315.3499755859375,1332.8399658203125,684200000
1999-08-20,1336.6099853515625,1336.6099853515625,1323.5899658203125,1323.5899658203125,661200000
1999-08-23,1360.219970703125,1360.239990234375,1336.6099853515625,1336.6099853515625,682600000
1999-08-24,1363.5,1373.3199462890625,1353.6300048828125,1360.219970703125,732700000
1999-08-25,1381.7900390625,1382.8399658203125,1359.199951171875,1363.5,864600000
1999-08-26,1362.010009765625,1381.7900390625,1361.530029296875,1381.7900390625,719000000
1999-08-27,1348.27001953125,1365.6300048828125,1347.3499755859375,1362.010009765625,570050000
1999-08-30,1324.02001953125,1350.699951171875,1322.800048828125,1348.27001953125,597900000
1999-08-31,1320.4100341796875,1333.27001953125,1306.9599609375,1324.02001953125,861700000
1999-09-01,1331.0699462890625,1331.1800537109375,1320.3900146484375,1320.4100341796875,708200000
1999-09-02,1319.1099853515625,1331.0699462890625,1304.8800048828125,1331.0699462890625,687100000
1999-09-03,1357.239990234375,1357.739990234375,1319.1099853515625,1319.1099853515625,663200000
1999-09-07,1350.449951171875,1361.3900146484375,1349.5899658203125,1357.239990234375,715300000
1999-09-08,1344.1500244140625,1355.1800537109375,1337.3599853515625,1350.449951171875,791200000
1999-09-09,1347.6600341796875,1347.6600341796875,1333.9100341796875,1344.1500244140625,773900000
1999-09-10,1351.6600341796875,1357.6199951171875,1346.199951171875,1347.6600341796875,808500000
1999-09-13,1344.1300048828125,1351.6600341796875,1341.699951171875,1351.6600341796875,657900000
1999-09-14,1336.2900390625,1344.1800537109375,1330.6099853515625,1344.1300048828125,734500000
1999-09-15,1317.969970703125,1347.2099609375,1317.969970703125,1336.2900390625,787300000
1999-09-16,1318.47998046875,1322.510009765625,1299.969970703125,1317.969970703125,739000000
1999-09-17,1335.4200439453125,1337.5899658203125,1318.47998046875,1318.47998046875,861900000
1999-09-20,1335.530029296875,1338.3800048828125,1330.6099853515625,1335.4200439453125,568000000
1999-09-21,1307.5799560546875,1335.530029296875,1301.969970703125,1335.52001953125,817300000
1999-09-22,1310.510009765625,1316.1800537109375,1297.81005859375,1307.5799560546875,822200000
1999-09-23,1280.4100341796875,1315.25,1277.300048828125,1310.510009765625,890800000
1999-09-24,1277.3599853515625,1281.1700439453125,1263.8399658203125,1280.4100341796875,872800000
1999-09-27,1283.31005859375,1295.030029296875,1277.3599853515625,1277.3599853515625,780600000
1999-09-28,1282.199951171875,1285.550048828125,1256.260009765625,1283.31005859375,885400000
1999-09-29,1268.3699951171875,1288.8299560546875,1268.1600341796875,1282.199951171875,856000000
1999-09-30,1282.7099609375,1291.31005859375,1268.3699951171875,1268.3699951171875,1017600000
1999-10-01,1282.81005859375,1283.1700439453125,1265.780029296875,1282.7099609375,896200000
1999-10-04,1304.5999755859375,1304.5999755859375,1282.81005859375,1282.81005859375,803300000
1999-10-05,1301.3499755859375,1316.4100341796875,1286.43994140625,1304.5999755859375,965700000
1999-10-06,1325.4000244140625,1325.4599609375,1301.3499755859375,1301.3499755859375,895200000
1999-10-07,1317.6400146484375,1328.050048828125,1314.1300048828125,1325.4000244140625,827800000
1999-10-08,1336.02001953125,1336.6099853515625,1311.8800048828125,1317.6400146484375,897300000
1999-10-11,1335.2099609375,1339.22998046875,1332.9599609375,1336.02001953125,655900000
1999-10-12,1313.0400390625,1335.2099609375,1311.800048828125,1335.2099609375,778300000
1999-10-13,1285.550048828125,1313.0400390625,1282.800048828125,1313.0400390625,821500000
1999-10-14,1283.4200439453125,1289.6300048828125,1267.6199951171875,1285.550048828125,892300000
1999-10-15,1247.4100341796875,1283.4200439453125,1245.3900146484375,1283.4200439453125,912600000
1999-10-18,1254.1300048828125,1254.1300048828125,1233.699951171875,1247.4100341796875,818700000
1999-10-19,1261.3199462890625,1279.3199462890625,1254.1300048828125,1254.1300048828125,905700000
1999-10-20,1289.4300537109375,1289.43994140625,1261.3199462890625,1261.3199462890625,928800000
1999-10-21,1283.6099853515625,1289.4300537109375,1265.6099853515625,1289.4300537109375,1012500000
1999-10-22,1301.6500244140625,1308.81005859375,1283.6099853515625,1283.6099853515625,959200000
1999-10-25,1293.6300048828125,1301.6800537109375,1286.0699462890625,1301.6500244140625,777000000
1999-10-26,1281.9100341796875,1303.4599609375,1281.8599853515625,1293.6300048828125,878300000
1999-10-27,1296.7099609375,1299.3900146484375,1280.47998046875,1281.9100341796875,950100000
1999-10-28,1342.43994140625,1342.469970703125,1296.7099609375,1296.7099609375,1135100000
1999-10-29,1362.9300537109375,1373.1700439453125,1342.43994140625,1342.43994140625,1120500000
1999-11-01,1354.1199951171875,1367.300048828125,1354.050048828125,1362.9300537109375,861000000
1999-11-02,1347.739990234375,1369.3199462890625,1346.4100341796875,1354.1199951171875,904500000
1999-11-03,1354.9300537109375,1360.3299560546875,1347.739990234375,1347.739990234375,914400000
1999-11-04,1362.6400146484375,1369.4100341796875,1354.9300537109375,1354.9300537109375,981700000
1999-11-05,1370.22998046875,1387.47998046875,1362.6400146484375,1362.6400146484375,1007300000
1999-11-08,1377.010009765625,1380.780029296875,1365.8699951171875,1370.22998046875,806800000
1999-11-09,1365.280029296875,1383.81005859375,1361.449951171875,1377.010009765625,854300000
1999-11-10,1373.4599609375,1379.1800537109375,1359.97998046875,1365.280029296875,984700000
1999-11-11,1381.4599609375,1382.1199951171875,1372.18994140625,1373.4599609375,891300000
1999-11-12,1396.06005859375,1396.1199951171875,1368.5400390625,1381.4599609375,900200000
1999-11-15,1394.3900146484375,1398.5799560546875,1392.280029296875,1396.06005859375,795700000
1999-11-16,1420.0699462890625,1420.3599853515625,1394.3900146484375,1394.3900146484375,942200000
1999-11-17,1410.7099609375,1423.43994140625,1410.68994140625,1420.0699462890625,960000000
1999-11-18,1424.93994140625,1425.31005859375,1410.7099609375,1410.7099609375,1022800000
1999-11-19,1422.0,1424.93994140625,1417.5400390625,1424.93994140625,893800000
1999-11-22,1420.93994140625,1425.0,1412.4000244140625,1422.0,873500000
1999-11-23,1404.6400146484375,1423.9100341796875,1402.199951171875,1420.93994140625,926100000
1999-11-24,1417.0799560546875,1419.7099609375,1399.1700439453125,1404.6400146484375,734800000
1999-11-26,1416.6199951171875,1425.239990234375,1416.1400146484375,1417.0799560546875,312120000
1999-11-29,1407.8299560546875,1416.6199951171875,1404.1500244140625,1416.6199951171875,866100000
1999-11-30,1388.9100341796875,1410.5899658203125,1386.949951171875,1407.8299560546875,951500000
1999-12-01,1397.719970703125,1400.1199951171875,1387.3800048828125,1388.9100341796875,884000000
1999-12-02,1409.0400390625,1409.0400390625,1397.719970703125,1397.719970703125,900700000
1999-12-03,1433.300048828125,1447.4200439453125,1409.0400390625,1409.0400390625,1006400000
1999-12-06,1423.3299560546875,1434.1500244140625,1418.25,1433.300048828125,916800000
1999-12-07,1409.1700439453125,1426.81005859375,1409.1700439453125,1423.3299560546875,1085800000
1999-12-08,1403.8800048828125,1415.6600341796875,1403.8800048828125,1409.1700439453125,957000000
1999-12-09,1408.1099853515625,1418.4300537109375,1391.469970703125,1403.8800048828125,1122100000
1999-12-10,1417.0400390625,1421.5799560546875,1405.6500244140625,1408.1099853515625,987200000
1999-12-13,1415.219970703125,1421.5799560546875,1410.0999755859375,1417.0400390625,977600000
1999-12-14,1403.1700439453125,1418.300048828125,1401.5899658203125,1415.219970703125,1027800000
1999-12-15,1413.3299560546875,1417.4000244140625,1396.199951171875,1403.1700439453125,1033900000
1999-12-16,1418.780029296875,1423.1099853515625,1408.3499755859375,1413.3199462890625,1070300000
1999-12-17,1421.030029296875,1431.77001953125,1418.780029296875,1418.780029296875,1349800000
1999-12-20,1418.0899658203125,1429.1600341796875,1411.0999755859375,1421.030029296875,904600000
1999-12-21,1433.4300537109375,1436.469970703125,1414.800048828125,1418.0899658203125,963500000
1999-12-22,1436.1300048828125,1440.02001953125,1429.1300048828125,1433.4300537109375,850000000
1999-12-23,1458.3399658203125,1461.43994140625,1436.1300048828125,1436.1300048828125,728600000
1999-12-27,1457.0999755859375,1463.18994140625,1450.8299560546875,1458.3399658203125,722600000
1999-12-28,1457.6600341796875,1462.6800537109375,1452.780029296875,1457.0899658203125,655400000
1999-12-29,1463.4599609375,1467.469970703125,1457.6600341796875,1457.6600341796875,567860000
1999-12-30,1464.469970703125,1473.0999755859375,1462.5999755859375,1463.4599609375,554680000
1999-12-31,1469.25,1472.4200439453125,1458.18994140625,1464.469970703125,374050000
2000-01-03,1455.219970703125,1478.0,1438.3599853515625,1469.25,931800000
2000-01-04,1399.4200439453125,1455.219970703125,1397.4300537109375,1455.219970703125,1009000000
2000-01-05,1402.1099853515625,1413.27001953125,1377.6800537109375,1399.4200439453125,1085500000
2000-01-06,1403.449951171875,1411.9000244140625,1392.0999755859375,1402.1099853515625,1092300000
2000-01-07,1441.469970703125,1441.469970703125,1400.72998046875,1403.449951171875,1225200000
2000-01-10,1457.5999755859375,1464.3599853515625,1441.469970703125,1441.469970703125,1064800000
2000-01-11,1438.56005859375,1458.6600341796875,1434.4200439453125,1457.5999755859375,1014000000
2000-01-12,1432.25,1442.5999755859375,1427.0799560546875,1438.56005859375,974600000
2000-01-13,1449.6800537109375,1454.199951171875,1432.25,1432.25,1030400000
2000-01-14,1465.1500244140625,1473.0,1449.6800537109375,1449.6800537109375,1085900000
2000-01-18,1455.1400146484375,1465.1500244140625,1451.300048828125,1465.1500244140625,1056700000
2000-01-19,1455.9000244140625,1461.3900146484375,1448.6800537109375,1455.1400146484375,1087800000
2000-01-20,1445.5699462890625,1465.7099609375,1438.5400390625,1455.9000244140625,1100700000
2000-01-21,1441.3599853515625,1453.1800537109375,1439.5999755859375,1445.5699462890625,1209800000
2000-01-24,1401.530029296875,1454.0899658203125,1395.4200439453125,1441.3599853515625,1115800000
2000-01-25,1410.030029296875,1414.260009765625,1388.489990234375,1401.530029296875,1073700000
2000-01-26,1404.0899658203125,1412.72998046875,1400.1600341796875,1410.030029296875,1117300000
2000-01-27,1398.56005859375,1418.8599853515625,1370.989990234375,1404.0899658203125,1129500000
2000-01-28,1360.1600341796875,1398.56005859375,1356.199951171875,1398.56005859375,1095800000
2000-01-31,1394.4599609375,1394.47998046875,1350.1400146484375,1360.1600341796875,993800000
2000-02-01,1409.280029296875,1412.489990234375,1384.7900390625,1394.4599609375,981000000
2000-02-02,1409.1199951171875,1420.6099853515625,1403.489990234375,1409.280029296875,1038600000
2000-02-03,1424.969970703125,1425.780029296875,1398.52001953125,1409.1199951171875,1146500000
2000-02-04,1424.3699951171875,1435.9100341796875,1420.6300048828125,1424.969970703125,1045100000
2000-02-07,1424.239990234375,1427.1500244140625,1413.3299560546875,1424.3699951171875,918100000
2000-02-08,1441.719970703125,1441.8299560546875,1424.239990234375,1424.239990234375,1047700000
2000-02-09,1411.7099609375,1444.550048828125,1411.6500244140625,1441.719970703125,1050500000
2000-02-10,1416.8299560546875,1422.0999755859375,1406.4300537109375,1411.699951171875,1058800000
2000-02-11,1387.1199951171875,1416.8299560546875,1378.8900146484375,1416.8299560546875,1025700000
2000-02-14,1389.93994140625,1394.9300537109375,1380.530029296875,1387.1199951171875,927300000
2000-02-15,1402.050048828125,1407.719970703125,1376.25,1389.93994140625,1092100000
2000-02-16,1387.6700439453125,1404.550048828125,1385.5799560546875,1402.050048828125,1018800000
2000-02-17,1388.260009765625,1399.8800048828125,1380.0699462890625,1387.6700439453125,1034800000
2000-02-18,1346.0899658203125,1388.5899658203125,1345.3199462890625,1388.260009765625,1042300000
2000-02-22,1352.1700439453125,1358.1099853515625,1331.8800048828125,1346.0899658203125,980000000
2000-02-23,1360.68994140625,1370.1099853515625,1342.43994140625,1352.1700439453125,993700000
2000-02-24,1353.4300537109375,1364.800048828125,1329.8800048828125,1360.68994140625,1215000000
2000-02-25,1333.3599853515625,1362.1400146484375,1329.1500244140625,1353.4300537109375,1065200000
2000-02-28,1348.050048828125,1360.8199462890625,1325.0699462890625,1333.3599853515625,1026500000
2000-02-29,1366.4200439453125,1369.6300048828125,1348.050048828125,1348.050048828125,1204300000
2000-03-01,1379.18994140625,1383.4599609375,1366.4200439453125,1366.4200439453125,1274100000
2000-03-02,1381.760009765625,1386.56005859375,1370.3499755859375,1379.18994140625,1198600000
2000-03-03,1409.1700439453125,1410.8800048828125,1381.760009765625,1381.760009765625,1150300000
2000-03-06,1391.280029296875,1409.739990234375,1384.75,1409.1700439453125,1029000000
2000-03-07,1355.6199951171875,1399.2099609375,1349.989990234375,1391.280029296875,1314100000
2000-03-08,1366.699951171875,1373.7900390625,1346.6199951171875,1355.6199951171875,1203000000
2000-03-09,1401.68994140625,1401.8199462890625,1357.8800048828125,1366.699951171875,1123000000
2000-03-10,1395.0699462890625,1413.4599609375,1392.0699462890625,1401.68994140625,1138800000
2000-03-13,1383.6199951171875,1398.3900146484375,1364.8399658203125,1395.0699462890625,1016100000
2000-03-14,1359.1500244140625,1395.1500244140625,1359.1500244140625,1383.6199951171875,1094000000
2000-03-15,1392.1400146484375,1397.989990234375,1356.989990234375,1359.1500244140625,1302800000
2000-03-16,1458.469970703125,1458.469970703125,1392.1500244140625,1392.1500244140625,1482300000
2000-03-17,1464.469970703125,1477.3299560546875,1453.3199462890625,1458.469970703125,1295100000
2000-03-20,1456.6300048828125,1470.300048828125,1448.489990234375,1464.469970703125,920800000
2000-03-21,1493.8699951171875,1493.9200439453125,1446.06005859375,1456.6300048828125,1065900000
2000-03-22,1500.6400146484375,1505.0799560546875,1487.3299560546875,1493.8699951171875,1075000000
2000-03-23,1527.3499755859375,1532.5,1492.3900146484375,1500.6400146484375,1078300000
2000-03-24,1527.4599609375,1552.8699951171875,1516.8299560546875,1527.3499755859375,1052200000
2000-03-27,1523.8599853515625,1534.6300048828125,1518.4599609375,1527.4599609375,901000000
2000-03-28,1507.72998046875,1527.3599853515625,1507.0899658203125,1523.8599853515625,959100000
2000-03-29,1508.52001953125,1521.449951171875,1497.449951171875,1507.72998046875,1061900000
2000-03-30,1487.9200439453125,1517.3800048828125,1474.6300048828125,1508.52001953125,1193400000
2000-03-31,1498.5799560546875,1519.81005859375,1484.3800048828125,1487.9200439453125,1227400000
2000-04-03,1505.969970703125,1507.18994140625,1486.9599609375,1498.5799560546875,1021700000
2000-04-04,1494.72998046875,1526.449951171875,1416.4100341796875,1505.97998046875,1515460000
2000-04-05,1487.3699951171875,1506.550048828125,1478.050048828125,1494.72998046875,1110300000
2000-04-06,1501.3399658203125,1511.760009765625,1487.3699951171875,1487.3699951171875,1008000000
2000-04-07,1516.3499755859375,1518.6800537109375,1501.3399658203125,1501.3399658203125,891600000
2000-04-10,1504.4599609375,1527.18994140625,1503.3499755859375,1516.3499755859375,853700000
2000-04-11,1500.5899658203125,1512.800048828125,1486.780029296875,1504.4599609375,971400000
2000-04-12,1467.1700439453125,1509.0799560546875,1466.1500244140625,1500.5899658203125,1175900000
2000-04-13,1440.510009765625,1477.52001953125,1439.3399658203125,1467.1700439453125,1032000000
2000-04-14,1356.56005859375,1440.510009765625,1339.4000244140625,1440.510009765625,1279700000
2000-04-17,1401.43994140625,1401.530029296875,1346.5,1356.56005859375,1204700000
2000-04-18,1441.6099853515625,1441.6099853515625,1397.81005859375,1401.43994140625,1109400000
2000-04-19,1427.469970703125,1447.68994140625,1424.260009765625,1441.6099853515625,1001400000
2000-04-20,1434.5400390625,1435.489990234375,1422.0799560546875,1427.469970703125,896200000
2000-04-24,1429.8599853515625,1434.5400390625,1407.1300048828125,1434.5400390625,868700000
2000-04-25,1477.43994140625,1477.6700439453125,1429.8599853515625,1429.8599853515625,1071100000
2000-04-26,1460.989990234375,1482.93994140625,1456.97998046875,1477.43994140625,999600000
2000-04-27,1464.9200439453125,1469.2099609375,1434.81005859375,1460.989990234375,1111000000
2000-04-28,1452.4300537109375,1473.6199951171875,1448.1500244140625,1464.9200439453125,984600000
2000-05-01,1468.25,1481.510009765625,1452.4300537109375,1452.4300537109375,966300000
2000-05-02,1446.2900390625,1468.25,1445.219970703125,1468.25,1011500000
2000-05-03,1415.0999755859375,1446.2900390625,1398.3599853515625,1446.2900390625,991600000
2000-05-04,1409.5699462890625,1420.989990234375,1404.93994140625,1415.0999755859375,925800000
2000-05-05,1432.6300048828125,1436.030029296875,1405.0799560546875,1409.5699462890625,805500000
2000-05-08,1424.1700439453125,1432.6300048828125,1417.050048828125,1432.6300048828125,787600000
2000-05-09,1412.1400146484375,1430.280029296875,1401.8499755859375,1424.1700439453125,896600000
2000-05-10,1383.050048828125,1412.1400146484375,1375.1400146484375,1412.1400146484375,1006400000
2000-05-11,1407.81005859375,1410.260009765625,1383.050048828125,1383.050048828125,953600000
2000-05-12,1420.9599609375,1430.1300048828125,1407.81005859375,1407.81005859375,858200000
2000-05-15,1452.3599853515625,1452.3900146484375,1416.5400390625,1420.9599609375,854600000
2000-05-16,1466.0400390625,1470.4000244140625,1450.760009765625,1452.3599853515625,955500000
2000-05-17,1447.800048828125,1466.0400390625,1441.6700439453125,1466.0400390625,820500000
2000-05-18,1437.2099609375,1458.0400390625,1436.5899658203125,1447.800048828125,807900000
2000-05-19,1406.949951171875,1437.2099609375,1401.739990234375,1437.2099609375,853700000
2000-05-22,1400.719970703125,1410.550048828125,1368.72998046875,1406.949951171875,869000000
2000-05-23,1373.8599853515625,1403.77001953125,1373.4300537109375,1400.719970703125,869900000
2000-05-24,1399.050048828125,1401.75,1361.0899658203125,1373.8599853515625,1152300000
2000-05-25,1381.52001953125,1411.6500244140625,1373.9300537109375,1399.050048828125,984500000
2000-05-26,1378.02001953125,1391.4200439453125,1369.75,1381.52001953125,722600000
2000-05-30,1422.449951171875,1422.449951171875,1378.02001953125,1378.02001953125,844200000
2000-05-31,1420.5999755859375,1434.489990234375,1415.5,1422.43994140625,960500000
2000-06-01,1448.81005859375,1448.81005859375,1420.5999755859375,1420.5999755859375,960100000
2000-06-02,1477.260009765625,1483.22998046875,1448.81005859375,1448.81005859375,1162400000
2000-06-05,1467.6300048828125,1477.280029296875,1464.6800537109375,1477.260009765625,838600000
2000-06-06,1457.8399658203125,1471.3599853515625,1454.739990234375,1467.6300048828125,950100000
2000-06-07,1471.3599853515625,1474.6400146484375,1455.06005859375,1457.8399658203125,854600000
2000-06-08,1461.6700439453125,1475.6500244140625,1456.489990234375,1471.3599853515625,854300000
2000-06-09,1456.949951171875,1472.6700439453125,1454.9599609375,1461.6700439453125,786000000
2000-06-12,1446.0,1462.9300537109375,1445.989990234375,1456.949951171875,774100000
2000-06-13,1469.43994140625,1470.4200439453125,1442.3800048828125,1446.0,935900000
2000-06-14,1470.5400390625,1483.6199951171875,1467.7099609375,1469.43994140625,929700000
2000-06-15,1478.72998046875,1482.0400390625,1464.6199951171875,1470.5400390625,1011400000
2000-06-16,1464.4599609375,1480.77001953125,1460.4200439453125,1478.72998046875,1250800000
2000-06-19,1486.0,1488.9300537109375,1459.050048828125,1464.4599609375,921700000
2000-06-20,1475.949951171875,1487.3199462890625,1470.1800537109375,1486.0,1031500000
2000-06-21,1479.1300048828125,1482.18994140625,1468.0,1475.949951171875,1009600000
2000-06-22,1452.1800537109375,1479.1300048828125,1448.030029296875,1479.1300048828125,1022700000
2000-06-23,1441.47998046875,1459.93994140625,1438.31005859375,1452.1800537109375,847600000
2000-06-26,1455.31005859375,1459.6600341796875,1441.47998046875,1441.47998046875,889000000
2000-06-27,1450.550048828125,1463.3499755859375,1450.550048828125,1455.31005859375,1042500000
2000-06-28,1454.8199462890625,1467.6300048828125,1450.550048828125,1450.550048828125,1095100000
2000-06-29,1442.3900146484375,1455.1400146484375,1434.6300048828125,1454.8199462890625,1110900000
2000-06-30,1454.5999755859375,1454.6800537109375,1438.7099609375,1442.3900146484375,1459700000
2000-07-03,1469.5400390625,1469.5799560546875,1450.8499755859375,1454.5999755859375,451900000
2000-07-05,1446.22998046875,1469.5400390625,1442.449951171875,1469.5400390625,1019300000
2000-07-06,1456.6700439453125,1461.6500244140625,1439.56005859375,1446.22998046875,947300000
2000-07-07,1478.9000244140625,1484.1199951171875,1456.6700439453125,1456.6700439453125,931700000
2000-07-10,1475.6199951171875,1486.56005859375,1474.760009765625,1478.9000244140625,838700000
2000-07-11,1480.8800048828125,1488.77001953125,1470.47998046875,1475.6199951171875,980500000
2000-07-12,1492.9200439453125,1497.68994140625,1480.8800048828125,1480.8800048828125,1001200000
2000-07-13,1495.8399658203125,1501.3900146484375,1489.6500244140625,1492.9200439453125,1026800000
2000-07-14,1509.97998046875,1509.989990234375,1494.56005859375,1495.8399658203125,960600000
2000-07-17,1510.489990234375,1517.3199462890625,1505.260009765625,1509.97998046875,906000000
2000-07-18,1493.739990234375,1510.489990234375,1491.3499755859375,1510.489990234375,908300000
2000-07-19,1481.9599609375,1495.6300048828125,1479.9200439453125,1493.739990234375,909400000
2000-07-20,1495.5699462890625,1501.9200439453125,1481.9599609375,1481.9599609375,1064600000
2000-07-21,1480.18994140625,1495.5699462890625,1477.9100341796875,1495.5699462890625,968300000
2000-07-24,1464.2900390625,1485.8800048828125,1463.800048828125,1480.18994140625,880300000
2000-07-25,1474.469970703125,1476.22998046875,1464.2900390625,1464.2900390625,969400000
2000-07-26,1452.4200439453125,1474.469970703125,1452.4200439453125,1474.469970703125,1235800000
2000-07-27,1449.6199951171875,1464.9100341796875,1445.3299560546875,1452.4200439453125,1156400000
2000-07-28,1419.8900146484375,1456.6800537109375,1413.8900146484375,1449.6199951171875,980000000
2000-07-31,1430.8299560546875,1437.6500244140625,1418.7099609375,1419.8900146484375,952600000
2000-08-01,1438.0999755859375,1443.5400390625,1428.9599609375,1430.8299560546875,938700000
2000-08-02,1438.699951171875,1451.5899658203125,1433.489990234375,1438.0999755859375,994500000
2000-08-03,1452.56005859375,1454.18994140625,1425.4300537109375,1438.699951171875,1095600000
2000-08-04,1462.9300537109375,1462.9300537109375,1451.31005859375,1452.56005859375,956000000
2000-08-07,1479.3199462890625,1480.800048828125,1460.719970703125,1462.9300537109375,854800000
2000-08-08,1482.800048828125,1484.52001953125,1472.6099853515625,1479.3199462890625,992200000
2000-08-09,1472.8699951171875,1490.3299560546875,1471.1600341796875,1482.800048828125,1054000000
2000-08-10,1460.25,1475.1500244140625,1459.8900146484375,1472.8699951171875,940800000
2000-08-11,1471.8399658203125,1475.719970703125,1453.06005859375,1460.25,835500000
2000-08-14,1491.56005859375,1491.6400146484375,1468.56005859375,1471.8399658203125,783800000
2000-08-15,1484.4300537109375,1493.1199951171875,1482.739990234375,1491.56005859375,895900000
2000-08-16,1479.8499755859375,1496.0899658203125,1475.739990234375,1484.4300537109375,929800000
2000-08-17,1496.0699462890625,1499.3199462890625,1479.8499755859375,1479.8499755859375,922400000
2000-08-18,1491.719970703125,1499.469970703125,1488.989990234375,1496.0699462890625,821400000
2000-08-21,1499.47998046875,1502.8399658203125,1491.1300048828125,1491.719970703125,731600000
2000-08-22,1498.1300048828125,1508.449951171875,1497.4200439453125,1499.47998046875,818800000
2000-08-23,1505.969970703125,1507.199951171875,1489.52001953125,1498.1300048828125,871000000
2000-08-24,1508.31005859375,1511.1600341796875,1501.25,1505.969970703125,837100000
2000-08-25,1506.449951171875,1513.469970703125,1505.0899658203125,1508.31005859375,685600000
2000-08-28,1514.0899658203125,1523.949951171875,1506.449951171875,1506.449951171875,733600000
2000-08-29,1509.8399658203125,1514.81005859375,1505.4599609375,1514.0899658203125,795600000
2000-08-30,1502.5899658203125,1510.489990234375,1500.0899658203125,1509.8399658203125,818400000
2000-08-31,1517.6800537109375,1525.2099609375,1502.5899658203125,1502.5899658203125,1056600000
2000-09-01,1520.77001953125,1530.0899658203125,1515.530029296875,1517.6800537109375,767700000
2000-09-05,1507.0799560546875,1520.77001953125,1504.2099609375,1520.77001953125,838500000
2000-09-06,1492.25,1512.6099853515625,1492.1199951171875,1507.0799560546875,995100000
2000-09-07,1502.510009765625,1505.3399658203125,1492.25,1492.25,985500000
2000-09-08,1494.5,1502.510009765625,1489.8800048828125,1502.510009765625,961000000
2000-09-11,1489.260009765625,1506.760009765625,1483.010009765625,1494.5,899300000
2000-09-12,1481.989990234375,1496.9300537109375,1479.6700439453125,1489.260009765625,991200000
2000-09-13,1484.9100341796875,1487.449951171875,1473.6099853515625,1481.989990234375,1068300000
2000-09-14,1480.8699951171875,1494.1600341796875,1476.72998046875,1484.9100341796875,1014000000
2000-09-15,1465.81005859375,1480.9599609375,1460.219970703125,1480.8699951171875,1268400000
2000-09-18,1444.510009765625,1467.77001953125,1441.9200439453125,1465.81005859375,962500000
2000-09-19,1459.9000244140625,1461.1600341796875,1444.510009765625,1444.510009765625,1024900000
2000-09-20,1451.3399658203125,1460.489990234375,1430.949951171875,1459.9000244140625,1104000000
2000-09-21,1449.050048828125,1452.77001953125,1436.300048828125,1451.3399658203125,1105400000
2000-09-22,1448.719970703125,1449.050048828125,1421.8800048828125,1449.050048828125,1185500000
2000-09-25,1439.030029296875,1457.4200439453125,1435.9300537109375,1448.719970703125,982400000
2000-09-26,1427.2099609375,1448.0400390625,1425.25,1439.030029296875,1106600000
2000-09-27,1426.5699462890625,1437.219970703125,1419.43994140625,1427.2099609375,1174700000
2000-09-28,1458.2900390625,1461.68994140625,1425.780029296875,1426.5699462890625,1206200000
2000-09-29,1436.510009765625,1458.2900390625,1436.2900390625,1458.2900390625,1197100000
2000-10-02,1436.22998046875,1445.5999755859375,1429.8299560546875,1436.52001953125,1051200000
2000-10-03,1426.4599609375,1454.8199462890625,1425.280029296875,1436.22998046875,1098100000
2000-10-04,1434.3199462890625,1439.989990234375,1416.31005859375,1426.4599609375,1167400000
2000-10-05,1436.280029296875,1444.1700439453125,1431.800048828125,1434.3199462890625,1176100000
2000-10-06,1408.989990234375,1443.300048828125,1397.06005859375,1436.280029296875,1150100000
2000-10-09,1402.030029296875,1409.68994140625,1392.47998046875,1408.989990234375,716600000
2000-10-10,1387.02001953125,1408.8299560546875,1383.8499755859375,1402.030029296875,1044000000
2000-10-11,1364.5899658203125,1387.02001953125,1349.6700439453125,1387.02001953125,1387500000
2000-10-12,1329.780029296875,1374.9300537109375,1328.06005859375,1364.5899658203125,1388600000
2000-10-13,1374.1700439453125,1374.1700439453125,1327.0799560546875,1329.780029296875,1223900000
2000-10-16,1374.6199951171875,1379.47998046875,1365.06005859375,1374.1700439453125,1005400000
2000-10-17,1349.969970703125,1380.989990234375,1342.3399658203125,1374.6199951171875,1161500000
2000-10-18,1342.1300048828125,1356.6500244140625,1305.7900390625,1349.969970703125,1441700000
2000-10-19,1388.760009765625,1389.9300537109375,1342.1300048828125,1342.1300048828125,1297900000
2000-10-20,1396.9300537109375,1408.469970703125,1382.18994140625,1388.760009765625,1177400000
2000-10-23,1395.780029296875,1406.9599609375,1387.75,1396.9300537109375,1046800000
2000-10-24,1398.1300048828125,1415.6400146484375,1388.1300048828125,1395.780029296875,1158600000
2000-10-25,1364.9000244140625,1398.1300048828125,1362.2099609375,1398.1300048828125,1315600000
2000-10-26,1364.43994140625,1372.719970703125,1337.81005859375,1364.9000244140625,1303800000
2000-10-27,1379.5799560546875,1384.5699462890625,1364.1300048828125,1364.43994140625,1086300000
2000-10-30,1398.6600341796875,1406.3599853515625,1376.8599853515625,1379.5799560546875,1186500000
2000-10-31,1429.4000244140625,1432.219970703125,1398.6600341796875,1398.6600341796875,1366400000
2000-11-01,1421.219970703125,1429.5999755859375,1410.449951171875,1429.4000244140625,1206800000
2000-11-02,1428.3199462890625,1433.4000244140625,1421.219970703125,1421.219970703125,1167700000
2000-11-03,1426.68994140625,1433.2099609375,1420.9200439453125,1428.3199462890625,997700000
2000-11-06,1432.18994140625,1438.4599609375,1427.719970703125,1428.760009765625,930900000
2000-11-07,1431.8699951171875,1436.219970703125,1423.260009765625,1432.18994140625,880900000
2000-11-08,1409.280029296875,1437.280029296875,1408.780029296875,1431.8699951171875,909300000
2000-11-09,1400.1400146484375,1409.280029296875,1369.6800537109375,1409.280029296875,1111000000
2000-11-10,1365.97998046875,1400.1400146484375,1365.969970703125,1400.1400146484375,962500000
2000-11-13,1351.260009765625,1365.97998046875,1328.6199951171875,1365.97998046875,1129300000
2000-11-14,1382.949951171875,1390.06005859375,1351.260009765625,1351.260009765625,1118800000
2000-11-15,1389.81005859375,1395.9599609375,1374.75,1382.949951171875,1066800000
2000-11-16,1372.3199462890625,1394.760009765625,1370.3900146484375,1389.81005859375,956300000
2000-11-17,1367.719970703125,1384.8499755859375,1355.550048828125,1372.3199462890625,1070400000
2000-11-20,1342.6199951171875,1367.719970703125,1341.6700439453125,1367.719970703125,955800000
2000-11-21,1347.3499755859375,1355.8699951171875,1333.6199951171875,1342.6199951171875,1137100000
2000-11-22,1322.3599853515625,1347.3499755859375,1321.8900146484375,1347.3499755859375,963200000
2000-11-24,1341.77001953125,1343.8299560546875,1322.3599853515625,1322.3599853515625,404870000
2000-11-27,1348.969970703125,1362.5,1341.77001953125,1341.77001953125,946100000
2000-11-28,1336.0899658203125,1358.81005859375,1334.969970703125,1348.969970703125,1028200000
2000-11-29,1341.9300537109375,1352.3800048828125,1329.280029296875,1336.0899658203125,402100000
2000-11-30,1314.949951171875,1341.9100341796875,1294.9000244140625,1341.9100341796875,1186530000
2000-12-01,1315.22998046875,1334.6700439453125,1307.02001953125,1314.949951171875,1195200000
2000-12-04,1324.969970703125,1332.06005859375,1310.22998046875,1315.1800537109375,1103000000
2000-12-05,1376.5400390625,1376.56005859375,1324.969970703125,1324.969970703125,900300000
2000-12-06,1351.4599609375,1376.5400390625,1346.1500244140625,1376.5400390625,1399300000
2000-12-07,1343.550048828125,1353.5,1339.260009765625,1351.4599609375,1128000000
2000-12-08,1369.8900146484375,1380.3299560546875,1343.550048828125,1343.550048828125,1358300000
2000-12-11,1380.199951171875,1389.050048828125,1364.1400146484375,1369.8900146484375,1202400000
2000-12-12,1371.1800537109375,1380.27001953125,1370.27001953125,1380.199951171875,1083400000
2000-12-13,1359.989990234375,1385.8199462890625,1358.47998046875,1371.1800537109375,1195100000
2000-12-14,1340.9300537109375,1359.989990234375,1340.47998046875,1359.989990234375,1061300000
2000-12-15,1312.1500244140625,1340.9300537109375,1305.3800048828125,1340.9300537109375,1561100000
2000-12-18,1322.739990234375,1332.3199462890625,1312.1500244140625,1312.1500244140625,1189900000
2000-12-19,1305.5999755859375,1346.43994140625,1305.199951171875,1322.9599609375,1324900000
2000-12-20,1264.739990234375,1305.5999755859375,1261.1600341796875,1305.5999755859375,1421600000
2000-12-21,1274.8599853515625,1285.31005859375,1254.0699462890625,1264.739990234375,1449900000
2000-12-22,1305.949951171875,1305.969970703125,1274.8599853515625,1274.8599853515625,1087100000
2000-12-26,1315.18994140625,1315.93994140625,1301.6400146484375,1305.969970703125,806500000
2000-12-27,1328.9200439453125,1332.030029296875,1310.9599609375,1315.18994140625,1092700000
2000-12-28,1334.219970703125,1335.9300537109375,1325.780029296875,1328.9200439453125,1015300000
2000-12-29,1320.280029296875,1340.0999755859375,1317.510009765625,1334.219970703125,1035500000
2001-01-02,1283.27001953125,1320.280029296875,1276.050048828125,1320.280029296875,1129400000
2001-01-03,1347.56005859375,1347.760009765625,1274.6199951171875,1283.27001953125,1880700000
2001-01-04,1333.3399658203125,1350.239990234375,1329.1400146484375,1347.56005859375,2131000000
2001-01-05,1298.3499755859375,1334.77001953125,1294.949951171875,1333.3399658203125,1430800000
2001-01-08,1295.8599853515625,1298.3499755859375,1276.2900390625,1298.3499755859375,1115500000
2001-01-09,1300.800048828125,1311.719970703125,1295.1400146484375,1295.8599853515625,1191300000
2001-01-10,1313.27001953125,1313.760009765625,1287.280029296875,1300.800048828125,1296500000
2001-01-11,1326.8199462890625,1332.18994140625,1309.719970703125,1313.27001953125,1411200000
2001-01-12,1318.550048828125,1333.2099609375,1311.5899658203125,1326.8199462890625,1276000000
2001-01-16,1326.6500244140625,1327.81005859375,1313.3299560546875,1318.3199462890625,1205700000
2001-01-17,1329.469970703125,1346.9200439453125,1325.4100341796875,1326.6500244140625,1349100000
2001-01-18,1347.969970703125,1352.7099609375,1327.4100341796875,1329.8900146484375,1445000000
2001-01-19,1342.5400390625,1354.550048828125,1336.739990234375,1347.969970703125,1407800000
2001-01-22,1342.9000244140625,1353.6199951171875,1333.8399658203125,1342.5400390625,1164000000
2001-01-23,1360.4000244140625,1362.9000244140625,1339.6300048828125,1342.9000244140625,1232600000
2001-01-24,1364.300048828125,1369.75,1357.280029296875,1360.4000244140625,1309000000
2001-01-25,1357.510009765625,1367.3499755859375,1354.6300048828125,1364.300048828125,1258000000
2001-01-26,1354.949951171875,1357.510009765625,1342.75,1357.510009765625,1098000000
2001-01-29,1364.1700439453125,1365.5400390625,1350.3599853515625,1354.9200439453125,1053100000
2001-01-30,1373.72998046875,1375.6800537109375,1356.199951171875,1364.1700439453125,1149800000
2001-01-31,1366.010009765625,1383.3699951171875,1364.6600341796875,1373.72998046875,1295300000
2001-02-01,1373.469970703125,1373.5,1359.3399658203125,1366.010009765625,1118800000
2001-02-02,1349.469970703125,1376.3800048828125,1348.719970703125,1373.469970703125,1048400000
2001-02-05,1354.31005859375,1354.56005859375,1344.47998046875,1349.469970703125,1013000000
2001-02-06,1352.260009765625,1363.550048828125,1350.0400390625,1354.31005859375,1059600000
2001-02-07,1340.8900146484375,1352.260009765625,1334.260009765625,1352.260009765625,1158300000
2001-02-08,1332.530029296875,1350.3199462890625,1332.4200439453125,1341.0999755859375,1107200000
2001-02-09,1314.760009765625,1332.530029296875,1309.97998046875,1332.530029296875,1075500000
2001-02-12,1330.31005859375,1330.9599609375,1313.6400146484375,1314.760009765625,1039100000
2001-02-13,1318.800048828125,1336.6199951171875,1317.510009765625,1330.31005859375,1075200000
2001-02-14,1315.9200439453125,1320.72998046875,1304.719970703125,1318.800048828125,1150300000
2001-02-15,1326.6099853515625,1331.2900390625,1315.9200439453125,1315.9200439453125,1153700000
2001-02-16,1301.530029296875,1326.6099853515625,1293.1800537109375,1326.6099853515625,1257200000
2001-02-20,1278.93994140625,1307.1600341796875,1278.43994140625,1301.530029296875,1112200000
2001-02-21,1255.27001953125,1282.969970703125,1253.1600341796875,1278.93994140625,1208500000
2001-02-22,1252.8199462890625,1259.93994140625,1228.3299560546875,1255.27001953125,1365900000
2001-02-23,1245.8599853515625,1252.8199462890625,1215.43994140625,1252.8199462890625,1231300000
2001-02-26,1267.6500244140625,1267.68994140625,1241.7099609375,1245.8599853515625,1130800000
2001-02-27,1257.93994140625,1272.760009765625,1252.260009765625,1267.6500244140625,1114100000
2001-02-28,1239.93994140625,1263.469970703125,1229.6500244140625,1257.93994140625,1225300000
2001-03-01,1241.22998046875,1241.3599853515625,1214.5,1239.93994140625,1294900000
2001-03-02,1234.1800537109375,1251.010009765625,1219.739990234375,1241.22998046875,1294000000
2001-03-05,1241.4100341796875,1242.550048828125,1234.0400390625,1234.1800537109375,929200000
2001-03-06,1253.800048828125,1267.4200439453125,1241.4100341796875,1241.4100341796875,1091800000
2001-03-07,1261.8900146484375,1263.8599853515625,1253.800048828125,1253.800048828125,1132200000
2001-03-08,1264.739990234375,1266.5,1257.5999755859375,1261.8900146484375,1114100000
2001-03-09,1233.4200439453125,1264.739990234375,1228.4200439453125,1264.739990234375,1085900000
2001-03-12,1180.1600341796875,1233.4200439453125,1176.780029296875,1233.4200439453125,1229000000
2001-03-13,1197.6600341796875,1197.8299560546875,1171.5,1180.1600341796875,1360900000
2001-03-14,1166.7099609375,1197.6600341796875,1155.3499755859375,1197.6600341796875,1397400000
2001-03-15,1173.56005859375,1182.0400390625,1166.7099609375,1166.7099609375,1259500000
2001-03-16,1150.530029296875,1173.56005859375,1148.6400146484375,1173.56005859375,1543560000
2001-03-19,1170.81005859375,1173.5,1147.1800537109375,1150.530029296875,1126200000
2001-03-20,1142.6199951171875,1180.56005859375,1142.18994140625,1170.81005859375,1235900000
2001-03-21,1122.1400146484375,1149.3900146484375,1118.739990234375,1142.6199951171875,1346300000
2001-03-22,1117.5799560546875,1124.27001953125,1081.18994140625,1122.1400146484375,1723950000
2001-03-23,1139.8299560546875,1141.8299560546875,1117.5799560546875,1117.5799560546875,1364900000
2001-03-26,1152.68994140625,1160.02001953125,1139.8299560546875,1139.8299560546875,1114000000
2001-03-27,1182.1700439453125,1183.3499755859375,1150.9599609375,1152.68994140625,1314200000
2001-03-28,1153.2900390625,1182.1700439453125,1147.8299560546875,1182.1700439453125,1333400000
2001-03-29,1147.949951171875,1161.68994140625,1136.260009765625,1153.2900390625,1234500000
2001-03-30,1160.3299560546875,1162.800048828125,1143.8299560546875,1147.949951171875,1280800000
2001-04-02,1145.8699951171875,1169.510009765625,1137.510009765625,1160.3299560546875,1254900000
2001-04-03,1106.4599609375,1145.8699951171875,1100.18994140625,1145.8699951171875,1386100000
2001-04-04,1103.25,1117.5,1091.989990234375,1106.4599609375,1425590000
2001-04-05,1151.43994140625,1151.469970703125,1103.25,1103.25,1368000000
2001-04-06,1128.4300537109375,1151.43994140625,1119.2900390625,1151.43994140625,1266800000
2001-04-09,1137.5899658203125,1146.1300048828125,1126.3800048828125,1128.4300537109375,1062800000
2001-04-10,1168.3800048828125,1173.9200439453125,1137.5899658203125,1137.5899658203125,1349600000
2001-04-11,1165.8900146484375,1182.239990234375,1160.260009765625,1168.3800048828125,1290300000
2001-04-12,1183.5,1183.510009765625,1157.72998046875,1165.8900146484375,1102000000
2001-04-16,1179.6800537109375,1184.6400146484375,1167.3800048828125,1183.5,913900000
2001-04-17,1191.81005859375,1192.25,1168.9000244140625,1179.6800537109375,1109600000
2001-04-18,1238.1600341796875,1248.4200439453125,1191.81005859375,1191.81005859375,1918900000
2001-04-19,1253.68994140625,1253.7099609375,1233.3900146484375,1238.1600341796875,1486800000
2001-04-20,1242.97998046875,1253.699951171875,1234.4100341796875,1253.699951171875,1338700000
2001-04-23,1224.3599853515625,1242.97998046875,1217.469970703125,1242.97998046875,1012600000
2001-04-24,1209.469970703125,1233.5400390625,1208.8900146484375,1224.3599853515625,1216500000
2001-04-25,1228.75,1232.3599853515625,1207.3800048828125,1209.469970703125,1203600000
2001-04-26,1234.52001953125,1248.300048828125,1228.75,1228.75,1345200000
2001-04-27,1253.050048828125,1253.0699462890625,1234.52001953125,1234.52001953125,1091300000
2001-04-30,1249.4599609375,1269.300048828125,1243.989990234375,1253.050048828125,1266800000
2001-05-01,1266.43994140625,1266.469970703125,1243.550048828125,1249.4599609375,1181300000
2001-05-02,1267.4300537109375,1272.9300537109375,1257.699951171875,1266.43994140625,1342200000
2001-05-03,1248.5799560546875,1267.4300537109375,1239.8800048828125,1267.4300537109375,1137900000
2001-05-04,1266.6099853515625,1267.510009765625,1232.0,1248.5799560546875,1082100000
2001-05-07,1263.510009765625,1270.0,1259.18994140625,1266.6099853515625,949000000
2001-05-08,1261.199951171875,1267.010009765625,1253.0,1266.7099609375,1006300000
2001-05-09,1255.5400390625,1261.6500244140625,1247.8299560546875,1261.199951171875,1132400000
2001-05-10,1255.1800537109375,1268.1400146484375,1254.56005859375,1255.5400390625,1056700000
2001-05-11,1245.6700439453125,1259.8399658203125,1240.7900390625,1255.1800537109375,906200000
2001-05-14,1248.9200439453125,1249.6800537109375,1241.02001953125,1245.6700439453125,858200000
2001-05-15,1249.43994140625,1257.449951171875,1245.3599853515625,1248.9200439453125,1071800000
2001-05-16,1284.989990234375,1286.3900146484375,1243.02001953125,1249.43994140625,1405300000
2001-05-17,1288.489990234375,1296.47998046875,1282.6500244140625,1284.989990234375,1355600000
2001-05-18,1291.9599609375,1292.06005859375,1281.1500244140625,1288.489990234375,1130800000
2001-05-21,1312.8299560546875,1312.949951171875,1287.8699951171875,1291.9599609375,1174900000
2001-05-22,1309.3800048828125,1315.9300537109375,1306.8900146484375,1312.8299560546875,1260400000
2001-05-23,1289.050048828125,1309.3800048828125,1288.699951171875,1309.3800048828125,1134800000
2001-05-24,1293.1700439453125,1295.0400390625,1281.219970703125,1289.050048828125,1100700000
2001-05-25,1277.8900146484375,1293.1700439453125,1276.4200439453125,1293.1700439453125,828100000
2001-05-29,1267.9300537109375,1278.4200439453125,1265.4100341796875,1277.8900146484375,1026000000
2001-05-30,1248.0799560546875,1267.9300537109375,1245.9599609375,1267.9300537109375,1158600000
2001-05-31,1255.8199462890625,1261.9100341796875,1248.0699462890625,1248.0799560546875,1226600000
2001-06-01,1260.6700439453125,1265.3399658203125,1246.8800048828125,1255.8199462890625,1015000000
2001-06-04,1267.1099853515625,1267.1700439453125,1256.3599853515625,1260.6700439453125,836500000
2001-06-05,1283.5699462890625,1286.6199951171875,1267.1099853515625,1267.1099853515625,1116800000
2001-06-06,1270.030029296875,1283.8499755859375,1269.010009765625,1283.5699462890625,1061900000
2001-06-07,1276.9599609375,1277.0799560546875,1265.0799560546875,1270.030029296875,1089600000
2001-06-08,1264.9599609375,1277.1099853515625,1259.989990234375,1276.9599609375,726200000
2001-06-11,1254.3900146484375,1264.9599609375,1249.22998046875,1264.9599609375,870100000
2001-06-12,1255.8499755859375,1261.0,1235.75,1254.3900146484375,1136500000
2001-06-13,1241.5999755859375,1259.75,1241.5899658203125,1255.8499755859375,1063600000
2001-06-14,1219.8699951171875,1241.5999755859375,1218.9000244140625,1241.5999755859375,1242900000
2001-06-15,1214.3599853515625,1221.5,1203.030029296875,1219.8699951171875,1635550000
2001-06-18,1208.4300537109375,1221.22998046875,1208.3299560546875,1214.3599853515625,1111600000
2001-06-19,1212.5799560546875,1226.1099853515625,1207.7099609375,1208.4300537109375,1184900000
2001-06-20,1223.1400146484375,1225.6099853515625,1210.0699462890625,1212.5799560546875,1350100000
2001-06-21,1237.0400390625,1240.239990234375,1220.25,1223.1400146484375,1546820000
2001-06-22,1225.3499755859375,1237.72998046875,1221.4100341796875,1237.0400390625,1189200000
2001-06-25,1218.5999755859375,1231.5,1213.5999755859375,1225.3499755859375,1050100000
2001-06-26,1216.760009765625,1220.699951171875,1204.6400146484375,1218.5999755859375,1198900000
2001-06-27,1211.0699462890625,1219.9200439453125,1207.2900390625,1216.760009765625,1162100000
2001-06-28,1226.199951171875,1234.43994140625,1211.0699462890625,1211.0699462890625,1327300000
2001-06-29,1224.3800048828125,1237.2900390625,1221.1400146484375,1226.199951171875,1832360000
2001-07-02,1236.719970703125,1239.780029296875,1224.030029296875,1224.4200439453125,1128300000
2001-07-03,1234.449951171875,1236.7099609375,1229.4300537109375,1236.7099609375,622110000
2001-07-05,1219.239990234375,1234.449951171875,1219.1500244140625,1234.449951171875,934900000
2001-07-06,1190.5899658203125,1219.239990234375,1188.739990234375,1219.239990234375,1056700000
2001-07-09,1198.780029296875,1201.760009765625,1189.75,1190.5899658203125,1045700000
2001-07-10,1181.52001953125,1203.4300537109375,1179.9300537109375,1198.780029296875,1263800000
2001-07-11,1180.1800537109375,1184.9300537109375,1168.4599609375,1181.52001953125,1384100000
2001-07-12,1208.1400146484375,1210.25,1180.1800537109375,1180.1800537109375,1394000000
2001-07-13,1215.6800537109375,1218.5400390625,1203.6099853515625,1208.1400146484375,1121700000
2001-07-16,1202.449951171875,1219.6300048828125,1200.050048828125,1215.6800537109375,1039800000
2001-07-17,1214.43994140625,1215.3599853515625,1196.1400146484375,1202.449951171875,1238100000
2001-07-18,1207.7099609375,1214.43994140625,1198.3299560546875,1214.43994140625,1316300000
2001-07-19,1215.02001953125,1225.0400390625,1205.800048828125,1207.7099609375,1343500000
2001-07-20,1210.8499755859375,1215.68994140625,1207.0400390625,1215.02001953125,1170900000
2001-07-23,1191.030029296875,1215.219970703125,1190.5,1210.8499755859375,986900000
2001-07-24,1171.6500244140625,1191.030029296875,1165.5400390625,1191.030029296875,1198700000
2001-07-25,1190.489990234375,1190.52001953125,1171.280029296875,1171.6500244140625,1280700000
2001-07-26,1202.9300537109375,1204.1800537109375,1182.6500244140625,1190.489990234375,1213900000
2001-07-27,1205.8199462890625,1209.260009765625,1195.989990234375,1202.9300537109375,1015300000
2001-07-30,1204.52001953125,1209.050048828125,1200.4100341796875,1205.8199462890625,909100000
2001-07-31,1211.22998046875,1222.739990234375,1204.52001953125,1204.52001953125,1129200000
2001-08-01,1215.9300537109375,1223.0400390625,1211.22998046875,1211.22998046875,1340300000
2001-08-02,1220.75,1226.27001953125,1215.31005859375,1215.9300537109375,1218300000
2001-08-03,1214.3499755859375,1220.75,1205.31005859375,1220.75,939900000
2001-08-06,1200.47998046875,1214.3499755859375,1197.3499755859375,1214.3499755859375,811700000
2001-08-07,1204.4000244140625,1207.56005859375,1195.6400146484375,1200.469970703125,1012000000
2001-08-08,1183.530029296875,1206.7900390625,1181.27001953125,1204.4000244140625,1124600000
2001-08-09,1183.4300537109375,1184.7099609375,1174.6800537109375,1183.530029296875,1104200000
2001-08-10,1190.1600341796875,1193.3299560546875,1169.550048828125,1183.4300537109375,960900000
2001-08-13,1191.2900390625,1193.8199462890625,1185.1199951171875,1190.1600341796875,837600000
2001-08-14,1186.72998046875,1198.7900390625,1184.260009765625,1191.2900390625,964600000
2001-08-15,1178.02001953125,1191.2099609375,1177.6099853515625,1186.72998046875,1065600000
2001-08-16,1181.6600341796875,1181.800048828125,1166.0799560546875,1178.02001953125,1055400000
2001-08-17,1161.969970703125,1181.6600341796875,1156.0699462890625,1181.6600341796875,974300000
2001-08-20,1171.4100341796875,1171.4100341796875,1160.93994140625,1161.969970703125,897100000
2001-08-21,1157.260009765625,1179.8499755859375,1156.56005859375,1171.4100341796875,1041600000
2001-08-22,1165.31005859375,1168.56005859375,1153.3399658203125,1157.260009765625,1110800000
2001-08-23,1162.0899658203125,1169.8599853515625,1160.9599609375,1165.31005859375,986200000
2001-08-24,1184.9300537109375,1185.1500244140625,1162.0899658203125,1162.0899658203125,1043600000
2001-08-27,1179.2099609375,1186.8499755859375,1178.0699462890625,1184.9300537109375,842600000
2001-08-28,1161.510009765625,1179.6600341796875,1161.1700439453125,1179.2099609375,987100000
2001-08-29,1148.56005859375,1166.969970703125,1147.3800048828125,1161.510009765625,963700000
2001-08-30,1129.030029296875,1151.75,1124.8699951171875,1148.5999755859375,1157000000
2001-08-31,1133.5799560546875,1141.8299560546875,1126.3800048828125,1129.030029296875,920100000
2001-09-04,1132.93994140625,1155.4000244140625,1129.06005859375,1133.5799560546875,1178300000
2001-09-05,1131.739990234375,1135.52001953125,1114.8599853515625,1132.93994140625,1384500000
2001-09-06,1106.4000244140625,1131.739990234375,1105.8299560546875,1131.739990234375,1359700000
2001-09-07,1085.780029296875,1106.4000244140625,1082.1199951171875,1106.4000244140625,1424300000
2001-09-10,1092.5400390625,1096.93994140625,1073.1500244140625,1085.780029296875,1276600000
2001-09-17,1038.77001953125,1092.5400390625,1037.4599609375,1092.5400390625,2330830000
2001-09-18,1032.739990234375,1046.4200439453125,1029.25,1038.77001953125,1650410000
2001-09-19,1016.0999755859375,1038.9100341796875,984.6199951171875,1032.739990234375,2120550000
2001-09-20,984.5399780273438,1016.0999755859375,984.489990234375,1016.0999755859375,2004800000
2001-09-21,965.7999877929688,984.5399780273438,944.75,984.5399780273438,2317300000
2001-09-24,1003.4500122070312,1008.4400024414062,965.7999877929688,965.7999877929688,1746600000
2001-09-25,1012.27001953125,1017.1400146484375,998.3300170898438,1003.4500122070312,1613800000
2001-09-26,1007.0399780273438,1020.2899780273438,1002.6199951171875,1012.27001953125,1519100000
2001-09-27,1018.6099853515625,1018.9199829101562,998.239990234375,1007.0399780273438,1467000000
2001-09-28,1040.93994140625,1040.93994140625,1018.6099853515625,1018.6099853515625,1631500000
2001-10-01,1038.550048828125,1040.93994140625,1026.760009765625,1040.93994140625,1175600000
2001-10-02,1051.3299560546875,1051.3299560546875,1034.469970703125,1038.550048828125,1289800000
2001-10-03,1072.280029296875,1075.3800048828125,1041.47998046875,1051.3299560546875,1650600000
2001-10-04,1069.6300048828125,1084.1199951171875,1067.8199462890625,1072.280029296875,1609100000
2001-10-05,1071.3800048828125,1072.3499755859375,1053.5,1069.6199951171875,1301700000
2001-10-08,1062.43994140625,1071.3699951171875,1056.8800048828125,1071.3699951171875,979000000
2001-10-09,1056.75,1063.3699951171875,1053.8299560546875,1062.43994140625,1227800000
2001-10-10,1080.989990234375,1081.6199951171875,1052.760009765625,1056.75,1312400000
2001-10-11,1097.4300537109375,1099.1600341796875,1080.989990234375,1080.989990234375,1704580000
2001-10-12,1091.6500244140625,1097.4300537109375,1072.1500244140625,1097.4300537109375,1331400000
2001-10-15,1089.97998046875,1091.6500244140625,1078.18994140625,1091.6500244140625,1024700000
2001-10-16,1097.5400390625,1101.6600341796875,1087.1300048828125,1089.97998046875,1210500000
2001-10-17,1077.0899658203125,1107.1199951171875,1076.5699462890625,1097.5400390625,1452200000
2001-10-18,1068.6099853515625,1077.93994140625,1064.5400390625,1077.0899658203125,1262900000
2001-10-19,1073.47998046875,1075.52001953125,1057.239990234375,1068.6099853515625,1294900000
2001-10-22,1089.9000244140625,1090.5699462890625,1070.7900390625,1073.47998046875,1105700000
2001-10-23,1084.780029296875,1098.989990234375,1081.530029296875,1089.9000244140625,1317300000
2001-10-24,1085.199951171875,1090.260009765625,1079.97998046875,1084.780029296875,1336200000
2001-10-25,1100.0899658203125,1100.0899658203125,1065.6400146484375,1085.199951171875,1364400000
2001-10-26,1104.6099853515625,1110.6099853515625,1094.239990234375,1100.0899658203125,1244500000
2001-10-29,1078.300048828125,1104.6099853515625,1078.300048828125,1104.6099853515625,1106100000
2001-10-30,1059.7900390625,1078.300048828125,1053.6099853515625,1078.300048828125,1297400000
2001-10-31,1059.780029296875,1074.7900390625,1057.550048828125,1059.7900390625,1352500000
2001-11-01,1084.0999755859375,1085.6099853515625,1054.31005859375,1059.780029296875,1317400000
2001-11-02,1087.199951171875,1089.6300048828125,1075.5799560546875,1084.0999755859375,1121900000
2001-11-05,1102.8399658203125,1106.719970703125,1087.199951171875,1087.199951171875,1267700000
2001-11-06,1118.8599853515625,1119.72998046875,1095.3599853515625,1102.8399658203125,1356000000
2001-11-07,1115.800048828125,1126.6199951171875,1112.97998046875,1118.8599853515625,1411300000
2001-11-08,1118.5400390625,1135.75,1115.4200439453125,1115.800048828125,1517500000
2001-11-09,1120.31005859375,1123.02001953125,1111.1300048828125,1118.5400390625,1093800000
2001-11-12,1118.3299560546875,1121.7099609375,1098.3199462890625,1120.31005859375,991600000
2001-11-13,1139.0899658203125,1139.1400146484375,1118.3299560546875,1118.3299560546875,1370100000
2001-11-14,1141.2099609375,1148.280029296875,1132.8699951171875,1139.0899658203125,1443400000
2001-11-15,1142.239990234375,1146.4599609375,1135.06005859375,1141.2099609375,1454500000
2001-11-16,1138.6500244140625,1143.52001953125,1129.9200439453125,1142.239990234375,1337400000
2001-11-19,1151.06005859375,1151.06005859375,1138.6500244140625,1138.6500244140625,1316800000
2001-11-20,1142.6600341796875,1152.449951171875,1142.1700439453125,1151.06005859375,1330200000
2001-11-21,1137.030029296875,1142.6600341796875,1129.780029296875,1142.6600341796875,1029300000
2001-11-23,1150.3399658203125,1151.050048828125,1135.9000244140625,1137.030029296875,410300000
2001-11-26,1157.4200439453125,1157.8800048828125,1146.1700439453125,1150.3399658203125,1129800000
2001-11-27,1149.5,1163.3800048828125,1140.81005859375,1157.4200439453125,1288000000
2001-11-28,1128.52001953125,1149.5,1128.2900390625,1149.5,1423700000
2001-11-29,1140.199951171875,1140.4000244140625,1125.510009765625,1128.52001953125,1375700000
2001-11-30,1139.449951171875,1143.5699462890625,1135.8900146484375,1140.199951171875,1343600000
2001-12-03,1129.9000244140625,1139.449951171875,1125.780029296875,1139.449951171875,1202900000
2001-12-04,1144.800048828125,1144.800048828125,1128.8599853515625,1129.9000244140625,1318500000
2001-12-05,1170.3499755859375,1173.6199951171875,1143.77001953125,1143.77001953125,1765300000
2001-12-06,1167.0999755859375,1173.3499755859375,1164.4300537109375,1170.3499755859375,1487900000
2001-12-07,1158.31005859375,1167.0999755859375,1152.6600341796875,1167.0999755859375,1248200000
2001-12-10,1139.9300537109375,1158.31005859375,1139.6600341796875,1158.31005859375,1218700000
2001-12-11,1136.760009765625,1150.8900146484375,1134.3199462890625,1139.9300537109375,1367200000
2001-12-12,1137.0699462890625,1141.5799560546875,1126.010009765625,1136.760009765625,1449700000
2001-12-13,1119.3800048828125,1137.0699462890625,1117.8499755859375,1137.0699462890625,1511500000
2001-12-14,1123.0899658203125,1128.280029296875,1114.530029296875,1119.3800048828125,1306800000
2001-12-17,1134.3599853515625,1137.300048828125,1122.6600341796875,1123.0899658203125,1260400000
2001-12-18,1142.9200439453125,1145.0999755859375,1134.3599853515625,1134.3599853515625,1354000000
2001-12-19,1149.56005859375,1152.43994140625,1134.75,1142.9200439453125,1484900000
2001-12-20,1139.9300537109375,1151.4200439453125,1139.9300537109375,1149.56005859375,1490500000
2001-12-21,1144.8900146484375,1147.4599609375,1139.9300537109375,1139.9300537109375,1694000000
2001-12-24,1144.6500244140625,1147.8299560546875,1144.6199951171875,1144.8900146484375,439670000
2001-12-26,1149.3699951171875,1159.1800537109375,1144.6500244140625,1144.6500244140625,791100000
2001-12-27,1157.1300048828125,1157.1300048828125,1149.3699951171875,1149.3699951171875,876300000
2001-12-28,1161.02001953125,1164.6400146484375,1157.1300048828125,1157.1300048828125,917400000
2001-12-31,1148.0799560546875,1161.1600341796875,1148.0400390625,1161.02001953125,943600000
2002-01-02,1154.6700439453125,1154.6700439453125,1136.22998046875,1148.0799560546875,1171000000
2002-01-03,1165.27001953125,1165.27001953125,1154.010009765625,1154.6700439453125,1398900000
2002-01-04,1172.510009765625,1176.550048828125,1163.4200439453125,1165.27001953125,1513000000
2002-01-07,1164.8900146484375,1176.969970703125,1163.550048828125,1172.510009765625,1308300000
2002-01-08,1160.7099609375,1167.5999755859375,1157.4599609375,1164.8900146484375,1258800000
2002-01-09,1155.1400146484375,1174.260009765625,1151.8900146484375,1160.7099609375,1452000000
2002-01-10,1156.550048828125,1159.9300537109375,1150.8499755859375,1155.1400146484375,1299000000
2002-01-11,1145.5999755859375,1159.4100341796875,1145.449951171875,1156.550048828125,1211900000
2002-01-14,1138.4100341796875,1145.5999755859375,1138.1500244140625,1145.5999755859375,1286400000
2002-01-15,1146.18994140625,1148.81005859375,1136.8800048828125,1138.4100341796875,1386900000
2002-01-16,1127.5699462890625,1146.18994140625,1127.489990234375,1146.18994140625,1482500000
2002-01-17,1138.8800048828125,1139.27001953125,1127.5699462890625,1127.5699462890625,1380100000
2002-01-18,1127.5799560546875,1138.8800048828125,1124.449951171875,1138.8800048828125,1333300000
2002-01-22,1119.31005859375,1135.260009765625,1117.9100341796875,1127.5799560546875,1311600000
2002-01-23,1128.1800537109375,1131.93994140625,1117.4300537109375,1119.31005859375,1479200000
2002-01-24,1132.1500244140625,1139.5,1128.1800537109375,1128.1800537109375,1552800000
2002-01-25,1133.280029296875,1138.31005859375,1127.8199462890625,1132.1500244140625,1345100000
2002-01-28,1133.06005859375,1138.6300048828125,1126.6600341796875,1133.280029296875,1186800000
2002-01-29,1100.6400146484375,1137.469970703125,1098.739990234375,1133.06005859375,1812000000
2002-01-30,1113.5699462890625,1113.7900390625,1081.6600341796875,1100.6400146484375,2019600000
2002-01-31,1130.199951171875,1130.2099609375,1113.300048828125,1113.5699462890625,1557000000
2002-02-01,1122.199951171875,1130.199951171875,1118.510009765625,1130.199951171875,1367200000
2002-02-04,1094.43994140625,1122.199951171875,1092.25,1122.199951171875,1437600000
2002-02-05,1090.02001953125,1100.9599609375,1082.5799560546875,1094.43994140625,1778300000
2002-02-06,1083.510009765625,1093.5799560546875,1077.780029296875,1090.02001953125,1665800000
2002-02-07,1080.1700439453125,1094.030029296875,1078.43994140625,1083.510009765625,1441600000
2002-02-08,1096.219970703125,1096.300048828125,1079.9100341796875,1080.1700439453125,1371900000
2002-02-11,1111.93994140625,1112.010009765625,1094.6800537109375,1096.219970703125,1159400000
2002-02-12,1107.5,1112.6800537109375,1102.97998046875,1111.93994140625,1094200000
2002-02-13,1118.510009765625,1120.56005859375,1107.5,1107.5,1215900000
2002-02-14,1116.47998046875,1124.719970703125,1112.300048828125,1118.510009765625,1272500000
2002-02-15,1104.1800537109375,1117.0899658203125,1103.22998046875,1116.47998046875,1359200000
2002-02-19,1083.3399658203125,1104.1800537109375,1082.239990234375,1104.1800537109375,1189900000
2002-02-20,1097.97998046875,1098.3199462890625,1074.3599853515625,1083.3399658203125,1438900000
2002-02-21,1080.949951171875,1101.5,1080.239990234375,1097.97998046875,1381600000
2002-02-22,1089.8399658203125,1093.9300537109375,1074.3900146484375,1080.949951171875,1411000000
2002-02-25,1109.4300537109375,1112.7099609375,1089.8399658203125,1089.8399658203125,1367400000
2002-02-26,1109.3800048828125,1115.050048828125,1101.719970703125,1109.4300537109375,1309200000
2002-02-27,1109.8900146484375,1123.06005859375,1102.260009765625,1109.3800048828125,1393800000
2002-02-28,1106.72998046875,1121.5699462890625,1106.72998046875,1109.8900146484375,1392200000
2002-03-01,1131.780029296875,1131.7900390625,1106.72998046875,1106.72998046875,1456500000
2002-03-04,1153.8399658203125,1153.8399658203125,1130.9300537109375,1131.780029296875,1594300000
2002-03-05,1146.1400146484375,1157.739990234375,1144.780029296875,1153.8399658203125,1549300000
2002-03-06,1162.77001953125,1165.2900390625,1145.1099853515625,1146.1400146484375,1541300000
2002-03-07,1157.5400390625,1167.93994140625,1150.68994140625,1162.77001953125,1517400000
2002-03-08,1164.31005859375,1172.760009765625,1157.5400390625,1157.5400390625,1412000000
2002-03-11,1168.260009765625,1173.030029296875,1159.5799560546875,1164.31005859375,1210200000
2002-03-12,1165.5799560546875,1168.260009765625,1154.3399658203125,1168.260009765625,1304400000
2002-03-13,1154.0899658203125,1165.5799560546875,1151.010009765625,1165.5799560546875,1354000000
2002-03-14,1153.0400390625,1157.8299560546875,1151.0799560546875,1154.0899658203125,1208800000
2002-03-15,1166.1600341796875,1166.47998046875,1153.0400390625,1153.0400390625,1493900000
2002-03-18,1165.550048828125,1172.72998046875,1159.1400146484375,1166.1600341796875,1169500000
2002-03-19,1170.2900390625,1173.93994140625,1165.550048828125,1165.550048828125,1255000000
2002-03-20,1151.8499755859375,1170.2900390625,1151.6099853515625,1170.2900390625,1304900000
2002-03-21,1153.5899658203125,1155.0999755859375,1139.47998046875,1151.8499755859375,1339200000
2002-03-22,1148.699951171875,1156.489990234375,1144.5999755859375,1153.5899658203125,1243300000
2002-03-25,1131.8699951171875,1151.0400390625,1131.8699951171875,1148.699951171875,1057900000
2002-03-26,1138.489990234375,1147.0,1131.6099853515625,1131.8699951171875,1223600000
2002-03-27,1144.5799560546875,1146.949951171875,1135.3299560546875,1138.489990234375,1180100000
2002-03-28,1147.3900146484375,1154.449951171875,1144.5799560546875,1144.5799560546875,1147600000
2002-04-01,1146.5400390625,1147.8399658203125,1132.8699951171875,1147.3900146484375,1050900000
2002-04-02,1136.760009765625,1146.5400390625,1135.7099609375,1146.5400390625,1176700000
2002-04-03,1125.4000244140625,1138.8499755859375,1119.6800537109375,1136.760009765625,1219700000
2002-04-04,1126.3399658203125,1130.449951171875,1120.06005859375,1125.4000244140625,1283800000
2002-04-05,1122.72998046875,1133.31005859375,1119.489990234375,1126.3399658203125,1110200000
2002-04-08,1125.2900390625,1125.4100341796875,1111.7900390625,1122.72998046875,1095300000
2002-04-09,1117.800048828125,1128.2900390625,1116.72998046875,1125.2900390625,1235400000
2002-04-10,1130.469970703125,1131.760009765625,1117.800048828125,1117.800048828125,1447900000
2002-04-11,1103.68994140625,1130.469970703125,1102.4200439453125,1130.469970703125,1505600000
2002-04-12,1111.010009765625,1112.77001953125,1102.739990234375,1103.68994140625,1282100000
2002-04-15,1102.550048828125,1114.8599853515625,1099.4100341796875,1111.010009765625,1120400000
2002-04-16,1128.3699951171875,1129.4000244140625,1102.550048828125,1102.550048828125,1341300000
2002-04-17,1126.0699462890625,1133.0,1123.3699951171875,1128.3699951171875,1376900000
2002-04-18,1124.469970703125,1130.489990234375,1109.2900390625,1126.0699462890625,1359300000
2002-04-19,1125.1700439453125,1128.8199462890625,1122.5899658203125,1124.469970703125,1185000000
2002-04-22,1107.8299560546875,1125.1700439453125,1105.6199951171875,1125.1700439453125,1181800000
2002-04-23,1100.9599609375,1111.1700439453125,1098.93994140625,1107.8299560546875,1388500000
2002-04-24,1093.1400146484375,1108.4599609375,1092.510009765625,1100.9599609375,1373200000
2002-04-25,1091.47998046875,1094.3599853515625,1084.81005859375,1093.1400146484375,1517400000
2002-04-26,1076.3199462890625,1096.77001953125,1076.31005859375,1091.47998046875,1374200000
2002-04-29,1065.449951171875,1078.949951171875,1063.6199951171875,1076.3199462890625,1314700000
2002-04-30,1076.9200439453125,1082.6199951171875,1063.4599609375,1065.449951171875,1628600000
2002-05-01,1086.4599609375,1088.3199462890625,1065.2900390625,1076.9200439453125,1451400000
2002-05-02,1084.56005859375,1091.4200439453125,1079.4599609375,1086.4599609375,1364000000
2002-05-03,1073.4300537109375,1084.56005859375,1068.8900146484375,1084.56005859375,1284500000
2002-05-06,1052.6700439453125,1075.9599609375,1052.6500244140625,1073.4300537109375,1122600000
2002-05-07,1049.489990234375,1058.6700439453125,1048.9599609375,1052.6700439453125,1354700000
2002-05-08,1088.8499755859375,1088.9200439453125,1049.489990234375,1049.489990234375,1502000000
2002-05-09,1073.010009765625,1088.8499755859375,1072.22998046875,1088.8499755859375,1153000000
2002-05-10,1054.989990234375,1075.4300537109375,1053.9300537109375,1073.010009765625,1171900000
2002-05-13,1074.56005859375,1074.8399658203125,1053.9000244140625,1054.989990234375,1088600000
2002-05-14,1097.280029296875,1097.7099609375,1074.56005859375,1074.56005859375,1414500000
2002-05-15,1091.0699462890625,1104.22998046875,1088.93994140625,1097.280029296875,1420200000
2002-05-16,1098.22998046875,1099.2900390625,1089.1700439453125,1091.0699462890625,1256600000
2002-05-17,1106.5899658203125,1106.5899658203125,1096.77001953125,1098.22998046875,1274400000
2002-05-20,1091.8800048828125,1106.5899658203125,1090.6099853515625,1106.5899658203125,989800000
2002-05-21,1079.8800048828125,1099.550048828125,1079.0799560546875,1091.8800048828125,1200500000
2002-05-22,1086.02001953125,1086.02001953125,1075.6400146484375,1079.8800048828125,1136300000
2002-05-23,1097.0799560546875,1097.0999755859375,1080.550048828125,1086.02001953125,1192900000
2002-05-24,1083.8199462890625,1097.0799560546875,1082.18994140625,1097.0799560546875,885400000
2002-05-28,1074.550048828125,1085.97998046875,1070.31005859375,1083.8199462890625,996500000
2002-05-29,1067.6600341796875,1074.8299560546875,1067.6600341796875,1074.550048828125,1081800000
2002-05-30,1064.6600341796875,1069.5,1054.260009765625,1067.6600341796875,1286600000
2002-05-31,1067.1400146484375,1079.9300537109375,1064.6600341796875,1064.6600341796875,1277300000
2002-06-03,1040.6800537109375,1070.739990234375,1039.9000244140625,1067.1400146484375,1324300000
2002-06-04,1040.68994140625,1046.06005859375,1030.52001953125,1040.6800537109375,1466600000
2002-06-05,1049.9000244140625,1050.1099853515625,1038.8399658203125,1040.68994140625,1300100000
2002-06-06,1029.1500244140625,1049.9000244140625,1026.9100341796875,1049.9000244140625,1601500000
2002-06-07,1027.530029296875,1033.02001953125,1012.489990234375,1029.1500244140625,1341300000
2002-06-10,1030.739990234375,1038.1800537109375,1025.449951171875,1027.530029296875,1226200000
2002-06-11,1013.5999755859375,1039.0400390625,1012.9400024414062,1030.739990234375,1212400000
2002-06-12,1020.260009765625,1021.8499755859375,1002.5800170898438,1013.260009765625,1795720000
2002-06-13,1009.5599975585938,1023.469970703125,1008.1199951171875,1020.260009765625,1405500000
2002-06-14,1007.27001953125,1009.5599975585938,981.6300048828125,1009.5599975585938,1549000000
2002-06-17,1036.1700439453125,1036.1700439453125,1007.27001953125,1007.27001953125,1236600000
2002-06-18,1037.1400146484375,1040.8299560546875,1030.9200439453125,1036.1700439453125,1193100000
2002-06-19,1019.989990234375,1037.6099853515625,1017.8800048828125,1037.1400146484375,1336100000
2002-06-20,1006.2899780273438,1023.3300170898438,1004.5900268554688,1019.989990234375,1389700000
2002-06-21,989.1400146484375,1006.2899780273438,985.6500244140625,1006.2899780273438,1497200000
2002-06-24,992.719970703125,1002.1099853515625,970.8499755859375,989.1400146484375,1552600000
2002-06-25,976.1400146484375,1005.8800048828125,974.2100219726562,992.719970703125,1513700000
2002-06-26,973.530029296875,977.4299926757812,952.9199829101562,976.1400146484375,2014290000
2002-06-27,990.6400146484375,990.6699829101562,963.739990234375,973.530029296875,1908600000
2002-06-28,989.8200073242188,1001.7899780273438,988.3099975585938,990.6400146484375,2117000000
2002-07-01,968.6500244140625,994.4600219726562,967.4299926757812,989.8200073242188,1425500000
2002-07-02,948.0900268554688,968.6500244140625,945.5399780273438,968.6500244140625,1823000000
2002-07-03,953.989990234375,954.2999877929688,934.8699951171875,948.0900268554688,1527800000
2002-07-05,989.030029296875,989.0700073242188,953.989990234375,953.989990234375,699400000
2002-07-08,976.97998046875,993.5599975585938,972.9099731445312,989.030029296875,1184400000
2002-07-09,952.8300170898438,979.6300048828125,951.7100219726562,976.97998046875,1348900000
2002-07-10,920.469970703125,956.3400268554688,920.2899780273438,952.8300170898438,1816900000
2002-07-11,927.3699951171875,929.1599731445312,900.9400024414062,920.469970703125,2080480000
2002-07-12,921.3900146484375,934.3099975585938,913.7100219726562,927.3699951171875,1607400000
2002-07-15,917.9299926757812,921.3900146484375,876.4600219726562,921.3900146484375,2574800000
2002-07-16,900.9400024414062,918.6500244140625,897.1300048828125,917.9299926757812,1843700000
2002-07-17,906.0399780273438,926.52001953125,895.030029296875,901.0499877929688,2566500000
2002-07-18,881.5599975585938,907.7999877929688,880.5999755859375,905.4500122070312,1736300000
2002-07-19,847.75,881.5599975585938,842.0700073242188,881.5599975585938,2654100000
2002-07-22,819.8499755859375,854.1300048828125,813.260009765625,847.760009765625,2248060000
2002-07-23,797.7000122070312,827.6900024414062,796.1300048828125,819.8499755859375,2441020000
2002-07-24,843.4299926757812,844.3200073242188,775.6799926757812,797.7100219726562,2775560000
2002-07-25,838.6799926757812,853.8300170898438,816.1099853515625,843.4199829101562,2424700000
2002-07-26,852.8400268554688,852.8499755859375,835.9199829101562,838.6799926757812,1796100000
2002-07-29,898.9600219726562,898.9600219726562,852.8400268554688,852.8400268554688,1778650000
2002-07-30,902.780029296875,909.8099975585938,884.7000122070312,898.9600219726562,1826090000
2002-07-31,911.6199951171875,911.6400146484375,889.8800048828125,902.780029296875,2049360000
2002-08-01,884.6599731445312,911.6199951171875,882.47998046875,911.6199951171875,1672200000
2002-08-02,864.239990234375,884.719970703125,853.9500122070312,884.4000244140625,1538100000
2002-08-05,834.5999755859375,864.239990234375,833.4400024414062,864.239990234375,1425500000
2002-08-06,859.5700073242188,874.4400024414062,834.5999755859375,834.5999755859375,1514100000
2002-08-07,876.77001953125,878.739990234375,854.1500244140625,859.5700073242188,1490400000
2002-08-08,905.4600219726562,905.8400268554688,875.1699829101562,876.77001953125,1646700000
2002-08-09,908.6400146484375,913.9500122070312,890.77001953125,898.72998046875,1294900000
2002-08-12,903.7999877929688,908.6400146484375,892.3800048828125,908.6400146484375,1036500000
2002-08-13,884.2100219726562,911.7100219726562,883.6199951171875,903.7999877929688,1297700000
2002-08-14,919.6199951171875,920.2100219726562,876.2000122070312,884.2100219726562,1533800000
2002-08-15,930.25,933.2899780273438,918.1699829101562,919.6199951171875,1505100000
2002-08-16,928.77001953125,935.3800048828125,916.2100219726562,930.25,1265300000
2002-08-19,950.7000122070312,951.1699829101562,927.2100219726562,928.77001953125,1299800000
2002-08-20,937.4299926757812,950.7000122070312,931.8599853515625,950.7000122070312,1308500000
2002-08-21,949.3599853515625,951.5900268554688,931.3200073242188,937.4299926757812,1353100000
2002-08-22,962.7000122070312,965.0,946.4299926757812,949.3599853515625,1373000000
2002-08-23,940.8599853515625,962.7000122070312,937.1699829101562,962.7000122070312,1071500000
2002-08-26,947.9500122070312,950.7999877929688,930.4199829101562,940.8599853515625,1016900000
2002-08-27,934.8200073242188,955.8200073242188,930.3599853515625,947.9500122070312,1307700000
2002-08-28,917.8699951171875,934.8200073242188,913.2100219726562,934.8200073242188,1146600000
2002-08-29,917.7999877929688,924.5900268554688,903.3300170898438,917.8699951171875,1271100000
2002-08-30,916.0700073242188,928.1500244140625,910.1699829101562,917.7999877929688,929900000
2002-09-03,878.02001953125,916.0700073242188,877.510009765625,916.0700073242188,1289800000
2002-09-04,893.4000244140625,896.0999755859375,875.72998046875,878.02001953125,1372100000
2002-09-05,879.1500244140625,893.4000244140625,870.5,893.4000244140625,1401300000
2002-09-06,893.9199829101562,899.0700073242188,879.1500244140625,879.1500244140625,1184500000
2002-09-09,902.9600219726562,907.3400268554688,882.9199829101562,893.9199829101562,1130600000
2002-09-10,909.5800170898438,909.8900146484375,900.5,902.9600219726562,1186400000
2002-09-11,909.4500122070312,924.02001953125,908.469970703125,910.6300048828125,846600000
2002-09-12,886.9099731445312,909.4500122070312,884.8400268554688,909.4500122070312,1191600000
2002-09-13,889.8099975585938,892.75,877.0499877929688,886.9099731445312,1271000000
2002-09-16,891.0999755859375,891.8400268554688,878.9099731445312,889.8099975585938,1001400000
2002-09-17,873.52001953125,902.6799926757812,872.3800048828125,891.0999755859375,1448600000
2002-09-18,869.4600219726562,878.4500122070312,857.3900146484375,873.52001953125,1501000000
2002-09-19,843.3200073242188,869.4600219726562,843.0900268554688,869.4600219726562,1524000000
2002-09-20,845.3900146484375,849.3200073242188,839.0900268554688,843.3200073242188,1792800000
2002-09-23,833.7000122070312,845.3900146484375,825.760009765625,845.3900146484375,1381100000
2002-09-24,819.2899780273438,833.7000122070312,817.3800048828125,833.7000122070312,1670240000
2002-09-25,839.6599731445312,844.219970703125,818.4600219726562,819.27001953125,1651500000
2002-09-26,854.9500122070312,856.5999755859375,839.6599731445312,839.6599731445312,1650000000
2002-09-27,827.3699951171875,854.9500122070312,826.8400268554688,854.9500122070312,1507300000
2002-09-30,815.280029296875,827.3699951171875,800.2000122070312,827.3699951171875,1721870000
2002-10-01,847.9099731445312,847.9299926757812,812.8200073242188,815.280029296875,1780900000
2002-10-02,827.9099731445312,851.9299926757812,826.5,843.77001953125,1668900000
2002-10-03,818.9500122070312,840.02001953125,817.25,827.9099731445312,1674500000
2002-10-04,800.5800170898438,825.9000244140625,794.0999755859375,818.9500122070312,1835930000
2002-10-07,785.280029296875,808.2100219726562,782.9600219726562,800.5800170898438,1576500000
2002-10-08,798.5499877929688,808.8599853515625,779.5,785.280029296875,1938430000
2002-10-09,776.760009765625,798.5499877929688,775.7999877929688,798.5499877929688,1885030000
2002-10-10,803.9199829101562,806.510009765625,768.6300048828125,776.760009765625,2090230000
2002-10-11,835.3200073242188,843.27001953125,803.9199829101562,803.9199829101562,1854130000
2002-10-14,841.4400024414062,844.3900146484375,828.3699951171875,835.3200073242188,1200300000
2002-10-15,881.27001953125,881.27001953125,841.4400024414062,841.4400024414062,1956000000
2002-10-16,860.02001953125,881.27001953125,856.280029296875,881.27001953125,1585000000
2002-10-17,879.2000122070312,885.3499755859375,860.02001953125,860.02001953125,1780390000
2002-10-18,884.3900146484375,886.6799926757812,866.5800170898438,879.2000122070312,1423100000
2002-10-21,899.719970703125,900.6900024414062,873.0599975585938,884.3900146484375,1447000000
2002-10-22,890.1599731445312,899.719970703125,882.4000244140625,899.719970703125,1549200000
2002-10-23,896.1400146484375,896.1400146484375,873.8200073242188,890.1599731445312,1593900000
2002-10-24,882.5,902.9400024414062,879.0,896.1400146484375,1700570000
2002-10-25,897.6500244140625,897.7100219726562,877.030029296875,882.5,1340400000
2002-10-28,890.22998046875,907.4400024414062,886.1500244140625,897.6500244140625,1382600000
2002-10-29,882.1500244140625,890.6400146484375,867.9099731445312,890.22998046875,1529700000
2002-10-30,890.7100219726562,895.280029296875,879.1900024414062,882.1500244140625,1422300000
2002-10-31,885.760009765625,898.8300170898438,879.75,890.7100219726562,1641300000
2002-11-01,900.9600219726562,903.4199829101562,877.7100219726562,885.760009765625,1450400000
2002-11-04,908.3499755859375,924.5800170898438,900.9600219726562,900.9600219726562,1645900000
2002-11-05,915.3900146484375,915.8300170898438,904.9099731445312,908.3499755859375,1354100000
2002-11-06,923.760009765625,925.6599731445312,905.0,915.3900146484375,1674000000
2002-11-07,902.6500244140625,923.760009765625,898.6799926757812,923.760009765625,1466900000
2002-11-08,894.739990234375,910.1099853515625,891.6199951171875,902.6500244140625,1446500000
2002-11-11,876.1900024414062,894.739990234375,874.6300048828125,894.739990234375,1113000000
2002-11-12,882.9500122070312,894.2999877929688,876.1900024414062,876.1900024414062,1377100000
2002-11-13,882.530029296875,892.510009765625,872.0499877929688,882.9500122070312,1463400000
2002-11-14,904.27001953125,904.27001953125,882.530029296875,882.530029296875,1519000000
2002-11-15,909.8300170898438,910.2100219726562,895.3499755859375,904.27001953125,1400100000
2002-11-18,900.3599853515625,915.9099731445312,899.47998046875,909.8300170898438,1282600000
2002-11-19,896.739990234375,905.4500122070312,893.0900268554688,900.3599853515625,1337400000
2002-11-20,914.1500244140625,915.010009765625,894.9299926757812,896.739990234375,1517300000
2002-11-21,933.760009765625,935.1300048828125,914.1500244140625,914.1500244140625,2415100000
2002-11-22,930.5499877929688,937.280029296875,928.4099731445312,933.760009765625,1626800000
2002-11-25,932.8699951171875,937.1500244140625,923.3099975585938,930.5499877929688,1574000000
2002-11-26,913.3099975585938,932.8699951171875,912.0999755859375,932.8699951171875,1543600000
2002-11-27,938.8699951171875,940.4099731445312,913.3099975585938,913.3099975585938,1350300000
2002-11-29,936.3099975585938,941.8200073242188,935.5800170898438,938.8699951171875,643460000
2002-12-02,934.530029296875,954.280029296875,927.719970703125,936.3099975585938,1612000000
2002-12-03,920.75,934.530029296875,918.72998046875,934.530029296875,1488400000
2002-12-04,917.5800170898438,925.25,909.510009765625,920.75,1588900000
2002-12-05,906.5499877929688,921.489990234375,905.9000244140625,917.5800170898438,1250200000
2002-12-06,912.22998046875,915.47998046875,895.9600219726562,906.5499877929688,1241100000
2002-12-09,892.0,912.22998046875,891.969970703125,912.22998046875,1320800000
2002-12-10,904.4500122070312,904.9500122070312,892.0,892.0,1286600000
2002-12-11,904.9600219726562,909.9400024414062,896.47998046875,904.4500122070312,1285100000
2002-12-12,901.5800170898438,908.3699951171875,897.0,904.9600219726562,1255300000
2002-12-13,889.47998046875,901.5800170898438,888.47998046875,901.5800170898438,1330800000
2002-12-16,910.4000244140625,910.4199829101562,889.47998046875,889.47998046875,1271600000
2002-12-17,902.989990234375,911.219970703125,901.739990234375,910.4000244140625,1251800000
2002-12-18,891.1199951171875,902.989990234375,887.8200073242188,902.989990234375,1446200000
2002-12-19,884.25,899.1900024414062,880.3200073242188,890.02001953125,1385900000
2002-12-20,895.760009765625,897.7899780273438,884.25,884.25,1782730000
2002-12-23,897.3800048828125,902.4299926757812,892.260009765625,895.739990234375,1112100000
2002-12-24,892.469970703125,897.3800048828125,892.2899780273438,897.3800048828125,458310000
2002-12-26,889.6599731445312,903.8900146484375,887.47998046875,892.469970703125,721100000
2002-12-27,875.4000244140625,890.4600219726562,873.6199951171875,889.6599731445312,758400000
2002-12-30,879.3900146484375,882.0999755859375,870.22998046875,875.4000244140625,1057800000
2002-12-31,879.8200073242188,881.9299926757812,869.4500122070312,879.3900146484375,1088500000
2003-01-02,909.030029296875,909.030029296875,879.8200073242188,879.8200073242188,1229200000
2003-01-03,908.5900268554688,911.25,903.0700073242188,909.030029296875,1130800000
2003-01-06,929.010009765625,931.77001953125,908.5900268554688,908.5900268554688,1435900000
2003-01-07,922.9299926757812,930.8099975585938,919.9299926757812,929.010009765625,1545200000
2003-01-08,909.9299926757812,922.9299926757812,908.3200073242188,922.9299926757812,1467600000
2003-01-09,927.5700073242188,928.3099975585938,909.9299926757812,909.9299926757812,1560300000
2003-01-10,927.5700073242188,932.8900146484375,917.6599731445312,927.5800170898438,1485400000
2003-01-13,926.260009765625,935.0499877929688,922.0499877929688,927.5700073242188,1396300000
2003-01-14,931.6599731445312,931.6599731445312,921.719970703125,926.260009765625,1379400000
2003-01-15,918.219970703125,932.5900268554688,916.7000122070312,931.6599731445312,1432100000
2003-01-16,914.5999755859375,926.030029296875,911.97998046875,918.219970703125,1534600000
2003-01-17,901.780029296875,914.5999755859375,899.02001953125,914.5999755859375,1358200000
2003-01-21,887.6199951171875,906.0,887.6199951171875,901.780029296875,1335200000
2003-01-22,878.3599853515625,889.739990234375,877.6400146484375,887.6199951171875,1560800000
2003-01-23,887.3400268554688,890.25,876.8900146484375,878.3599853515625,1744550000
2003-01-24,861.4000244140625,887.3400268554688,859.7100219726562,887.3400268554688,1574800000
2003-01-27,847.47998046875,863.9500122070312,844.25,861.4000244140625,1435900000
2003-01-28,858.5399780273438,860.760009765625,847.47998046875,847.47998046875,1459100000
2003-01-29,864.3599853515625,868.719970703125,845.8599853515625,858.5399780273438,1595400000
2003-01-30,844.6099853515625,865.47998046875,843.739990234375,864.3599853515625,1510300000
2003-01-31,855.7000122070312,858.3300170898438,840.3400268554688,844.6099853515625,1578530000
2003-02-03,860.3200073242188,864.6400146484375,855.7000122070312,855.7000122070312,1258500000
2003-02-04,848.2000122070312,860.3200073242188,840.1900024414062,860.3200073242188,1451600000
2003-02-05,843.5900268554688,861.6300048828125,842.1099853515625,848.2000122070312,1450800000
2003-02-06,838.1500244140625,844.22998046875,833.25,843.5900268554688,1430900000
2003-02-07,829.6900024414062,845.72998046875,826.7000122070312,838.1500244140625,1276800000
2003-02-10,835.969970703125,837.1599731445312,823.530029296875,829.6900024414062,1238200000
2003-02-11,829.2000122070312,843.02001953125,825.0900268554688,835.969970703125,1307000000
2003-02-12,818.6799926757812,832.1199951171875,818.489990234375,829.2000122070312,1260500000
2003-02-13,817.3699951171875,821.25,806.2899780273438,818.6799926757812,1489300000
2003-02-14,834.8900146484375,834.8900146484375,815.030029296875,817.3699951171875,1404600000
2003-02-18,851.1699829101562,852.8699951171875,834.8900146484375,834.8900146484375,1250800000
2003-02-19,845.1300048828125,851.1699829101562,838.7899780273438,851.1699829101562,1075600000
2003-02-20,837.0999755859375,849.3699951171875,836.5599975585938,845.1300048828125,1194100000
2003-02-21,848.1699829101562,852.280029296875,831.47998046875,837.0999755859375,1398200000
2003-02-24,832.5800170898438,848.1699829101562,832.1599731445312,848.1699829101562,1229200000
2003-02-25,838.5700073242188,839.5499877929688,818.5399780273438,832.5800170898438,1483700000
2003-02-26,827.5499877929688,840.0999755859375,826.6799926757812,838.5700073242188,1374400000
2003-02-27,837.280029296875,842.1900024414062,827.5499877929688,827.5499877929688,1287800000
2003-02-28,841.1500244140625,847.0,837.280029296875,837.280029296875,1373300000
2003-03-03,834.8099975585938,852.3400268554688,832.739990234375,841.1500244140625,1208900000
2003-03-04,821.989990234375,835.4299926757812,821.9600219726562,834.8099975585938,1256600000
2003-03-05,829.8499755859375,829.8699951171875,819.0,821.989990234375,1332700000
2003-03-06,822.0999755859375,829.8499755859375,819.8499755859375,829.8499755859375,1299200000
2003-03-07,828.8900146484375,829.5499877929688,811.22998046875,822.0999755859375,1368500000
2003-03-10,807.47998046875,828.8900146484375,806.5700073242188,828.8900146484375,1255000000
2003-03-11,800.72998046875,814.25,800.2999877929688,807.47998046875,1427700000
2003-03-12,804.1900024414062,804.1900024414062,788.9000244140625,800.72998046875,1620000000
2003-03-13,831.9000244140625,832.02001953125,804.1900024414062,804.1900024414062,1816300000
2003-03-14,833.27001953125,841.3900146484375,828.260009765625,831.8900146484375,1541900000
2003-03-17,862.7899780273438,862.7899780273438,827.1699829101562,833.27001953125,1700420000
2003-03-18,866.4500122070312,866.9400024414062,857.3599853515625,862.7899780273438,1555100000
2003-03-19,874.02001953125,874.989990234375,861.2100219726562,866.4500122070312,1473400000
2003-03-20,875.6699829101562,879.5999755859375,859.010009765625,874.02001953125,1439100000
2003-03-21,895.7899780273438,895.9000244140625,875.8400268554688,875.8400268554688,1883710000
2003-03-24,864.22998046875,895.7899780273438,862.02001953125,895.7899780273438,1293000000
2003-03-25,874.739990234375,879.8699951171875,862.5900268554688,864.22998046875,1333400000
2003-03-26,869.9500122070312,875.7999877929688,866.469970703125,874.739990234375,1319700000
2003-03-27,868.52001953125,874.1500244140625,858.0900268554688,869.9500122070312,1232900000
2003-03-28,863.5,869.8800048828125,860.8300170898438,868.52001953125,1227000000
2003-03-31,848.1799926757812,863.5,843.6799926757812,863.5,1495500000
2003-04-01,858.47998046875,861.280029296875,847.8499755859375,848.1799926757812,1461600000
2003-04-02,880.9000244140625,884.5700073242188,858.47998046875,858.47998046875,1589800000
2003-04-03,876.4500122070312,885.8900146484375,876.1199951171875,880.9000244140625,1339500000
2003-04-04,878.8499755859375,882.72998046875,874.22998046875,876.4500122070312,1241200000
2003-04-07,879.9299926757812,904.8900146484375,878.8499755859375,878.8499755859375,1494000000
2003-04-08,878.2899780273438,883.1099853515625,874.6799926757812,879.9299926757812,1235400000
2003-04-09,865.989990234375,887.3499755859375,865.719970703125,878.2899780273438,1293700000
2003-04-10,871.5800170898438,871.780029296875,862.760009765625,865.989990234375,1275300000
2003-04-11,868.2999877929688,883.3400268554688,865.9199829101562,871.5800170898438,1141600000
2003-04-14,885.22998046875,885.260009765625,868.2999877929688,868.2999877929688,1131000000
2003-04-15,890.8099975585938,891.27001953125,881.8499755859375,885.22998046875,1460200000
2003-04-16,879.9099731445312,896.77001953125,877.9299926757812,890.8099975585938,1587600000
2003-04-17,893.5800170898438,893.8300170898438,879.2000122070312,879.9099731445312,1430600000
2003-04-21,892.010009765625,898.010009765625,888.1699829101562,893.5800170898438,1118700000
2003-04-22,911.3699951171875,911.739990234375,886.7000122070312,892.010009765625,1631200000
2003-04-23,919.02001953125,919.739990234375,909.8900146484375,911.3699951171875,1667200000
2003-04-24,911.4299926757812,919.02001953125,906.6900024414062,919.02001953125,1648100000
2003-04-25,898.8099975585938,911.4299926757812,897.52001953125,911.4299926757812,1335800000
2003-04-28,914.8400268554688,918.1500244140625,898.8099975585938,898.8099975585938,1273000000
2003-04-29,917.8400268554688,924.239990234375,911.0999755859375,914.8400268554688,1525600000
2003-04-30,916.9199829101562,922.010009765625,911.7000122070312,917.8400268554688,1788510000
2003-05-01,916.2999877929688,919.6799926757812,902.8300170898438,916.9199829101562,1397500000
2003-05-02,930.0800170898438,930.5599975585938,912.3499755859375,916.2999877929688,1554300000
2003-05-05,926.5499877929688,933.8800048828125,924.5499877929688,930.0800170898438,1446300000
2003-05-06,934.3900146484375,939.6099853515625,926.3800048828125,926.5499877929688,1649600000
2003-05-07,929.6199951171875,937.219970703125,926.4099731445312,934.3900146484375,1531900000
2003-05-08,920.27001953125,929.6199951171875,919.719970703125,929.6199951171875,1379600000
2003-05-09,933.4099731445312,933.77001953125,920.27001953125,920.27001953125,1326100000
2003-05-12,945.1099853515625,946.8400268554688,929.2999877929688,933.4099731445312,1378800000
2003-05-13,942.2999877929688,947.510009765625,938.9099731445312,945.1099853515625,1418100000
2003-05-14,939.280029296875,947.2899780273438,935.239990234375,942.2999877929688,1401800000
2003-05-15,946.6699829101562,948.22998046875,938.7899780273438,939.280029296875,1508700000
2003-05-16,944.2999877929688,948.6500244140625,938.5999755859375,946.6699829101562,1505500000
2003-05-19,920.77001953125,944.2999877929688,920.22998046875,944.2999877929688,1375700000
2003-05-20,919.72998046875,925.3400268554688,912.0499877929688,920.77001953125,1505300000
2003-05-21,923.4199829101562,923.8499755859375,914.9099731445312,919.72998046875,1457800000
2003-05-22,931.8699951171875,935.2999877929688,922.5399780273438,923.4199829101562,1448500000
2003-05-23,933.219970703125,935.2000122070312,927.4199829101562,931.8699951171875,1201000000
2003-05-27,951.47998046875,952.760009765625,927.3300170898438,933.219970703125,1532000000
2003-05-28,953.219970703125,959.3900146484375,950.1199951171875,951.47998046875,1559000000
2003-05-29,949.6400146484375,962.0800170898438,946.22998046875,953.219970703125,1685800000
2003-05-30,963.5900268554688,965.3800048828125,949.6400146484375,949.6400146484375,1688800000
2003-06-02,967.0,979.1099853515625,963.5900268554688,963.5900268554688,1662500000
2003-06-03,971.5599975585938,973.02001953125,964.469970703125,967.0,1450200000
2003-06-04,986.239990234375,987.8499755859375,970.719970703125,971.5599975585938,1618700000
2003-06-05,990.1400146484375,990.1400146484375,978.1300048828125,986.239990234375,1693100000
2003-06-06,987.760009765625,1007.6900024414062,986.010009765625,990.1400146484375,1837200000
2003-06-09,975.9299926757812,987.760009765625,972.5900268554688,987.760009765625,1307000000
2003-06-10,984.8400268554688,984.8400268554688,975.9299926757812,975.9299926757812,1275400000
2003-06-11,997.47998046875,997.47998046875,981.6099853515625,984.8400268554688,1520000000
2003-06-12,998.510009765625,1002.739990234375,991.27001953125,997.47998046875,1553100000
2003-06-13,988.6099853515625,1000.9199829101562,984.27001953125,998.510009765625,1271600000
2003-06-16,1010.739990234375,1010.8599853515625,988.6099853515625,988.6099853515625,1345900000
2003-06-17,1011.6599731445312,1015.3300170898438,1007.0399780273438,1010.739990234375,1479700000
2003-06-18,1010.0900268554688,1015.1199951171875,1004.6099853515625,1011.6599731445312,1488900000
2003-06-19,994.7000122070312,1011.219970703125,993.0800170898438,1010.0900268554688,1530100000
2003-06-20,995.6900024414062,1002.0900268554688,993.3599853515625,994.7000122070312,1698000000
2003-06-23,981.6400146484375,995.6900024414062,977.4000244140625,995.6900024414062,1398100000
2003-06-24,983.4500122070312,987.8400268554688,979.0800170898438,981.6400146484375,1388300000
2003-06-25,975.3200073242188,991.6400146484375,974.8599853515625,983.4500122070312,1459200000
2003-06-26,985.8200073242188,986.530029296875,973.7999877929688,975.3200073242188,1387400000
2003-06-27,976.219970703125,988.8800048828125,974.2899780273438,985.8200073242188,1267800000
2003-06-30,974.5,983.6099853515625,973.5999755859375,976.219970703125,1587200000
2003-07-01,982.3200073242188,983.260009765625,962.0999755859375,974.5,1460200000
2003-07-02,993.75,993.780029296875,982.3200073242188,982.3200073242188,1519300000
2003-07-03,985.7000122070312,995.0,983.3400268554688,993.75,775900000
2003-07-07,1004.4199829101562,1005.5599975585938,985.7000122070312,985.7000122070312,1429100000
2003-07-08,1007.8400268554688,1008.9199829101562,998.72998046875,1004.4199829101562,1565700000
2003-07-09,1002.2100219726562,1010.4299926757812,998.1699829101562,1007.8400268554688,1618000000
2003-07-10,988.7000122070312,1002.2100219726562,983.6300048828125,1002.2100219726562,1465700000
2003-07-11,998.1400146484375,1000.8599853515625,988.7000122070312,988.7000122070312,1212700000
2003-07-14,1003.8599853515625,1015.4099731445312,998.1400146484375,998.1400146484375,1448900000
2003-07-15,1000.4199829101562,1009.6099853515625,996.6699829101562,1003.8599853515625,1518600000
2003-07-16,994.0900268554688,1003.469970703125,989.2999877929688,1000.4199829101562,1662000000
2003-07-17,981.72998046875,994.0,978.5999755859375,994.0,1661400000
2003-07-18,993.3200073242188,994.25,981.7100219726562,981.72998046875,1365200000
2003-07-21,978.7999877929688,993.3200073242188,975.6300048828125,993.3200073242188,1254200000
2003-07-22,988.1099853515625,990.2899780273438,976.0800170898438,978.7999877929688,1439700000
2003-07-23,988.6099853515625,989.8599853515625,979.7899780273438,988.1099853515625,1362700000
2003-07-24,981.5999755859375,998.8900146484375,981.0700073242188,988.6099853515625,1559000000
2003-07-25,998.6799926757812,998.7100219726562,977.489990234375,981.5999755859375,1397500000
2003-07-28,996.52001953125,1000.6799926757812,993.5900268554688,998.6799926757812,1328600000
2003-07-29,989.280029296875,998.6400146484375,984.1500244140625,996.52001953125,1508900000
2003-07-30,987.489990234375,992.6199951171875,985.9600219726562,989.280029296875,1391900000
2003-07-31,990.3099975585938,1004.5900268554688,987.489990234375,987.489990234375,1608000000
2003-08-01,980.1500244140625,990.3099975585938,978.8599853515625,990.3099975585938,1390600000
2003-08-04,982.8200073242188,985.75,966.7899780273438,980.1500244140625,1318700000
2003-08-05,965.4600219726562,982.8200073242188,964.969970703125,982.8200073242188,1351700000
2003-08-06,967.0800170898438,975.739990234375,960.8400268554688,965.4600219726562,1491000000
2003-08-07,974.1199951171875,974.8900146484375,963.8200073242188,967.0800170898438,1389300000
2003-08-08,977.5900268554688,980.5700073242188,973.8300170898438,974.1199951171875,1086600000
2003-08-11,980.5900268554688,985.4600219726562,974.2100219726562,977.5900268554688,1022200000
2003-08-12,990.3499755859375,990.4099731445312,979.9000244140625,980.5900268554688,1132300000
2003-08-13,984.030029296875,992.5,980.8499755859375,990.3499755859375,1208800000
2003-08-14,990.510009765625,991.9099731445312,980.3599853515625,984.030029296875,1186800000
2003-08-15,990.6699829101562,992.3900146484375,987.0999755859375,990.510009765625,636370000
2003-08-18,999.739990234375,1000.3499755859375,990.6699829101562,990.6699829101562,1127600000
2003-08-19,1002.3499755859375,1003.2999877929688,995.2999877929688,999.739990234375,1300600000
2003-08-20,1000.2999877929688,1003.5399780273438,996.6199951171875,1002.3499755859375,1210800000
2003-08-21,1003.27001953125,1009.530029296875,999.3300170898438,1000.2999877929688,1407100000
2003-08-22,993.0599975585938,1011.010009765625,992.6199951171875,1003.27001953125,1308900000
2003-08-25,993.7100219726562,993.7100219726562,987.9099731445312,993.0599975585938,971700000
2003-08-26,996.72998046875,997.9299926757812,983.5700073242188,993.7100219726562,1178700000
2003-08-27,996.7899780273438,998.0499877929688,993.3300170898438,996.72998046875,1051400000
2003-08-28,1002.8400268554688,1004.1199951171875,991.4199829101562,996.7899780273438,1165200000
2003-08-29,1008.010009765625,1008.8499755859375,999.52001953125,1002.8400268554688,945100000
2003-09-02,1021.989990234375,1022.5900268554688,1005.72998046875,1008.010009765625,1470500000
2003-09-03,1026.27001953125,1029.3399658203125,1021.989990234375,1021.989990234375,1675600000
2003-09-04,1027.969970703125,1029.1700439453125,1022.1900024414062,1026.27001953125,1453900000
2003-09-05,1021.3900146484375,1029.2099609375,1018.1900024414062,1027.969970703125,1465200000
2003-09-08,1031.6400146484375,1032.4100341796875,1021.3900146484375,1021.3900146484375,1299300000
2003-09-09,1023.1699829101562,1031.6400146484375,1021.1400146484375,1031.6400146484375,1414800000
2003-09-10,1010.9199829101562,1023.1699829101562,1009.739990234375,1023.1699829101562,1582100000
2003-09-11,1016.4199829101562,1020.8800048828125,1010.9199829101562,1010.9199829101562,1335900000
2003-09-12,1018.6300048828125,1019.6500244140625,1007.7100219726562,1016.4199829101562,1236700000
2003-09-15,1014.8099975585938,1019.7899780273438,1013.5900268554688,1018.6300048828125,1151300000
2003-09-16,1029.3199462890625,1029.6600341796875,1014.8099975585938,1014.8099975585938,1403200000
2003-09-17,1025.969970703125,1031.3399658203125,1024.530029296875,1029.3199462890625,1338210000
2003-09-18,1039.5799560546875,1040.1600341796875,1025.75,1025.969970703125,1498800000
2003-09-19,1036.300048828125,1040.2900390625,1031.8900146484375,1039.5799560546875,1518600000
2003-09-22,1022.8200073242188,1036.300048828125,1018.2999877929688,1036.300048828125,1278800000
2003-09-23,1029.030029296875,1030.1199951171875,1021.5399780273438,1022.8200073242188,1301700000
2003-09-24,1009.3800048828125,1029.8299560546875,1008.9299926757812,1029.030029296875,1556000000
2003-09-25,1003.27001953125,1015.969970703125,1003.260009765625,1009.3800048828125,1530000000
2003-09-26,996.8499755859375,1003.4500122070312,996.0800170898438,1003.27001953125,1472500000
2003-09-29,1006.5800170898438,1006.8900146484375,995.3099975585938,996.8499755859375,1366500000
2003-09-30,995.969970703125,1006.5800170898438,990.3599853515625,1006.5800170898438,1590500000
2003-10-01,1018.219970703125,1018.219970703125,995.969970703125,995.969970703125,1566300000
2003-10-02,1020.239990234375,1021.8699951171875,1013.3800048828125,1018.219970703125,1269300000
2003-10-03,1029.8499755859375,1039.31005859375,1020.239990234375,1020.239990234375,1570500000
2003-10-06,1034.3499755859375,1036.47998046875,1029.1500244140625,1029.8499755859375,1025800000
2003-10-07,1039.25,1039.25,1026.27001953125,1034.3499755859375,1279500000
2003-10-08,1033.780029296875,1040.06005859375,1030.9599609375,1039.25,1262500000
2003-10-09,1038.72998046875,1048.280029296875,1033.780029296875,1033.780029296875,1578700000
2003-10-10,1038.06005859375,1040.8399658203125,1035.739990234375,1038.72998046875,1108100000
2003-10-13,1045.3499755859375,1048.9000244140625,1038.06005859375,1038.06005859375,1040500000
2003-10-14,1049.47998046875,1049.489990234375,1040.8399658203125,1045.3499755859375,1271900000
2003-10-15,1046.760009765625,1053.7900390625,1043.1500244140625,1049.47998046875,1521100000
2003-10-16,1050.0699462890625,1052.93994140625,1044.0400390625,1046.760009765625,1417700000
2003-10-17,1039.3199462890625,1051.8900146484375,1036.5699462890625,1050.0699462890625,1352000000
2003-10-20,1044.6800537109375,1044.68994140625,1036.1300048828125,1039.3199462890625,1172600000
2003-10-21,1046.030029296875,1048.5699462890625,1042.5899658203125,1044.6800537109375,1498000000
2003-10-22,1030.3599853515625,1046.030029296875,1028.3900146484375,1046.030029296875,1647200000
2003-10-23,1033.77001953125,1035.43994140625,1025.8900146484375,1030.3599853515625,1604300000
2003-10-24,1028.9100341796875,1033.77001953125,1018.3200073242188,1033.77001953125,1420300000
2003-10-27,1031.1300048828125,1037.75,1028.9100341796875,1028.9100341796875,1371800000
2003-10-28,1046.7900390625,1046.7900390625,1031.1300048828125,1031.1300048828125,1629200000
2003-10-29,1048.1099853515625,1049.8299560546875,1043.3499755859375,1046.7900390625,1562600000
2003-10-30,1046.93994140625,1052.81005859375,1043.8199462890625,1048.1099853515625,1629700000
2003-10-31,1050.7099609375,1053.0899658203125,1046.93994140625,1046.93994140625,1498900000
2003-11-03,1059.02001953125,1061.43994140625,1050.7099609375,1050.7099609375,1378200000
2003-11-04,1053.25,1059.02001953125,1051.699951171875,1059.02001953125,1417600000
2003-11-05,1051.81005859375,1054.5400390625,1044.8800048828125,1053.25,1401800000
2003-11-06,1058.050048828125,1058.93994140625,1046.9300537109375,1051.81005859375,1453900000
2003-11-07,1053.2099609375,1062.3900146484375,1052.1700439453125,1058.050048828125,1440500000
2003-11-10,1047.1099853515625,1053.6500244140625,1045.5799560546875,1053.2099609375,1243600000
2003-11-11,1046.5699462890625,1048.22998046875,1043.4599609375,1047.1099853515625,1162500000
2003-11-12,1058.530029296875,1059.0999755859375,1046.5699462890625,1046.5699462890625,1349300000
2003-11-13,1058.4100341796875,1059.6199951171875,1052.9599609375,1058.56005859375,1383000000
2003-11-14,1050.3499755859375,1063.6500244140625,1048.1099853515625,1058.4100341796875,1356100000
2003-11-17,1043.6300048828125,1050.3499755859375,1035.280029296875,1050.3499755859375,1374300000
2003-11-18,1034.1500244140625,1048.77001953125,1034.0,1043.6300048828125,1354300000
2003-11-19,1042.43994140625,1043.949951171875,1034.1500244140625,1034.1500244140625,1326200000
2003-11-20,1033.6500244140625,1046.47998046875,1033.4200439453125,1042.43994140625,1326700000
2003-11-21,1035.280029296875,1037.5699462890625,1031.199951171875,1033.6500244140625,1273800000
2003-11-24,1052.0799560546875,1052.0799560546875,1035.280029296875,1035.280029296875,1302800000
2003-11-25,1053.8900146484375,1058.050048828125,1049.31005859375,1052.0799560546875,1333700000
2003-11-26,1058.449951171875,1058.449951171875,1048.280029296875,1053.8900146484375,1097700000
2003-11-28,1058.199951171875,1060.6300048828125,1056.77001953125,1058.449951171875,487220000
2003-12-01,1070.1199951171875,1070.469970703125,1058.199951171875,1058.199951171875,1375000000
2003-12-02,1066.6199951171875,1071.219970703125,1065.219970703125,1070.1199951171875,1383200000
2003-12-03,1064.72998046875,1074.300048828125,1064.6300048828125,1066.6199951171875,1441700000
2003-12-04,1069.719970703125,1070.3699951171875,1063.1500244140625,1064.72998046875,1463100000
2003-12-05,1061.5,1069.719970703125,1060.0899658203125,1069.719970703125,1265900000
2003-12-08,1069.300048828125,1069.5899658203125,1060.9300537109375,1061.5,1218900000
2003-12-09,1060.1800537109375,1071.93994140625,1059.1600341796875,1069.300048828125,1465500000
2003-12-10,1059.050048828125,1063.02001953125,1053.4100341796875,1060.1800537109375,1444000000
2003-12-11,1071.2099609375,1073.6300048828125,1059.050048828125,1059.050048828125,1441100000
2003-12-12,1074.1400146484375,1074.760009765625,1067.6400146484375,1071.2099609375,1223100000
2003-12-15,1068.0400390625,1082.7900390625,1068.0,1074.1400146484375,1520800000
2003-12-16,1075.1300048828125,1075.93994140625,1068.0400390625,1068.0400390625,1547900000
2003-12-17,1076.47998046875,1076.5400390625,1071.1400146484375,1075.1300048828125,1441700000
2003-12-18,1089.1800537109375,1089.5,1076.47998046875,1076.47998046875,1579900000
2003-12-19,1088.6600341796875,1091.06005859375,1084.18994140625,1089.1800537109375,1657300000
2003-12-22,1092.93994140625,1092.93994140625,1086.1400146484375,1088.6600341796875,1251700000
2003-12-23,1096.02001953125,1096.949951171875,1091.72998046875,1092.93994140625,1145300000
2003-12-24,1094.0400390625,1096.4000244140625,1092.72998046875,1096.02001953125,518060000
2003-12-26,1095.8900146484375,1098.469970703125,1094.0400390625,1094.0400390625,356070000
2003-12-29,1109.47998046875,1109.47998046875,1095.8900146484375,1095.8900146484375,1058800000
2003-12-30,1109.6400146484375,1109.75,1106.4100341796875,1109.47998046875,1012600000
