Price,Close,High,Low,Open,Volume
Ticker,WMT,WMT,WMT,WMT,WMT
Date,,,,,
1998-01-02,4.157597541809082,4.190594146299936,4.098203291211809,4.164197104383077,10029000
1998-01-05,4.197194576263428,4.210393099949455,4.118002225767891,4.203794140201285,13686000
1998-01-06,4.223591327667236,4.230190286008996,4.131199868987027,4.131199868987027,20187000
1998-01-07,4.210391998291016,4.230190080734688,4.157597313171067,4.19719347805841,15806400
1998-01-08,4.150999546051025,4.243391040202353,4.124602494170466,4.223592949197038,14599200
1998-01-09,4.032208442687988,4.164196035139991,4.01900992511855,4.157596474260569,18346200
1998-01-12,4.17079496383667,4.197192602987777,3.966215224031144,3.966215224031144,26112000
1998-01-13,4.17079496383667,4.197192602987777,4.07180457225677,4.19059304215265,16555200
1998-01-14,4.190596580505371,4.2037957133203845,4.131202295407547,4.190596580505371,19523400
1998-01-15,4.21699333190918,4.21699333190918,4.137800968868631,4.197195241149043,13317600
1998-01-16,4.236789226531982,4.269785825965181,4.223590707596596,4.24338878809441,22188600
1998-01-20,4.408374786376953,4.428172877639409,4.177397256378231,4.177397256378231,23048400
1998-01-21,4.296184539794922,4.362178359314272,4.223591761256371,4.335780710668608,18490200
1998-01-22,4.223591327667236,4.263187494476025,4.157597514922737,4.2367898485403135,17223600
1998-01-23,4.17079496383667,4.243388320454865,4.091602650572749,4.2367887596197376,14755200
1998-01-26,4.085006237030029,4.19059565098989,4.0256119651064415,4.164198599594814,13105800
1998-01-27,4.150999546051025,4.230191910072284,4.104804403165151,4.118002929105431,17550000
1998-01-28,4.289587020874023,4.289587020874023,4.170798451641913,4.170798451641913,18174000
1998-01-29,4.243389129638672,4.381975704277996,4.230190005451439,4.289584251725435,15057600
1998-01-30,4.203794479370117,4.296185361005925,4.197194914899797,4.249989618093154,11774400
1998-02-02,4.309381484985352,4.33577912397068,4.243388293806127,4.322580606572715,17711400
1998-02-03,4.4347710609436035,4.4743672311306,4.276386380195618,4.289584902194747,26511600
1998-02-04,4.54036283493042,4.579959020687982,4.401776184778952,4.414974711968191,24554400
1998-02-05,4.520563125610352,4.632752077077509,4.474367390681697,4.593155905478556,27098400
1998-02-06,4.546961307525635,4.560160437485505,4.5073651260255865,4.546961307525635,12664800
1998-02-09,4.487565994262695,4.56015937963263,4.474367471554363,4.56015937963263,13878000
1998-02-10,4.553557872772217,4.573355950479923,4.527160234432149,4.540359355696874,17338800
1998-02-11,4.533761978149414,4.560159629200408,4.520563454718753,4.560159629200408,8007600
1998-02-12,4.718542575836182,4.718542575836182,4.500763697015888,4.527160734079926,17340000
1998-02-13,4.6657490730285645,4.685547160473084,4.593156287128553,4.6459509855840455,13779600
1998-02-17,4.725142002105713,4.751539645979882,4.6987449624210536,4.6987449624210536,12028800
1998-02-18,4.804336071014404,4.8175351998306635,4.711945190249231,4.7449418039104225,14701800
1998-02-19,4.7779388427734375,4.804335891037631,4.711945013733542,4.804335891037631,13153200
1998-02-20,4.7911376953125,4.797737259925767,4.678948722025456,4.784538130699233,18285000
1998-02-23,4.876926898956299,4.876926898956299,4.797734584516897,4.857128820346449,18959400
1998-02-24,4.949522495269775,4.995718239955546,4.909926315307617,4.949522495269775,24959400
1998-02-25,5.035314083099365,5.061711131848568,5.008916430160446,5.028714518817206,16508400
1998-02-26,4.989116191864014,5.022112790678269,4.903324309919602,5.022112790678269,14541000
1998-02-27,4.890127182006836,4.982518047476819,4.870329096249723,4.982518047476819,15474600
1998-03-02,4.949522495269775,4.989118675231934,4.909926315307617,4.929724405288696,19246200
1998-03-03,5.114506721496582,5.114506721496582,4.923124784402899,4.942922874158125,18299400
1998-03-04,5.114506721496582,5.154102901007033,5.107907156848256,5.1409037717103825,16153800
1998-03-05,5.160702228546143,5.279490775526922,5.074910902964331,5.074910902964331,33376800
1998-03-06,5.299288272857666,5.31248740161409,5.259692094967846,5.286089748290968,23621400
1998-03-09,5.4180779457092285,5.510469449671139,5.312488518595408,5.312488518595408,23567400
1998-03-10,5.3850789070129395,5.517065933729475,5.36528082279598,5.503867412314696,23161200
1998-03-11,5.378481388092041,5.464273320363924,5.352084335231317,5.4180775715729395,19824000
1998-03-12,5.4180779457092285,5.457674131924375,5.3916808910257,5.404879418367464,14778600
1998-03-13,5.4246745109558105,5.457671113153926,5.371879826600922,5.4246745109558105,19732200
1998-03-16,5.437874794006348,5.451073922516488,5.371881568214504,5.444474358261418,13373400
1998-03-17,5.431276321411133,5.4906705924684,5.391680140706288,5.484071027621003,13158000
1998-03-18,5.366819858551025,5.465960623210879,5.320554571781231,5.465960623210879,14752200
1998-03-19,5.3271636962890625,5.366820003222002,5.280898408272115,5.360211022137993,13320600
1998-03-20,5.294116973876953,5.3469918480684475,5.241242099685458,5.333773280797379,28083600
1998-03-23,5.254457950592041,5.267676511029592,5.214801664172478,5.214801664172478,18558000
1998-03-24,5.340382099151611,5.346991079283302,5.23463176086608,5.23463176086608,14451000
1998-03-25,5.247851371765137,5.360211317674947,5.155320185522283,5.340383163115246,20487600
1998-03-26,5.261069297790527,5.3139441623804995,5.234631562941985,5.254459712801613,12433200
1998-03-27,5.280895709991455,5.3007238533267085,5.194973553836386,5.287504687698597,17535600
1998-03-30,5.333773136138916,5.333773136138916,5.274288677371567,5.274288677371567,10361400
1998-03-31,5.373429298400879,5.472570060363995,5.340382579448903,5.360210731841526,20433600
1998-04-01,5.446132183074951,5.446132183074951,5.353601009307824,5.373429161194149,17770200
1998-04-02,5.373429298400879,5.472570060363995,5.366819712567608,5.472570060363995,17494800
1998-04-03,5.446132183074951,5.465960334961276,5.393257313080475,5.406475879302301,16450800
1998-04-06,5.247851371765137,5.465961071921849,5.234632803761088,5.465961071921849,15831600
1998-04-07,5.366819858551025,5.426304317346937,5.28089826591729,5.313944985768172,23668200
1998-04-08,5.287509441375732,5.340384941211486,5.274290868970523,5.327165763698819,19746000
1998-04-09,5.373429298400879,5.419695189019396,5.333772993615632,5.406476017352854,17736000
1998-04-13,5.413088798522949,5.4395265523550025,5.353604306231488,5.360213895966388,15231000
1998-04-14,5.631197452545166,5.677463361017378,5.439525440487301,5.446134423763743,25459200
1998-04-15,5.697290420532227,5.697290420532227,5.571711896140967,5.644414933889956,18723600
1998-04-16,5.558493614196777,5.70389969720672,5.532055869509816,5.70389969720672,16404000
1998-04-17,5.631197452545166,5.631197452545166,5.525447063940435,5.584931544072955,17256000
1998-04-20,5.52544641494751,5.6311967911313,5.518837432447328,5.6311967911313,11393400
1998-04-21,5.532052516937256,5.565099223938261,5.452739936049267,5.525442933494266,17889600
1998-04-22,5.532052516937256,5.551880662159253,5.49900580993625,5.505614788272269,9652200
1998-04-23,5.432913303375244,5.518835491627354,5.399866587173881,5.472569604859735,13340400
1998-04-24,5.3139472007751465,5.452744329153601,5.267681289613175,5.4263065791885525,14934600
1998-04-27,5.241243839263916,5.3139468910459,5.188368342415724,5.2148060908398195,16653600
1998-04-28,5.194976806640625,5.307336154191236,5.181758237842698,5.287507998440699,15652200
1998-04-29,5.214804172515869,5.247850892058817,5.095835256032617,5.2081945865643995,18975600
1998-04-30,5.346991062164307,5.380038383145495,5.24124132932448,5.26106947987034,18028800
1998-05-01,5.353602409362793,5.41969646797095,5.307336507826349,5.41969646797095,13551600
1998-05-04,5.380037784576416,5.446131208971141,5.353600051754286,5.366818615611819,12335400
1998-05-05,5.340382099151611,5.406475531111325,5.32716292867396,5.406475531111325,10809000
1998-05-06,5.280895709991455,5.380036426667721,5.261067566656202,5.340380139997214,15008400
1998-05-07,5.353602409362793,5.366820979041491,5.261071211397238,5.307336507826349,17734200
1998-05-08,5.340382099151611,5.366819229892643,5.313944363303444,5.353600664522127,10695000
1998-05-11,5.406475067138672,5.419694236481881,5.3469906204154825,5.360209789758691,13294800
1998-05-12,5.578319549560547,5.591538114085333,5.492397367381693,5.499006952197634,35479800
1998-05-13,5.723723888397217,5.7303334712659195,5.571708323272399,5.591536466771589,24940200
1998-05-14,5.7303361892700195,5.7898206479821654,5.697289469465674,5.7105080363659715,13675200
1998-05-15,5.717116355895996,5.789819365403038,5.697288207384342,5.73694450440765,17712000
1998-05-18,5.75016450881958,5.783211229581653,5.684070462188212,5.730336355340892,14504400
1998-05-19,5.743556022644043,5.783212337196493,5.697290725737744,5.7567751975664185,9554400
1998-05-20,5.803037643432617,5.803037643432617,5.730334637507989,5.776600516791139,13036800
1998-05-21,5.895571708679199,5.948446587756834,5.816259087509108,5.816259087509108,16969800
1998-05-22,5.86913537979126,5.948448020058709,5.809650899590673,5.922010271600418,8646000
1998-05-26,5.684070110321045,5.961664241838469,5.684070110321045,5.961664241838469,11447400
1998-05-27,5.75016450881958,5.816258555450949,5.551882974032698,5.631195587947452,18057000
1998-05-28,5.862522602081299,5.862522602081299,5.73694472671276,5.803038154241329,12177000
1998-05-29,5.8294782638549805,5.955056795504417,5.822868676365849,5.935228638144366,17366400
1998-06-01,5.974884510040283,5.974884510040283,5.862524556589243,5.88896229947901,19423800
1998-06-02,6.021149158477783,6.074024638591101,5.994712023528355,6.021149158477782,17793600
1998-06-03,5.9220099449157715,6.074026233780765,5.875744644050243,6.054198074807713,15264000
1998-06-04,5.988102436065674,6.040977311061415,5.855914946022705,5.922008388490573,18750600
1998-06-05,6.113677501678467,6.153333786867501,6.001317623571608,6.054193073894915,20293200
1998-06-08,6.133507251739502,6.15333539953057,6.074022808366296,6.120288083140756,12874200
1998-06-09,6.140120983123779,6.2458713882248,6.080636493712114,6.120292819986558,18476400
1998-06-10,6.265697479248047,6.3185723617586715,6.087244070028957,6.113681813837927,18021000
1998-06-11,6.239257335662842,6.305351367210174,6.113679462362121,6.2855232182566825,16806600
1998-06-12,6.219429969787598,6.278914424137661,6.166555100956595,6.166555100956595,15514200
1998-06-15,5.981494426727295,6.219432334598534,5.981494426727295,6.0938543977380855,20116800
1998-06-16,6.067416191101074,6.093853936119867,5.948447246177524,6.074025778632609,19147200
1998-06-17,6.1881866455078125,6.2609892476674744,6.035964069418321,6.035964069418321,19047000
1998-06-18,6.141857147216797,6.208040546552142,6.115383423924169,6.148475123591842,13267200
1998-06-19,6.12862491607666,6.227900700926343,6.102151777404281,6.141862091344153,25377600
1998-06-22,6.069055080413818,6.161712816923314,6.062437103470903,6.115383948668566,12229200
1998-06-23,6.267603874206543,6.267603874206543,6.1021448252515365,6.128617933763194,17763600
1998-06-24,6.366884708404541,6.386739858852717,6.168333203922788,6.267608956163665,20194800
1998-06-25,6.353648662567139,6.4463058369191915,6.280846640285608,6.386740380707624,16466400
1998-06-26,6.320556640625,6.446305527073337,6.313938054942568,6.320556640625001,10877400
1998-06-29,6.572052478790283,6.651473052552099,6.353645900945288,6.380119627509524,20883000
1998-06-30,6.433068752288818,6.658093992926162,6.380121886345781,6.658093992926162,19049400
1998-07-01,6.406593322753906,6.5389613615163595,6.327172741868813,6.519106216295086,19717200
1998-07-02,6.426448822021484,6.479396282815829,6.380120551240157,6.479396282815829,10414200
1998-07-06,6.486013889312744,6.492632473015531,6.380120185653813,6.419830476008648,17973000
1998-07-07,6.472776889801025,6.5521974651360075,6.466158306546143,6.505868594213633,14456400
1998-07-08,6.651474952697754,6.651474952697754,6.51248890891004,6.51248890891004,16559400
1998-07-09,6.684568881988525,6.72427919337842,6.578675122236316,6.651477157807368,17529000
1998-07-10,6.797080993652344,6.797080993652344,6.671331487837081,6.711041794312303,23134200
1998-07-13,6.783837795257568,6.830166646971663,6.737509549474125,6.830166646971663,14870400
1998-07-14,7.028722763061523,7.055196497102806,6.803697538538277,6.823552687586473,16297200
1998-07-15,6.975774765014648,7.094905639905234,6.969156181099295,7.0485767643596855,15085200
1998-07-16,7.280220031738281,7.286838615745922,6.955919716190401,6.9890114243666615,19632000
1998-07-17,7.306694030761719,7.3794960338013675,7.2603651528650355,7.306694030761719,20200800
1998-07-20,7.286836624145508,7.3133103470094385,7.214034643683205,7.306691764810754,11307600
1998-07-21,7.200800895690918,7.293458666710561,7.114762315941228,7.286840081371702,14935200
1998-07-22,7.101521968841553,7.286836822060729,7.022101404023452,7.220652816068704,19532400
1998-07-23,6.724274635314941,7.101522337800805,6.724274635314941,7.0419569110925115,18966000
1998-07-24,6.757369041442871,6.823552465495364,6.598527854227219,6.724276723485582,23629200
1998-07-27,6.763986110687256,6.770604694574874,6.6250000905640185,6.724275819223474,17502600
1998-07-28,6.717656135559082,6.777221557630254,6.565432986312216,6.6713272719712355,19576800
1998-07-29,6.446301460266113,6.797075979311195,6.433064903182981,6.737510563540982,23663400
1998-07-30,6.737514495849609,6.823553076001973,6.45954239335192,6.525725823325876,24865800
1998-07-31,6.684568881988525,6.816936990575684,6.6183854336262105,6.777226679185789,21689400
1998-08-03,6.525725364685059,6.658093427192078,6.5124888008067785,6.638238278409131,14308200
1998-08-04,6.181568145751953,6.565433845372921,6.181568145751952,6.545578702084565,24867000
1998-08-05,6.459542751312256,6.459542751312256,6.06243972573837,6.181570633410536,31853400
1998-08-06,6.777224063873291,6.803697190629802,6.380121103215306,6.393357666593562,21870600
1998-08-07,6.658092498779297,6.82355164494466,6.57205333074025,6.7772233748652235,21237000
1998-08-10,6.677945137023926,6.770602248318229,6.5257220041245265,6.5257220041245265,16195800
1998-08-11,6.777224063873291,6.790460627251547,6.4727782587251586,6.4727782587251586,28507200
1998-08-12,6.989011287689209,6.989011287689209,6.869880413467234,6.982392703811001,28423800
1998-08-13,6.810314655303955,7.134615555152549,6.810314655303955,6.9890109582128055,17419200
1998-08-14,6.605146884918213,6.949303047334691,6.492634561366983,6.909592744207065,17231400
1998-08-17,6.651474952697754,6.744132113245875,6.4793971956995104,6.605146069458161,16804800
1998-08-18,6.803694725036621,6.810313307292754,6.598525340335417,6.658090762848182,21663000
1998-08-19,6.777224063873291,6.909591515448942,6.724276598498205,6.843407486695601,20680200
1998-08-20,6.856648921966553,6.883122065193707,6.704425621719079,6.7573731200362035,16580400
1998-08-21,6.902976989746094,6.9493058977079425,6.671333661799625,6.836793528007895,20183400
1998-08-24,7.1213765144348145,7.1279950962597045,6.989009119452413,7.0353379803651,19008600
1998-08-25,7.253747940063477,7.339786514754624,7.167708759441271,7.240510770164025,26958000
1998-08-26,7.313314437866211,7.39273504495279,7.194183527236342,7.214038679007987,24060000
1998-08-27,7.187561511993408,7.260363498443645,6.936063244858253,7.227271796590057,30137400
1998-08-28,6.922831058502197,7.233895582191121,6.909594489426753,7.2008032506055715,38434800
1998-08-31,6.247750282287598,6.8963519017689,6.088909168280872,6.816931344765537,44451000
1998-09-01,6.538960933685303,6.598526365451876,5.877122600968624,6.300699206619007,47523600
1998-09-02,6.3470258712768555,6.671326675536812,6.340407895592261,6.644852955006177,34450800
1998-09-03,6.366884708404541,6.446305310197243,6.25437239117525,6.26099097663501,51767400
1998-09-04,6.194806098937988,6.433067871974065,5.989636036846582,6.393357576468052,27455400
1998-09-08,6.6448564529418945,6.6448564529418945,6.333792648164746,6.55219929120491,29112000
1998-09-09,6.466156482696533,6.664707865030416,6.413209649384409,6.585287312096862,22456200
1998-09-10,6.1881866455078125,6.393356678791774,6.141858377876323,6.26760722536858,26627400
1998-09-11,6.419834613800049,6.4992552456988895,6.102152086204687,6.135243814185426,22173000
1998-09-14,6.479393482208252,6.711036553784051,6.466156319765715,6.711036553784051,18775800
1998-09-15,6.618379592895508,6.6382347310682635,6.459538487513462,6.512485320663901,20946600
1998-09-16,6.67303991317749,6.726053545961305,6.5140002282025495,6.679666768947531,26649000
1998-09-17,6.454356670379639,6.567010120869405,6.414596771780404,6.52062337027433,18723000
1998-09-18,6.421227931976318,6.573640776635895,6.37484115025892,6.547134564244507,30085800
1998-09-21,6.4344801902771,6.573639910403399,6.301947325719558,6.335080390186885,21399000
1998-09-22,6.613400459289551,6.613400459289551,6.447734514511964,6.527254362145459,18352800
1998-09-23,6.838703155517578,6.845330008091391,6.560383841048839,6.706170350857023,26802000
1998-09-24,6.659786224365234,6.865212668341223,6.421226717820807,6.845332709462521,20791800
1998-09-25,6.56701135635376,6.673037368106977,6.5139977437891305,6.580264456150907,19903800
1998-09-28,6.513997554779053,6.726050785508594,6.441104597977774,6.679664027532507,16851000
1998-09-29,6.162785053253174,6.533877284338017,6.109772050723334,6.500744233592864,30052800
1998-09-30,5.791694641113281,6.05676034369724,5.712174809000459,6.05676034369724,67523400
1998-10-01,5.632655143737793,5.831454729908677,5.559761557683008,5.725428081721476,37951800
1998-10-02,5.877839088439941,5.963985751524632,5.579639800863711,5.65253336450768,30665400
1998-10-05,6.070010662078857,6.1495304497624765,5.70554476629966,5.990490874395238,28659600
1998-10-06,6.308571815490723,6.427851530867514,6.189292100113932,6.361584820095517,28922400
1998-10-07,6.229053974151611,6.308573809537853,6.189294056458491,6.308573809537853,25030800
1998-10-08,6.0236287117004395,6.056761780712478,5.639282563069872,5.99712189247782,41219400
1998-10-09,6.268815040588379,6.321828071664304,5.910975715777192,6.149535265651316,23629800
1998-10-12,6.447732448577881,6.567012181809405,6.41459878488817,6.567012181809405,26292600
1998-10-13,6.354957103729248,6.487490507269377,6.308570958509335,6.487490507269377,14935200
1998-10-14,6.480865001678467,6.600144725635739,6.321825369735437,6.321825369735437,24225000
1998-10-15,6.851959228515625,6.891719147842966,6.44773378647981,6.46761374614348,29725200
1998-10-16,7.064009666442871,7.176662523211323,6.964609908503657,7.024249763267185,41675400
1998-10-19,7.289317607879639,7.309197565543572,7.170037861896037,7.209797777223904,29596200
1998-10-20,6.951356887817383,7.362209665567681,6.931476934271014,7.315822905063477,33348600
1998-10-21,6.885093688964844,7.004373460631097,6.845333765076092,6.9977466044202075,24909000
1998-10-22,7.08389139175415,7.130277552615018,6.845331912967534,6.904971782664188,17863200
1998-10-23,7.209798336029053,7.209798336029053,6.984492536167281,7.083892332191065,17940600
1998-10-26,6.931480407714844,7.170039969816177,6.931480407714844,7.123653792755365,17401800
1998-10-27,6.706170082092285,7.030875531500545,6.679663279547309,6.997742483335276,23310000
1998-10-28,6.871838092803955,6.991117831772711,6.653158571361236,6.692918484350821,17635800
1998-10-29,7.150160789489746,7.170040755175713,6.924854916174399,7.024254744604231,17121600
1998-10-30,7.322452068328857,7.3622119879637875,7.150158678785347,7.209798558237741,28384800
1998-11-02,7.295942783355713,7.375462595708363,7.216422971003062,7.348955789361473,20492400
1998-11-03,7.090517997741699,7.30257128294727,7.083891749677134,7.30257128294727,21199200
1998-11-04,7.2164225578308105,7.276062413680653,7.1037696990104395,7.1037696990104395,24529800
1998-11-05,7.448357582092285,7.448357582092285,7.110398287607938,7.2429317487272575,25137000
1998-11-06,7.574262619018555,7.587515719709618,7.368836221522731,7.441729792043733,27886200
1998-11-09,7.481490135192871,7.680289690541769,7.428476515974435,7.574263058792991,22861200
1998-11-10,7.441729545593262,7.541129314204533,7.2959430160673815,7.501369406760024,28120200
1998-11-11,7.3953447341918945,7.494744529006302,7.3754647752290134,7.474864570043421,16944000
1998-11-12,7.289317607879639,7.4682372268550425,7.1832915714641,7.421851063431304,16323600
1998-11-13,7.388718605041504,7.428478526874352,7.295945656327612,7.355585539076884,14781000
1998-11-16,7.5345025062561035,7.620649175135697,7.421849636712054,7.620649175135697,18924000
1998-11-17,7.594144344329834,7.66703732516119,7.448357775978917,7.534504467280122,20140800
1998-11-18,7.779691696166992,7.779691696166991,7.660411928798273,7.726678061766492,18961200
1998-11-19,7.739929676055908,7.898969322778371,7.700169764375293,7.898969322778371,21454800
1998-11-20,7.8194499015808105,7.826076149409638,7.720050117267021,7.826076149409638,18768000
1998-11-23,7.945355415344238,7.945355415344238,7.7598095668487925,7.839329389543441,17102400
1998-11-24,7.925478458404541,7.951985278228078,7.872465425445798,7.945358421600112,14458200
1998-11-25,8.031501770019531,8.058008578750606,7.872462131009244,7.951981950514388,14937000
1998-11-27,8.117650032043457,8.117650032043457,8.018250238209,8.058010155742783,8637000
1998-11-30,7.985113620758057,8.190539987728133,7.965233669331531,8.137526986153391,20142000
1998-12-01,7.938729763031006,7.998369634522838,7.746556439320783,7.87246303692181,17764800
1998-12-02,7.852582931518555,7.971862672250483,7.792943061152592,7.905595947392255,11304000
1998-12-03,7.58089017868042,7.971862449012772,7.574263324373731,7.839329609695797,16231800
1998-12-04,7.759807586669922,7.859207339673005,7.594141129435471,7.706793980609648,21066600
1998-12-07,7.912225723266602,8.058012329107331,7.766439117425871,7.819452759561605,15303600
1998-12-08,8.058006286621094,8.1574060327279,7.898966692850203,7.925472887353416,19193400
1998-12-09,8.14588737487793,8.218855217145114,8.072918925299472,8.152520428613228,16269000
1998-12-10,8.039752960205078,8.192322327144788,7.999952202976341,8.192322327144788,16674000
1998-12-11,8.099458694458008,8.112725418629221,7.966789630810753,8.072924638803874,14983200
1998-12-14,7.940250396728516,8.0530189969183,7.8739156045108905,8.019851904465142,15767400
1998-12-15,8.152523040771484,8.159156703943554,7.907085398453999,7.98668692727296,20136000
1998-12-16,8.033121109008789,8.172423790710164,7.966786903549131,8.159157071080532,15346800
1998-12-17,8.07955551147461,8.106089557956025,7.946886493690515,8.019854362375042,13017000
1998-12-18,8.252021789550781,8.252021789550781,8.026484615865785,8.072918418342041,31875000
1998-12-21,8.344891548156738,8.484194185883378,8.232122341313351,8.238756002689817,20852400
1998-12-22,8.311721801757812,8.404590608913423,8.278554717665754,8.378056577253084,14922000
1998-12-23,8.643401145935059,8.663301531837202,8.285194199696466,8.371428800398036,17151600
1998-12-24,8.610231399536133,8.650032161948952,8.550530255916904,8.650032161948952,5233800
1998-12-28,8.477564811706543,8.616867519880126,8.391329599447598,8.596967132998184,12196200
1998-12-29,8.696465492248535,8.782700669055778,8.384693095039827,8.510728421937303,16597800
1998-12-30,8.570428848266602,8.70309843349226,8.504094662965084,8.70309843349226,14053200
1998-12-31,8.643401145935059,8.650034203028051,8.444397286913619,8.510731501713044,15846600
1999-01-04,8.557159423828125,8.729629101251186,8.44439085866433,8.663294936948304,21997800
1999-01-05,8.623499870300293,8.689834078255664,8.543898334904634,8.623499870300293,17247000
1999-01-06,8.769429206848145,8.822497263215599,8.61022625236793,8.716361757791764,23115600
1999-01-07,8.928641319274902,9.028143267882392,8.835773036345143,8.87557381578814,27763800
1999-01-08,8.862303733825684,8.961805644731992,8.756168159755132,8.915371217205225,21522000
1999-01-11,8.663300514221191,8.895471453370883,8.490830118453754,8.862304349867072,19444200
1999-01-12,8.530633926391602,8.570434707708065,8.338263685799266,8.530633926391602,24687600
1999-01-13,8.557159423828125,8.676561648346656,8.21221946167088,8.278554233284883,21822000
1999-01-14,8.464296340942383,8.590331693616333,8.265292513234579,8.464296340942383,23356200
1999-01-15,8.5040922164917,8.570426382710078,8.358155957651219,8.470924526071373,20884200
1999-01-19,8.497461318969727,8.590329546248132,8.305091202710413,8.517361696765908,17463600
1999-01-20,8.517363548278809,8.75616813374457,8.338260109179489,8.497463166156662,20407800
1999-01-21,8.391329765319824,8.636768077485893,8.37142937804451,8.504099031421013,16834800
1999-01-22,8.703100204467773,8.729633641063089,8.331626019019005,8.391327162325618,15953400
1999-01-25,8.703100204467773,8.776068066072044,8.477562349538982,8.68319982336557,18162000
1999-01-26,8.868936538696289,8.968438446786791,8.72300081170452,8.802602338176921,20271000
1999-01-27,9.041409492492676,9.107743711903332,8.915373503913829,8.93527389119935,28845600
1999-01-28,9.034772872924805,9.067939971783275,8.928637306341704,9.048039591005908,17180400
1999-01-29,9.127640724182129,9.174075146449448,9.021505769444543,9.127640724182129,17407200
1999-02-01,8.968435287475586,9.101104856401706,8.948534912867792,9.101104856401706,17193000
1999-02-02,8.875568389892578,8.908735483381824,8.570429064933004,8.822500918847519,23788200
1999-02-03,9.101106643676758,9.154174117281853,8.862302101486796,8.89546919657606,21938400
1999-02-04,8.888835906982422,9.26694311462191,8.888835906982422,9.160808162965782,21732600
1999-02-05,8.941902160644531,9.101105162867809,8.782699158421254,9.06130441231199,15818400
1999-02-08,9.067940711975098,9.16744262398401,8.83576978639146,8.941905361638124,13824600
1999-02-09,8.716365814208984,9.034771871349038,8.683198719027347,9.034771871349038,16683600
1999-02-10,8.590333938598633,8.709736266427702,8.543900104872868,8.703103208644961,15664200
1999-02-11,9.10773754119873,9.121004861941241,8.557160735098458,8.596961482703566,15522000
1999-02-12,8.955172538757324,9.13427598953247,8.80923619124411,9.107741942536022,15417000
1999-02-16,9.293478012084961,9.339912437280562,9.074573819080818,9.074573819080818,33564000
1999-02-17,9.02813720703125,9.412878019129746,9.02813720703125,9.200607540374348,28978800
1999-02-18,9.061306953430176,9.134274814141586,8.935271005554624,9.074573671565497,21064800
1999-02-19,8.994975090026855,9.074576639496119,8.975074702659539,9.074576639496119,16941000
1999-02-22,9.366443634033203,9.386344010456298,9.061304933753267,9.06793798768677,26481600
1999-02-23,9.286845207214355,9.399614449205881,9.207243675131629,9.359813683164518,19791600
1999-02-24,8.975068092346191,9.499111442821203,8.935267346925587,9.359808833849089,23827800
1999-02-25,9.021506309509277,9.107740889481999,8.868936316059502,9.034773027817826,21450600
1999-02-26,9.140907287597656,9.180708044136816,8.882202370093111,9.154174004006926,20653200
1999-03-01,9.114368438720703,9.253671013111632,8.875564025479113,9.247037354751244,20434200
1999-03-02,9.067940711975098,9.273578199230677,9.034773610409285,9.207243388787576,19884600
1999-03-03,9.273580551147461,9.373082488391532,9.127644174085614,9.127644174085614,20538000
1999-03-04,9.485845565795898,9.512379602549725,9.326642559895484,9.33327622091176,21283800
1999-03-05,9.897125244140625,10.003260228453415,9.698121389414684,9.870591194406643,49855200
1999-03-08,9.917023658752441,9.989991521880153,9.744553280724833,9.989991521880153,26441400
1999-03-09,9.97672176361084,10.003255192675958,9.824151813585736,9.917020637247434,21983400
1999-03-10,9.930289268493652,10.003257123473647,9.877221792809236,9.996624068582706,18727800
1999-03-11,10.1160306930542,10.228799355102552,9.950193925197034,10.029795476598611,25495200
1999-03-12,10.228793144226074,10.288494271527005,10.12929126539119,10.182358731666039,21979800
1999-03-15,10.268601417541504,10.32830258857372,10.109398294788921,10.295136081082557,21927000
1999-03-16,10.18898868560791,10.315025162690972,10.142554289942211,10.301756630843784,19338000
1999-03-17,10.239463806152344,10.299227213581249,10.06017358386563,10.246104995348647,19298400
1999-03-18,10.432031631469727,10.451952762804028,10.173057532068487,10.206260430866793,17526000
1999-03-19,10.066810607910156,10.438671475641025,10.066810607910156,10.438671475641025,36106200
1999-03-22,9.914083480834961,10.09337367470907,9.827758977969834,10.080093122255526,18211800
1999-03-23,9.615266799926758,9.900803246436004,9.462538313998193,9.887522693555832,30471000
1999-03-24,9.455897331237793,9.661749235817538,9.36957282927267,9.601985838482586,24211200
1999-03-25,9.761354446411133,9.80119670945771,9.542221999654965,9.542221999654965,23276400
1999-03-26,9.728155136108398,9.914085337048622,9.575426018545915,9.741435691048462,19305600
1999-03-29,10.09337329864502,10.166417854279793,9.807837479891742,9.807837479891742,17736600
1999-03-30,10.09337329864502,10.146496722369346,9.960565955223604,9.987127667085767,18828600
1999-03-31,9.794554710388184,10.266022434697375,9.794554710388184,10.239460119255664,22938600
1999-04-01,9.907445907592773,9.987130457498493,9.827761357687052,9.927367045069202,14825400
1999-04-05,10.13321590423584,10.272663224367506,9.967206871346145,10.040250821499821,20715600
1999-04-06,10.166420936584473,10.312508268311383,10.133218634704159,10.159780354619432,17333400
1999-04-07,10.358986854553223,10.392187924904507,10.219538954588083,10.30586465563549,22876800
1999-04-08,10.863656997680664,10.883578127608086,10.358987562259772,10.46523439913221,29860800
1999-04-09,10.916780471801758,10.989823812784127,10.584762411597813,10.677726884827997,26574000
1999-04-12,11.14255428314209,11.20231768078985,10.797253841695403,10.86365842745254,27704400
1999-04-13,11.109354019165039,11.348407679578248,10.96990605059067,11.109354019165039,27718200
1999-04-14,10.478514671325684,11.169113053266312,10.412110092219969,11.109349661604758,31609800
1999-04-15,10.385551452636719,10.5050782503073,9.880881940767962,10.451953607934426,43462800
1999-04-16,10.09337329864502,10.259382933880312,9.854319715719653,10.252741745983897,38143800
1999-04-19,9.535584449768066,10.42539628712081,9.349654235101104,10.19962258085761,52716000
1999-04-20,10.146499633789062,10.199622464811664,9.615268891783538,9.77463799279622,39123900
1999-04-21,10.358986854553223,10.438671368819017,9.987125990627717,10.199617826021635,31340700
1999-04-22,10.637885093688965,10.677727359957462,10.292584642102334,10.624605148859114,30732900
1999-04-23,10.823816299438477,10.983185361850925,10.730849391845277,10.823816299438477,22013100
1999-04-26,10.823816299438477,11.036307572062107,10.783974033835364,11.023027627454038,22564500
1999-04-27,10.783973693847656,10.916780431078047,10.624604636459656,10.863658222541657,18652200
1999-04-28,10.45195484161377,10.890219818135783,10.425394949071302,10.704290843221676,17781600
1999-04-29,9.960563659667969,10.412108401646837,9.681667877197265,10.412108401646837,27732000
1999-04-30,9.77463436126709,10.080091894037658,9.177000454505963,9.98712682230081,40120500
1999-05-03,9.80119514465332,9.827756851758572,9.469176541588329,9.748072338387407,22334400
1999-05-04,9.349653244018555,9.960567870778,9.203564712598872,9.947287316265236,33177600
1999-05-05,9.575420379638672,9.575420379638672,9.15043679237857,9.44261308461295,24762600
1999-05-06,9.110593795776367,9.389489518014987,8.844978619567636,9.349647271980897,44366700
1999-05-07,9.509018898010254,9.562141704833351,9.137157426414781,9.482457190626407,34113300
1999-05-10,9.6019868850708,9.880882769699413,9.4691795236102,9.522302346605484,26255700
1999-05-11,10.053529739379883,10.093371998066916,9.748072828075708,10.093371998066916,38484600
1999-05-12,9.894159317016602,10.06680948574335,9.668386954750138,10.06680948574335,23696700
1999-05-13,9.987128257751465,10.119935609027465,9.894162564708003,10.066812790106011,19068900
1999-05-14,9.85431957244873,9.880881283924715,9.694950519482203,9.827758468917438,18246300
1999-05-17,9.708230972290039,9.801196043769721,9.548861930927929,9.641827002407611,18824400
1999-05-18,9.867606163024902,10.080098147948599,9.615271284986422,9.74807930751563,19445100
1999-05-19,9.708230972290039,9.973845635930457,9.641827002407611,9.973845635930457,14182200
1999-05-20,9.455897331237793,9.827758875507316,9.442616778922709,9.694950920577607,21310200
1999-05-21,9.19028091430664,9.535580073321107,9.057472984275291,9.482457266075327,24548100
1999-05-24,9.097318649291992,9.37621455570184,8.951230722659577,9.349653446102216,19270800
1999-05-25,9.004347801208496,9.17699733516169,8.858259359897673,9.123874541932501,22007700
1999-05-26,9.123881340026855,9.137161896243226,8.818423683491195,8.964512233650842,24822300
1999-05-27,8.738741874694824,9.030919066772018,8.712180753920595,8.951234488559162,23281800
1999-05-28,9.057472229003906,9.11059563976451,8.778576450316672,8.831699861077274,17078100
1999-06-01,9.230125427246094,9.230125427246094,8.964510110220928,9.070756358619944,20986500
1999-06-02,9.429337501525879,9.429337501525879,9.07075706903335,9.216844988085626,19871700
1999-06-03,9.668391227722168,9.814479148353946,9.495740982692169,9.562144969853307,31424100
1999-06-04,9.77463436126709,9.88088059178395,9.681669289530241,9.77463436126709,16633200
1999-06-07,9.721513748168945,9.721513748168945,9.535582954708708,9.641829209249527,13868100
1999-06-08,9.429337501525879,9.668391123187565,9.416056339470364,9.615267690855102,13702200
1999-06-09,9.37621021270752,9.49573697437636,9.336367958817906,9.429333623190036,13598700
1999-06-10,9.163721084594727,9.323090146935504,9.057474840385966,9.296528433897134,15733200
1999-06-11,9.070755004882812,9.296527413111978,9.004351033550591,9.163720078392195,14599500
1999-06-14,9.163721084594727,9.203563350179921,9.097317105971161,9.137159371556354,12112200
1999-06-15,9.030908584594727,9.296523131708668,9.00434688670558,9.243400343874756,19607400
1999-06-16,9.440441131591797,9.480330318614493,9.25429138926565,9.267587582052984,16827600
1999-06-17,9.280884742736816,9.467033883607561,9.26758794077411,9.294180936038808,15388800
1999-06-18,9.307479858398438,9.307479858398438,9.108033857085179,9.187812257610481,30310500
1999-06-21,9.586701393127441,9.679776571678087,9.227698698131066,9.254291693239923,18822000
1999-06-22,9.560105323791504,9.679772842690172,9.440437804892836,9.613290684859642,15202200
1999-06-23,9.440441131591797,9.586701078234558,9.294180576288346,9.573404885447223,13437900
1999-06-24,9.214404106140137,9.334071691934165,9.081440324811489,9.280886301134869,18384600
1999-06-25,9.240994453430176,9.413847380409573,9.227697653051317,9.307476020681905,11007900
1999-06-28,9.693072319030762,9.73296150552883,9.320773447935679,9.360662634433748,16827600
1999-06-29,9.959003448486328,9.972299645126208,9.679779058422795,9.772853652223684,17628600
1999-06-30,10.264817237854004,10.318004446697467,9.653183813297394,9.905815142714413,26994000
1999-07-01,10.158445358276367,10.278113514579012,9.985591828130808,10.198334540823707,20173200
1999-07-02,10.371190071105957,10.437672870288951,10.198337106141116,10.238226907383067,14817000
1999-07-06,10.464258193969727,10.849854318299684,10.397777866584443,10.397777866584443,21464100
1999-07-07,10.211634635925293,10.637120223969987,10.198338439546717,10.637120223969987,18788400
1999-07-08,9.998889923095703,10.304706014465461,9.839333172241307,9.998889923095703,23670300
1999-07-09,10.198335647583008,10.21163184032153,10.06537128555503,10.091964279692762,12201600
1999-07-12,10.091967582702637,10.291413582360791,10.012189182839375,10.291413582360791,9723300
1999-07-13,10.118558883666992,10.158448076889515,9.932409112408289,10.052076692075858,13017300
1999-07-14,10.131855010986328,10.211633396899606,10.105262012794974,10.15844800917768,9129300
1999-07-15,10.105264663696289,10.278118892954327,10.078672267189768,10.224931665297518,11910000
1999-07-16,10.211634635925293,10.211634635925293,10.05207784473896,10.091967042535543,12232500
1999-07-19,10.224932670593262,10.331304701721406,10.131858665008638,10.211637079693745,12996900
1999-07-20,9.972294807434082,10.264814643571388,9.892516448974611,10.238223480513087,16919700
1999-07-21,9.666481018066406,9.998891369540173,9.666481018066406,9.932409177513263,17827200
1999-07-22,9.613293647766113,9.82603576626824,9.440440714524426,9.732961203547434,16245900
1999-07-23,9.560105323791504,9.772847376724533,9.48032697785906,9.639883669723949,11053500
1999-07-26,9.706367492675781,9.826035039607376,9.467032398812593,9.493625389906487,11744700
1999-07-27,9.693072319030762,9.786146884639361,9.573404759536555,9.746257698141292,13007100
1999-07-28,9.586701393127441,9.639887383345156,9.493626823237507,9.57340519990337,11176200
1999-07-29,9.360668182373047,9.453742803145696,9.147925322519791,9.360668182373047,18322800
1999-07-30,8.988364219665527,9.440442125981942,8.988364219665527,9.413849128945461,19624500
1999-08-02,9.014958381652832,9.2542935599268,8.935179988894841,9.001662185746778,16741800
1999-08-03,8.921881675720215,9.121327610284299,8.788917313570368,9.054845429209374,16578300
1999-08-04,8.70914077758789,8.815512168022615,8.682548386474823,8.788919168248729,18633600
1999-08-05,8.802213668823242,8.802213668823242,8.270357464503466,8.735731491118106,24172500
1999-08-06,8.77562141418457,8.948474360364939,8.549582477902003,8.695843037691983,16248000
1999-08-09,8.549580574035645,8.735730280619105,8.52298819356699,8.735730280619105,13975200
1999-08-10,9.121330261230469,9.240997856748095,8.483103085136463,8.66925227238997,35120400
1999-08-11,9.227696418762207,9.453735299700982,9.214400228822477,9.280882395842248,24087000
1999-08-12,9.440441131591797,9.533515698424527,9.347365956098377,9.360662757546404,18532200
1999-08-13,9.533516883850098,9.61329526781537,9.480331497426839,9.560109881392112,20518200
1999-08-16,9.78614616394043,9.78614616394043,9.37395813670279,9.520218679311272,15660600
1999-08-17,9.985596656799316,9.998893463185361,9.679779848494986,9.905818253126723,19025400
1999-08-18,9.865928649902344,10.078671456814586,9.852632452718163,9.998893056387718,15713400
1999-08-19,9.799447059631348,9.799447059631348,9.546815052394537,9.786150253780425,13353900
1999-08-20,9.93241024017334,9.985595634288655,9.799446450554624,9.879224846058024,12127500
1999-08-23,10.158445358276367,10.171741549571939,9.958999445539662,9.972295636835234,16344000
1999-08-24,10.118558883666992,10.224929051159078,9.998891303999422,10.131855078520905,13956300
1999-08-25,10.291411399841309,10.304706985451048,9.759555716431521,9.985594062333782,21336300
1999-08-26,10.065372467041016,10.238226644895779,9.94570489236552,10.211633038975766,12887700
1999-08-27,9.93241024017334,10.065374029792055,9.81274264691824,10.025484832040355,11529000
1999-08-30,9.679779052734375,9.998892641190883,9.666482247441444,9.972299639265886,10891500
1999-08-31,9.427144050598145,9.772850530763753,9.280884108292469,9.772850530763753,16377900
1999-09-01,9.573407173156738,9.62659256567622,9.34736818979248,9.42714658290212,14467200
1999-09-02,9.719669342041016,9.746261738289368,9.267591301887801,9.36066651473984,16133100
1999-09-03,10.118558883666992,10.118558883666992,9.812741532740718,9.959002110776899,17112000
1999-09-07,9.839332580566406,10.091963884673993,9.839332580566406,10.091963884673993,9863400
1999-09-08,10.025485038757324,10.025485038757324,9.732964452100283,9.786149847312236,12004500
1999-09-09,10.105264663696289,10.11856147061049,9.839337046665428,9.945707850013395,13500300
1999-09-10,10.145147323608398,10.198333299638954,9.972294423160466,10.18503650130104,14019000
1999-09-13,10.211634635925293,10.211634635925293,9.98559564552437,10.025484843320953,10321500
1999-09-14,9.985596656799316,10.1850426659808,9.97230045907419,10.11856106869425,11304300
1999-09-15,9.690096855163574,10.222519545030709,9.663475507411842,10.142656111085156,18499500
1999-09-16,9.650167465209961,9.756651663274955,9.490440558802678,9.703409564242458,16559700
1999-09-17,9.929688453674316,9.9696201758616,9.703408491509803,9.78327193588437,20836500
1999-09-20,9.836519241333008,10.062799323401741,9.836519241333008,9.916382728026672,9160800
1999-09-21,9.743343353271484,9.80989644813211,9.53037430275137,9.58361641305392,17532600
1999-09-22,10.062796592712402,10.155970432134222,9.70341100011553,9.756653107026587,16189500
1999-09-23,9.943002700805664,10.182593127331103,9.929692324657573,10.142661389576864,17090700
1999-09-24,9.903072357177734,10.116041452078207,9.836519248448191,9.916382735199624,19018800
1999-09-27,9.863138198852539,10.102728600444099,9.863138198852539,10.009554758484015,15614100
1999-09-28,9.996243476867676,10.03617520927768,9.730032333674238,9.84982753090425,15641100
1999-09-29,9.71672534942627,9.956315842502343,9.703414969580976,9.956315842502343,14682300
1999-09-30,10.129347801208496,10.222521623317771,9.809894000479815,9.82320437240692,19797600
1999-10-01,10.28907585144043,10.30238561475702,10.129348333374704,10.222522160379059,19431600
1999-10-04,10.71501350402832,10.741635470022675,10.39555966105367,10.422181627048024,22887300
1999-10-05,10.91467571258545,11.207510122229289,10.635153508896455,10.715016995664739,27634800
1999-10-06,10.941292762756348,11.007846450855245,10.62183895946419,10.768256098386129,21144900
1999-10-07,10.927985191345215,10.967916924763967,10.794877788456313,10.94129495673827,13363200
1999-10-08,11.793168067932129,11.793168067932129,11.007845805692229,11.047777528763376,28465200
1999-10-11,11.487027168273926,11.71330532102565,11.487027168273926,11.673373595570746,20249700
1999-10-12,11.473719596862793,11.593514821553612,11.327304835956294,11.48703180221072,14804700
1999-10-13,10.927985191345215,11.460407491182055,10.91467298871257,11.407165992370247,18206100
1999-10-14,11.154260635375977,11.274055806056287,10.808187322681068,10.914670294015353,15995400
1999-10-15,10.821501731872559,11.127645889714032,10.808191964049897,11.047782408297998,20937600
1999-10-18,11.101021766662598,11.18088523260981,10.541977505032106,10.888053336549882,21677100
1999-10-19,11.220815658569336,11.367232808164234,11.12764243823037,11.207505894874991,16677600
1999-10-20,11.67337703704834,11.713308774275689,11.234127927547503,11.36723534313188,16809300
1999-10-21,11.686689376831055,11.699999143648315,11.353923271240884,11.540272192881785,15221100
1999-10-22,12.15255069732666,12.35220926539467,11.726614043607162,11.806477470834366,22602000
1999-10-25,11.9129638671875,12.125934692989656,11.819790654173486,11.9129638671875,20707500
1999-10-26,11.34061050415039,11.620132594041422,10.967915196708752,11.606822830745394,40971600
1999-10-27,11.287365913391113,11.353917148830625,10.967912184118143,11.234122000353262,21902100
1999-10-28,11.873038291931152,11.912970037797782,11.513652579131485,11.526964785913927,27269100
1999-10-29,11.99283218383789,12.458703312420832,11.99283218383789,12.125939613284489,29057400
1999-11-01,11.979523658752441,12.325599599085399,11.952901682652882,12.192492155827932,14335500
1999-11-02,11.952898979187012,12.165869865333802,11.846415973353393,11.992830715684564,13738800
1999-11-03,11.873038291931152,12.019455505855579,11.713311308464634,11.873038291931152,12243900
1999-11-04,11.92628002166748,12.139248480848007,11.899658050304955,12.032763032637797,12451800
1999-11-05,12.365522384643555,12.511937053999265,12.192483321239807,12.245727234858759,18719700
1999-11-08,12.458701133728027,12.605118305618817,12.418769399325054,12.458701133728027,14644200
1999-11-09,12.35221004486084,12.392141760994267,12.046068512663581,12.35221004486084,30078900
1999-11-10,12.16586685180664,12.458698701173297,12.16586685180664,12.352213284476708,20973600
1999-11-11,12.232426643371582,12.245738853025584,12.072699625450557,12.112631379930814,18870600
1999-11-12,12.53856372833252,12.53856372833252,12.11262444531783,12.338905070238052,16823100
1999-11-15,12.551873207092285,12.924570985201866,12.405458485985841,12.565185408821542,27113400
1999-11-16,12.751535415649414,12.858020872973535,12.511944964600218,12.671671931966348,18645900
1999-11-17,12.53856372833252,12.911259077695698,12.498631996713625,12.645049158396061,19397100
1999-11-18,12.645051956176758,12.724915437084737,12.4587030216448,12.605120215722767,17171700
1999-11-19,12.37883472442627,12.57849334901379,12.298971274591262,12.432076211903253,14962500
1999-11-22,12.08600902557373,12.192492054607301,11.952901583421305,12.179182285288183,18967800
1999-11-23,11.9129638671875,12.059381005271597,11.819790654173486,12.059381005271597,19431000
1999-11-24,12.338912963867188,12.458708235361042,12.019458906550236,12.032768679858098,17006400
1999-11-26,12.39547348022461,12.498629621557152,12.272349039637787,12.352212487698853,6891300
1999-11-29,12.565192222595215,12.645055727320944,12.352221251832768,12.45870673721399,14379000
1999-11-30,12.272350311279297,12.551872408456672,12.192486854942905,12.511940680288475,13128300
1999-12-01,12.475342750549316,12.565189171549495,12.285666972882273,12.285666972882273,15958200
1999-12-02,12.282336235046387,12.605119407855511,12.139248320003492,12.565187669960762,15855000
1999-12-03,12.578490257263184,12.618421972365606,12.338899966648647,12.392141441039055,18516000
1999-12-06,12.688312530517578,12.884644431129455,12.405463470102829,12.47201475652959,16347000
1999-12-07,12.35221004486084,12.80477111919871,12.35221004486084,12.738217446563487,19085100
1999-12-08,12.491973876953125,12.631734915033407,12.352212838872843,12.525251939417345,13800000
1999-12-09,13.257333755493164,13.257333755493164,12.2723503146599,12.458699191909238,26424300
1999-12-10,13.470300674438477,13.736512978686486,13.177468845832967,13.31057377933747,37787400
1999-12-13,14.481910705566406,14.734810893125482,13.789758975552408,13.949485922903362,28173000
1999-12-14,14.282256126403809,14.588397905324973,14.255634148446992,14.268943918805151,22515300
1999-12-15,14.069780349731445,14.292900398942004,13.879963183748778,14.279578270028079,23528400
1999-12-16,14.625917434692383,14.652559263075391,14.066456112053878,14.226302204236308,25461000
1999-12-17,13.853331565856934,14.679201580852617,13.800047898461006,14.66588188353278,44009700
1999-12-20,13.700145721435547,14.159703383505262,13.467037575434206,14.093102449824068,18991800
1999-12-21,13.81336498260498,13.999850433108858,13.54695406023993,13.640196785491868,13889700
1999-12-22,13.999847412109375,14.07977042766672,13.773400494068143,13.773400494068143,11258100
1999-12-23,14.359514236450195,14.492721011371522,14.226309900587994,14.27959114712105,11541900
1999-12-27,14.799087524414062,14.94561396453687,14.346190944568814,14.346190944568814,15694800
1999-12-28,14.772451400756836,14.958936977808829,14.612605226678527,14.625924928165368,10596000
1999-12-29,14.359514236450195,14.918975861754218,14.359514236450197,14.82573307055659,7552800
1999-12-30,14.452752113342285,14.8257255274281,14.452752113342285,14.51935302785818,7931700
1999-12-31,14.732486724853516,14.972255934991862,14.545998748393066,14.559318447047907,6338100
2000-01-03,14.23962116241455,14.70583972018605,13.959890515563185,14.572635463276056,25109700
2000-01-04,13.70680046081543,14.026492599843195,13.68015863621063,13.959889257859924,20235300
2000-01-05,13.427071571350098,13.720121923578562,13.253905786722974,13.613559489526995,21056100
2000-01-06,13.573599815368652,13.760085319882311,13.36047004012718,13.427073399772404,19633500
2000-01-07,14.599282264709473,14.692527487048114,13.746770197277774,13.746770197277774,23930700
2000-01-10,14.332863807678223,14.386145013226647,13.986529873970351,14.332863807678224,20142900
2000-01-11,14.119745254516602,14.439437618309878,13.986540915955795,14.292913577610742,14829900
2000-01-12,13.86664867401123,14.226302386017286,13.866648674011232,14.106417815348602,12255000
2000-01-13,13.879964828491211,14.093094525800145,13.853325445620504,14.066452703872224,15063000
2000-01-14,13.746761322021484,14.053133753651542,13.64019646774639,13.64019646774639,18936600
2000-01-18,13.973210334777832,14.159695775760262,13.440388517252186,13.46703033984565,19326600
2000-01-19,13.653519630432129,14.026492989986187,13.64019749823045,13.906608434516219,14459700
2000-01-20,13.50699234008789,13.74676143488235,13.320504453339746,13.733441742635112,17214300
2000-01-21,13.307191848754883,13.626884145421666,13.227268774588186,13.626884145421666,20857500
2000-01-24,12.654483795166016,13.520315215274271,12.254868543098224,13.520315215274271,23399700
2000-01-25,13.027463912963867,13.040783615192566,12.681129703484975,12.747733092746852,19211400
2000-01-26,13.2006196975708,13.227261520702099,12.78768485385097,13.027453944860676,13615200
2000-01-27,12.601202964782715,13.107383210737183,12.334794362961192,13.067421676558105,21969900
2000-01-28,11.748684883117676,12.54791514727534,11.402350955630286,12.54791514727534,42088200
2000-01-31,11.668766975402832,11.828613098353555,11.53556268596332,11.62880544466515,23918100
2000-02-01,12.507957458496094,12.6811232556583,11.708726949965993,11.722046645422179,25077000
2000-02-02,12.441352844238281,12.814328669851921,12.348110107363722,12.547917714278993,18103800
2000-02-03,12.441352844238281,12.534598020170542,11.988456414916234,12.441352844238281,20997000
2000-02-04,12.001776695251465,12.348110710507186,11.935175782398389,12.348110710507186,19649100
2000-02-07,11.881895065307617,12.0683830333681,11.642125865969177,12.0683830333681,18131100
2000-02-08,12.681117057800293,12.72107856369573,12.12165597526415,12.214901115058012,25728300
2000-02-09,12.321467399597168,12.814327754140173,12.214904976229107,12.787685928769395,24649800
2000-02-10,12.148299217224121,12.441349481813583,12.108337706641148,12.281503439481687,13774800
2000-02-11,11.948501586914062,12.254874235495652,11.855258797806218,12.241552094866625,14450100
2000-02-14,12.547917366027832,12.547917366027832,12.041737296204952,12.081698816478925,17410800
2000-02-15,12.36142635345459,12.361426353454592,11.722042189671473,12.134979421486085,29136300
2000-02-16,11.242508888244629,12.04173943572785,11.229189192139264,12.04173943572785,40757400
2000-02-17,10.310077667236328,11.402358984337333,10.230154584544573,11.2824743602997,74300100
2000-02-18,10.176871299743652,10.54984542986794,10.070307001237579,10.336718052385082,58183200
2000-02-22,10.25678825378418,10.50987700099186,9.963736167774291,10.496557310841027,37027800
2000-02-23,10.01701831817627,10.336710995437992,9.9637359004172,10.323388866587656,38623200
2000-02-24,10.203508377075195,10.203508377075195,9.257752766347963,10.017021681594452,58295700
2000-02-25,9.484203338623047,9.657370382835596,9.297716596837418,9.444241806845472,50725500
2000-02-28,9.843852996826172,10.003699056908676,9.497520273156962,9.497520273156962,53508300
2000-02-29,10.389997482299805,10.603124822763492,10.216831060849653,10.216831060849653,51591600
2000-03-01,10.443275451660156,10.65640516473269,10.123583930873098,10.629763340834275,30497400
2000-03-02,10.776289939880371,11.269147838472923,10.749648115422753,11.242506014015305,46628100
2000-03-03,11.215867042541504,11.362390984822325,10.97609793074649,11.109302179835653,32372400
2000-03-06,10.762969970703125,11.229188577571799,10.363354718832243,11.215868882195414,31480800
2000-03-07,10.136902809143066,10.576480010227023,10.043658883262731,10.576480010227023,29174100
2000-03-08,10.296754837036133,10.509882179753179,9.723971902220208,10.083625665025451,30056100
2000-03-09,10.42995548248291,10.536520336191499,9.990378814638802,10.443275174549985,23834700
2000-03-10,10.21683120727539,10.60312497472552,10.110266925751748,10.60312497472552,21016500
2000-03-13,10.16354751586914,10.216829954982323,9.777253186003174,9.857176234908474,23183700
2000-03-14,10.176871299743652,10.403318985878027,9.870499322641596,10.017025156866865,29955000
2000-03-15,10.989912033081055,11.083272115316882,9.936266614673604,10.12298861074069,44010000
2000-03-16,11.656767845153809,11.856826803835657,11.016579177371888,11.163289894447232,59148000
2000-03-17,11.896844863891602,12.00354384544912,11.550077447552347,11.643437530085645,37911900
2000-03-20,11.763465881347656,11.910176587333826,11.390023334076957,11.910176587333826,20307300
2000-03-21,12.083564758300781,12.083564758300781,11.630098462208105,11.830157481385271,23563800
2000-03-22,11.816816329956055,12.05688710714789,11.52339730520811,12.05688710714789,29890500
2000-03-23,11.523401260375977,11.643436690171558,11.416702286515322,11.603424880239698,21076500
2000-03-24,11.843487739562988,11.883499522466918,11.523393476331558,11.616753489065584,23858700
2000-03-27,11.83015251159668,11.843488959897014,11.576742899010597,11.670105363489963,17324700
2000-03-28,11.630095481872559,11.936850937917068,11.630095481872559,11.643431932357863,17392800
2000-03-29,12.537026405334473,12.670400663411701,11.830153094453495,11.8434895434109,40790100
2000-03-30,12.590384483337402,12.963827252706285,12.563709127622756,12.750431733370812,34712400
2000-03-31,12.056891441345215,12.657068600075792,11.84349593228338,12.643732143924149,27162000
2000-04-03,13.057182312011719,13.230568394272316,12.083562729524777,12.083562729524777,35807100
2000-04-04,12.803777694702148,13.510653735639425,12.270287771465155,13.163883942365645,41027400
2000-04-05,12.430326461791992,12.830444240153053,12.283615795684566,12.657058241446519,21198000
2000-04-06,13.04384708404541,13.070522432001786,12.537030125633375,12.617053727375984,21762600
2000-04-07,13.123878479003906,13.230577492062855,12.93715581668274,13.070530193538417,12039300
2000-04-10,13.564001083374023,13.59067643248678,13.017172300385567,13.12387125470997,16563000
2000-04-11,13.523993492126465,13.5506688495459,13.123875341471836,13.417294504576102,16066200
2000-04-12,13.323931694030762,13.857421638508217,13.2439080802528,13.537327183396368,21729900
2000-04-13,12.817117691040039,13.297259487276222,12.697082241980993,13.297259487276222,23653500
2000-04-14,11.73678970336914,12.577037206320155,11.73678970336914,12.376978277046105,28118100
2000-04-17,11.523401260375977,12.03021833355524,11.043259541193644,11.763472119967142,28981500
2000-04-18,11.496724128723145,12.016877577409744,11.336676913742652,11.523399478595458,22983600
2000-04-19,11.723459243774414,11.84349466265265,11.470051951295977,11.550075563881467,18765900
2000-04-20,12.310301780700684,12.363650049937402,11.763472863047236,11.763472863047236,18271200
2000-04-24,12.563703536987305,12.937146140180548,12.270284523201623,12.363644563468398,16901100
2000-04-25,12.737092971801758,12.963827392503182,12.283626572526163,12.390325554408113,18114900
2000-04-26,12.537026405334473,12.963819635355176,12.443666378381048,12.843784268361146,15606000
2000-04-27,12.310301780700684,12.470349030538062,12.05689200704002,12.296962881796086,16545000
2000-04-28,11.816816329956055,12.23027318542615,11.816816329956055,12.1235742481877,15037800
2000-05-01,12.363649368286133,12.55037196351081,11.990206619963867,12.03021843021722,15327000
2000-05-02,12.296961784362793,12.336973593251313,12.096902739920193,12.230277064299932,14464500
2000-05-03,11.403365135192871,11.63009952502264,11.256654360346912,11.576748820282152,31371900
2000-05-04,10.883204460144043,11.510056511473522,10.763169116833632,11.510056511473522,32300700
2000-05-05,10.949895858764648,11.283326684330433,10.70982507824698,10.70982507824698,25920000
2000-05-08,11.176628112792969,11.176628112792969,10.563114689801177,10.936557324388396,22878300
2000-05-09,11.310002326965332,11.71012030501686,11.203303385442814,11.603421363494343,26664600
2000-05-10,12.096904754638672,12.190267285679257,11.310007343526053,11.403367432439225,33735900
2000-05-11,11.9501953125,12.176927285390404,11.736797354085605,12.150254372184,18315900
2000-05-12,12.123578071594238,12.203601689228524,11.803483601057097,11.896843674254763,13113000
2000-05-15,12.16358470916748,12.230271842886923,11.843490374715705,12.003537541941594,12816900
2000-05-16,12.376977920532227,12.603712181220361,12.203594334197494,12.256942566425366,19136100
2000-05-17,12.030216217041016,12.11023982282593,11.830157202578729,12.096900927110683,13776900
2000-05-18,12.363649368286133,12.363649368286133,11.990206619963867,12.003543076005954,14663700
2000-05-19,12.176924705505371,12.537030936642047,11.97686568820722,11.97686568820722,19073100
2000-05-22,12.243609428405762,12.310296568310601,11.990202204169274,12.310296568310601,13884300
2000-05-23,12.203598022460938,12.45700525478689,12.12357442887103,12.283621616050846,12873000
2000-05-24,12.136914253234863,12.16358960588658,11.25665447912465,11.79014687939729,31024500
2000-05-25,11.73678970336914,12.096895776062432,11.536730774095089,11.910175736823719,13857600
2000-05-26,11.523401260375977,11.736796765970212,11.3366786666516,11.576749526242768,11989200
2000-05-30,11.390033721923828,11.550081022737146,11.243322882135619,11.323346532542278,13058100
2000-05-31,12.296961784362793,12.80377884432638,11.630099930972133,11.710123548749172,22976700
2000-06-01,12.16358470916748,12.310295426499867,12.003537541941594,12.19026005108045,14359200
2000-06-02,12.603713035583496,12.817108421085868,12.390317650081125,12.563701248168945,21264300
2000-06-05,12.657065391540527,12.750427887316192,12.537029990223095,12.65706539154053,13081200
2000-06-06,12.430326461791992,12.550361795300311,12.323627573520673,12.550361795300311,13320300
2000-06-07,12.350311279296875,12.603718563353796,12.323635928612601,12.323635928612601,10273800
2000-06-08,12.136914253234863,12.376985100719466,12.016878829492562,12.336973292805366,11979300
2000-06-09,11.523401260375977,12.376985724879988,11.510064804441047,12.256950295084405,21849300
2000-06-12,11.256654739379883,11.603424563361765,11.05659569518399,11.523400945683408,24267600
2000-06-13,11.73678970336914,11.73678970336914,11.016577557982556,11.109940019727514,23135100
2000-06-14,11.7763090133667,11.89647543187044,11.562680639846283,11.736253540532118,20060400
2000-06-15,11.856423377990723,12.003294302333686,11.70955245364776,11.762961396023062,17046900
2000-06-16,11.509282112121582,11.989948220443981,11.375764563630112,11.696208635845045,28709100
2000-06-19,11.616093635559082,11.749611138278048,11.282298656364958,11.469222671212828,18005100
2000-06-20,11.642799377441406,11.682854877083068,11.349057416873421,11.589390414723402,18191400
2000-06-21,11.522632598876953,11.656150112844307,11.402466102868248,11.656150112844307,12861900
2000-06-22,11.215543746948242,11.415821313858032,11.082026183939888,11.335710287094116,17003400
2000-06-23,11.482576370239258,11.629444892828563,11.295649906733319,11.469222908335892,18808800
2000-06-26,11.482576370239258,11.682853850855096,11.482576370239258,11.576038379595493,11774100
2000-06-27,12.136817932128906,12.270335466285903,11.482578836527434,11.562689845980431,19663200
2000-06-28,11.959906578063965,12.216930242356431,11.89648617042577,12.070059227790129,14472300
2000-06-29,11.5626859664917,11.829720945210664,11.442519492630215,11.816369929712666,15872700
2000-06-30,12.310386657714844,12.333753990480544,11.549332334568621,11.562685794661347,22866600
2000-07-03,12.150166511535645,12.256981984281904,11.989944524813005,12.230277504896964,7731900
2000-07-05,12.17686653137207,12.377143941427533,12.083404554943723,12.243626482988093,15419400
2000-07-06,12.283686637878418,12.483964124122123,12.136815666368523,12.37714864986097,17273400
2000-07-07,13.151558876037598,13.258374388966788,12.243635572919937,12.377153130485611,31540200
2000-07-10,13.084799766540527,13.445299329493025,12.964633245556362,13.11150180800759,24701100
2000-07-11,13.245022773742676,13.405244813567005,12.991336247491281,13.044745223962263,17692800
2000-07-12,13.031387329101562,13.285073769144846,12.951276336412837,13.258369289984111,17500800
2000-07-13,12.630841255187988,13.071452025075885,12.630841255187988,12.924583398310052,12907800
2000-07-14,12.710942268371582,13.018035195609352,12.684240236294048,12.77770223815195,12552300
2000-07-17,12.97130298614502,13.084795179372252,12.737646758853947,12.884517714610396,13832100
2000-07-18,12.8311128616333,13.058094875837908,12.764355315239163,13.018039370083804,10776300
2000-07-19,12.817760467529297,12.924575953023306,12.68424294425713,12.857815968990327,11209200
2000-07-20,12.817760467529297,12.991333492262493,12.72429844571816,12.804409448640218,14960400
2000-07-21,12.751005172729492,12.924580706089577,12.65754311654731,12.884525189897971,11733000
2000-07-24,12.270334243774414,12.644187213836865,12.216927724391383,12.604131713101156,15137400
2000-07-25,12.644185066223145,12.670887098982448,12.24363012690027,12.283685620832557,12366000
2000-07-26,12.550719261169434,12.844461148131701,12.430552792355707,12.430552792355707,21966300
2000-07-27,12.8311128616333,12.884521832501475,12.604133292222746,12.684244303730955,14234400
2000-07-28,12.537373542785645,12.80441106789349,12.23028051115133,12.777706581944475,15742800
2000-07-31,11.803019523620605,12.577424913558277,11.589388595863577,12.577424913558277,22602900
2000-08-01,11.642799377441406,11.736261395007393,11.322355380308098,11.535983896799076,27165900
2000-08-02,11.549333572387695,11.762964508836204,11.495927060672265,11.64279802388144,20204400
2000-08-03,11.509282112121582,12.070059238497715,11.415820072656977,12.070059238497715,24687300
2000-08-04,11.309001922607422,11.549334920571644,11.268946422946719,11.549334920571644,17527200
2000-08-07,11.7763090133667,11.949881914052533,11.322347802838799,11.349049821533825,16815600
2000-08-08,12.310386657714844,12.310386657714844,11.762963248120878,12.056702698263814,17579400
2000-08-09,11.455869674682617,11.696202604920714,11.308998735717228,11.549331665955325,53252100
2000-08-10,10.895094871520996,11.375760821735156,10.828334896837879,11.349056342903221,37141800
2000-08-11,11.135427474975586,11.188833986063532,10.921798985830439,10.988556513492028,22602300
2000-08-14,11.295650482177734,11.335705980341485,11.135428489522733,11.16213296989643,18098400
2000-08-15,11.015263557434082,11.228892096343916,10.94850356942741,11.082023545440752,23859000
2000-08-16,10.668111801147461,10.868389259521901,10.414427835470901,10.841687228267439,41433000
2000-08-17,10.681466102600098,10.774928108936074,10.387724177326945,10.588001651470737,20399400
2000-08-18,10.86839485168457,10.86839485168457,10.58800626569079,10.614710755478825,22047900
2000-08-21,10.467836380004883,10.628058377886559,10.067281996499114,10.521245342494554,42446100
2000-08-22,10.494542121887207,10.681468623467918,10.37437560904117,10.467837637434544,22832700
2000-08-23,10.494542121887207,10.72152412774993,10.481191102057856,10.628059654562593,20627100
2000-08-24,10.561299324035645,10.708167837789299,10.467834875508792,10.628056850362464,14901900
2000-08-25,10.788278579711914,10.788278579711914,10.521243590894805,10.60135457649859,14631300
2000-08-28,10.574652671813965,10.814985687082466,10.387726178340515,10.694819179448215,21009600
2000-08-29,10.561299324035645,10.668112344075881,10.44113284289539,10.574650340342345,16995300
2000-08-30,10.347673416137695,10.467839955595274,10.254211367046636,10.441137910023258,24466500
2000-08-31,10.174099922180176,10.414432991208054,10.067285021101585,10.320970945962014,36708600
2000-09-01,10.4144287109375,10.494539701021633,10.120688617695123,10.16074411273719,22984500
2000-09-05,10.628058433532715,10.721522895982163,10.427780935132013,10.454485416516667,24093000
2000-09-06,10.681466102600098,10.92179907157265,10.654761624449797,10.734872614107314,24931200
2000-09-07,10.895094871520996,11.122076829608831,10.7882794009867,10.935150367372175,25201800
2000-09-08,11.135427474975586,11.242242941944843,10.895094507889782,11.00190997485904,22141800
2000-09-11,11.616093635559082,11.696204626149145,11.2555941779038,11.268945194737672,29533800
2000-09-12,11.53598403930664,11.669501558163676,11.309002056935343,11.442522020586086,19053300
2000-09-13,11.52208137512207,11.642381537208658,11.334949421329423,11.602281483179796,14944800
2000-09-14,11.228014945983887,11.46861526625497,11.094348917226515,11.46861526625497,14134800
2000-09-15,11.121081352233887,11.321581631706332,11.00078118455042,11.187915594562426,24327300
2000-09-18,10.933952331542969,11.268118738067646,10.827018004548984,10.907218137916013,15634800
2000-09-19,10.66661262512207,10.880478729086462,10.532946616083409,10.82701281497353,25721100
2000-09-20,10.37254810333252,10.693348534904525,10.278979679115313,10.679980218580319,29648100
2000-09-21,10.693343162536621,10.987409261233577,10.399274616327837,10.412642925935764,25936500
2000-09-22,10.800274848937988,11.107709254242868,10.599774681893892,11.107709254242868,20178900
2000-09-25,10.47947883605957,10.840379283255007,10.466112968667709,10.827013415863146,16398000
2000-09-26,10.131948471069336,10.5730497330989,10.025014776164136,10.5730497330989,28227300
2000-09-27,10.292350769042969,10.345816706208726,10.078482737230937,10.185416447197738,22748400
2000-09-28,10.38591194152832,10.66661226427233,10.26561180320946,10.359177761619936,24413400
2000-09-29,10.292350769042969,10.586417094725208,10.265616576703232,10.372550898548464,22598700
2000-10-02,9.891345024108887,10.399277927508834,9.717577747728033,10.305711968020631,33523800
2000-10-03,9.797775268554688,9.918075376675597,9.436874944191961,9.877975340635293,49645200
2000-10-04,9.864614486694336,10.238881499032235,9.730947827690445,9.771047886579446,33255600
2000-10-05,9.851243019104004,9.998276086038222,9.78440941748425,9.918076008845729,26197500
2000-10-06,9.730942726135254,9.811142801867472,9.54380901213407,9.811142801867472,33481500
2000-10-09,9.650742530822754,9.931442792407424,9.650742530822754,9.77104264293047,18101400
2000-10-10,9.918079376220703,9.984913000531735,9.704212635054938,9.824512791687852,20049600
2000-10-11,9.690845489501953,9.918078695175188,9.597278299515848,9.864612166524696,25172700
2000-10-12,9.436875343322754,9.557175456531732,8.862108339728083,8.982408452937062,58319700
2000-10-13,9.624013900756836,9.650747476662826,9.329947013304263,9.329947013304263,28074600
2000-10-16,10.118581771850586,10.198781893191219,9.664114621546446,9.677481104477096,21294900
2000-10-17,9.83788013458252,10.25224778502149,9.77104711628846,10.172047673565984,18806700
2000-10-18,9.998278617858887,10.051745757445154,9.597278130352805,9.82451194389898,18445200
2000-10-19,10.22551155090332,10.252245118394471,9.86461114322438,9.958177711626208,18908700
2000-10-20,9.958176612854004,10.1185767763463,9.851243578444517,10.025010218268482,21459600
2000-10-23,10.118581771850586,10.225515470930887,9.74431474288708,9.958181529169316,18093900
2000-10-24,10.345817565917969,10.372551760479244,10.105217157408248,10.172050808175998,17741400
2000-10-25,9.82451057434082,10.359177000644351,9.757676965113829,10.359177000644351,25172100
2000-10-26,9.289848327636719,9.824515641586729,9.276481231770038,9.811149157598464,44886300
2000-10-27,9.249741554260254,9.436874641867925,9.249741554260254,9.289841589015893,37664400
2000-10-30,9.356681823730469,9.396781889563425,9.223015141580094,9.276481692064554,39616800
2000-10-31,9.704212188720703,9.797778768950065,9.410145356658266,9.45024540702488,44089800
2000-11-01,9.984914779663086,10.278981065769852,9.864614601594855,9.944814720307008,69816600
2000-11-02,10.359177589416504,10.693346266422305,9.730944563991539,9.83787761057863,62551500
2000-11-03,10.131948471069336,10.506215485420016,10.011648293755366,10.359181119531817,24775500
2000-11-06,10.47947883605957,10.559678935436333,10.065112471783888,10.3324469522107,21829500
2000-11-07,10.46611499786377,10.693349472658978,10.265614710548371,10.479480867847037,21412500
2000-11-08,10.426013946533203,10.880480405287996,10.399279761601848,10.479479868882873,22868700
2000-11-09,10.078479766845703,10.292347735625388,9.877979502174515,10.278979419638643,24182400
2000-11-10,9.343317031860352,9.624017543547142,9.236383299639197,9.624017543547142,44743800
2000-11-13,9.690845489501953,9.7175784478881,9.102711226833764,9.196277804941673,32979000
2000-11-14,10.02501106262207,10.359177282205318,9.99827749582904,10.105211151123047,25599600
2000-11-15,10.47947883605957,10.559678935436333,9.91807875230042,9.971545893137064,25938600
2000-11-16,10.319073677062988,10.519573829127111,10.292341955128853,10.426007907334395,16589100
2000-11-17,10.38591194152832,10.599778038257657,10.185411710996886,10.372546075330417,18420600
2000-11-20,10.23888111114502,10.399280728746145,10.17204809011413,10.399280728746145,13137300
2000-11-21,10.078479766845703,10.372547841493864,9.944813127690994,10.292347735625388,13167000
2000-11-22,9.81114673614502,10.118580075147523,9.81114673614502,10.091847113768859,14837700
2000-11-24,9.664111137390137,9.877977846568019,9.557177476862122,9.824511322243085,10447500
2000-11-27,10.546316146850586,10.65325045974141,10.025015348717288,10.03838183188945,31951200
2000-11-28,10.47947883605957,10.88047933294339,10.27897858761766,10.426012918979326,29361300
2000-11-29,11.09434986114502,11.09434986114502,10.519580748809036,10.532949066081278,29709000
2000-11-30,11.16118049621582,11.16118049621582,10.773548285915627,11.014148601624566,34821300
2000-12-01,10.947314262390137,11.281480548579047,10.840379973903985,11.254748812092224,32171100
2000-12-04,11.508715629577637,11.508715629577637,10.77354878034359,10.893848943718966,40212300
2000-12-05,11.816145896911621,11.829511761030188,11.3884113224833,11.508711442086996,31141800
2000-12-06,11.722578048706055,11.949812434323697,11.401777714898708,11.682478006980137,32109300
2000-12-07,11.762677192687988,11.963177386015126,11.669111251639366,11.776045503917882,22938600
2000-12-08,11.642380714416504,11.842880970391029,11.495348825043777,11.776049183408114,20631000
2000-12-11,10.987411499023438,11.50871204459754,10.86711137312172,11.468612002630302,34788300
2000-12-12,11.09434986114502,11.147815787694299,10.65324923645208,10.800281146340906,25034400
2000-12-13,10.760175704956055,11.281476182360953,10.706709805162118,11.107710172396656,19675500
2000-12-14,10.920575141906738,10.974043485736722,10.67997493720736,10.760175005440486,21738600
2000-12-15,10.66661262512207,10.880478729086462,10.586412530196341,10.586412530196341,39428100
2000-12-18,10.813651084899902,10.94731714507022,10.519582326006168,10.800282765623352,20894400
2000-12-19,10.265613555908203,10.960680324585155,10.18541345000267,10.827014297246933,27385500
2000-12-20,10.479209899902344,10.653193410883846,10.050940581004607,10.278458752394636,24849600
2000-12-21,11.081470489501953,11.188538654085647,10.559517169344252,10.599667424740998,28140600
2000-12-22,11.24206829071045,11.295601132378838,10.894098693424894,11.081467315128872,22452600
2000-12-26,10.840564727783203,11.242067125108507,10.492595166575887,11.188534288990517,18063000
2000-12-27,11.255454063415527,11.442822737972353,10.746885797668156,10.85395151120597,24672900
2000-12-28,11.335752487182617,11.563271375078934,11.242069392437852,11.242069392437852,12288900
2000-12-29,11.375899314880371,11.777401672471159,11.282216248301157,11.282216248301157,19746900
2001-01-02,11.536499977111816,11.790786431113782,11.282215973685702,11.375899037984617,26440800
2001-01-03,12.513493537902832,12.580408977559788,11.335751412792842,11.456202144867062,59871300
2001-01-04,12.031688690185547,12.459956257743457,11.964770810627613,12.205672236344947,41436900
2001-01-05,11.549890518188477,12.232444834257773,11.402672103745896,12.232444834257773,29427600
2001-01-08,11.549890518188477,11.737256735940466,11.322371595973038,11.34913924875633,25326300
2001-01-09,11.295598030090332,11.72386799754413,11.242065203124508,11.456198961563539,21632400
2001-01-10,11.068084716796875,11.148385204583608,10.813798205087947,10.907483741223409,29944200
2001-01-11,11.121615409851074,11.349134231484049,10.880713993031195,11.121615409851074,20107200
2001-01-12,11.335752487182617,11.509738528164302,11.054700752371671,11.13500124803194,21966000
2001-01-16,11.710488319396973,11.737253514256638,11.389286376470212,11.442819216765889,24994800
2001-01-17,11.549890518188477,11.697106482054037,11.469590010415619,11.6837238809509,23444100
2001-01-18,11.362517356872559,11.670336665142395,11.335749714673776,11.44281783289286,20633700
2001-01-19,10.880715370178223,11.28221778236192,10.800414887741484,11.148384461826103,26889900
2001-01-22,11.255454063415527,11.49635559474126,11.13500329775266,11.175153552973615,23417100
2001-01-23,11.42944049835205,11.549891267829143,11.255454419833686,11.349139985367323,14753400
2001-01-24,11.456204414367676,11.482972065879041,11.201920302028855,11.442821813900444,23368200
2001-01-25,11.56326675415039,12.018301897524603,11.33574795717545,11.549884160413866,27171000
2001-01-26,11.482970237731934,11.764021956837261,11.362519500972509,11.764021956837261,15692700
2001-01-29,11.606099128723145,11.702459480540288,11.49903098200334,11.49903098200334,15342600
2001-01-30,11.514016151428223,11.616800656301347,11.383394329646285,11.608235893539229,15372600
2001-01-31,12.162847518920898,12.20567502061901,11.571835837332026,11.606098573863491,32544300
2001-02-01,11.927294731140137,12.16284158709436,11.663909338750456,12.16284158709436,31155900
2001-02-02,11.726015090942383,11.987260087788771,11.595393205163465,11.985119508693458,15195000
2001-02-05,11.529008865356445,11.824515300966596,11.413375965565004,11.777404194239164,16812600
2001-02-06,11.391958236694336,11.668192002563421,11.317011062420839,11.434784493257636,16182000
2001-02-07,11.704595565795898,11.713161553371801,11.391959687101231,11.394101490317178,14785200
2001-02-08,11.199239730834961,11.734576673807156,11.040780574051169,11.68104261192351,23903400
2001-02-09,10.792383193969727,11.424080418215478,10.75598111301712,11.201380649816025,23734200
2001-02-12,11.4454984664917,11.451922653504617,10.912303197303437,10.920867963128401,21862500
2001-02-13,11.58468246459961,11.6639132695369,11.141423463883445,11.359840871466012,22269600
2001-02-14,11.34913444519043,11.638215415644952,11.349134445190428,11.638215415644952,15285000
2001-02-15,11.135000228881836,11.445496839009579,11.060054250060913,11.424082476915387,22909800
2001-02-16,11.212087631225586,11.413374274127056,11.040780110732426,11.092172366880375,19978200
2001-02-20,11.434785842895508,11.625365892844268,11.134997110417714,11.177824597323628,28009500
2001-02-21,10.75169849395752,11.34056821401154,10.717435766595779,11.252772655464502,24492600
2001-02-22,10.642495155334473,10.920869693363981,10.48189413043206,10.920869693363981,27462900
2001-02-23,10.766687393188477,10.878036661783264,10.289166944378788,10.70673037747312,24244800
2001-02-26,10.935858726501465,11.0000993819779,10.80309625721571,10.905880815862572,18180600
2001-02-27,10.918723106384277,11.102877752353503,10.603944192522963,11.04934492370055,21142200
2001-02-28,10.726003646850586,10.985106761472904,10.501162040345854,10.972258389606765,23244600
2001-03-01,10.35127067565918,10.67889690272409,10.278465255852048,10.546134438748888,26078400
2001-03-02,10.475468635559082,10.640352023482814,10.171396770696141,10.27632311996053,19417200
2001-03-05,10.35768985748291,10.608226934914395,10.278460288148846,10.479746916485302,13704300
2001-03-06,10.610371589660645,10.698167170637578,10.471183742443419,10.599665020688285,15290400
2001-03-07,10.856624603271484,10.910158664799114,10.689599458570314,10.717436778472496,16259700
2001-03-08,11.060056686401367,11.113589540208679,10.873758924344168,11.113589540208679,18103200
2001-03-09,10.87375259399414,11.092169941180153,10.72814184606198,11.092169941180153,16699500
2001-03-12,10.344842910766602,10.76026459400122,10.29987483686762,10.76026459400122,17220600
2001-03-13,10.449769020080566,10.556835918858706,10.066468272660975,10.492595289476586,23877300
2001-03-14,10.107156753540039,10.272040764383075,9.963687109891934,10.085743611633614,25646700
2001-03-15,10.246338844299316,10.383385448268218,9.970105671195851,10.13927135725471,22529100
2001-03-16,10.049333572387695,10.246337152387438,9.970104024896576,10.246337152387438,41579400
2001-03-19,10.145696640014648,10.214219643098028,10.000085258462464,10.062184076845783,17567400
2001-03-20,10.252764701843262,10.595380348724166,10.14141481571627,10.14141481571627,30106800
2001-03-21,10.359987258911133,10.67308210879243,10.139106385192193,10.250619291614344,24980700
2001-03-22,10.059762001037598,10.164841329536552,9.84531346528392,10.132673987819398,35741700
2001-03-23,10.201298713684082,10.274211323947167,9.693056608594983,9.832447623651325,24846000
2001-03-26,10.636629104614258,10.679519312058453,10.35784705101502,10.486515219183016,20525400
2001-03-27,10.784594535827637,10.808183958172535,10.54012423701617,10.63662563846591,29354400
2001-03-28,10.649496078491211,10.750286162009933,10.35784684573074,10.72240930699303,20627700
2001-03-29,10.855364799499512,10.861798391057084,10.3835787199893,10.690240039795574,23262000
2001-03-30,10.829625129699707,10.98831744721214,10.615177909184666,10.958294443673948,24925200
2001-04-02,10.859652519226074,10.932565732564319,10.615182196436354,10.722407077081296,22313700
2001-04-03,10.54870319366455,10.936853754331958,10.458634151860213,10.90468702824023,26076300
2001-04-04,10.694527626037598,10.80818486903651,10.443623715706872,10.447912367290492,23886300
2001-04-05,10.838202476501465,10.870370415033229,10.724545290212472,10.840347414764045,23370000
2001-04-06,10.988321304321289,11.005477137067777,10.617325347481808,10.722406510291721,22903200
2001-04-09,10.786738395690918,11.106265580788337,10.679514763373227,11.054798090026033,21861900
2001-04-10,10.90254020690918,11.074098503946386,10.88752808899234,10.969018586855446,20959500
2001-04-11,10.771729469299316,10.872519530272116,10.563714529367626,10.743851393436243,20850900
2001-04-12,10.658075332641602,10.6580753326416,10.166988385220465,10.454348984912565,29618400
2001-04-16,10.518680572509766,10.769584481223736,10.445768587730063,10.65807217827619,20263500
2001-04-17,10.559428215026855,10.602317194437905,10.402880740595537,10.488659926499903,19352400
2001-04-18,11.307849884033203,11.35288379208982,10.643059824134223,10.711683155855155,38990700
2001-04-19,11.258528709411621,11.305707567685749,11.086970340307744,11.09340393253442,21129000
2001-04-20,11.089109420776367,11.258522760595412,11.022629820948925,11.256379049040719,21800700
2001-04-23,11.159883499145508,11.301420088663745,11.076249245679403,11.16202843913786,16448400
2001-04-24,10.743852615356445,10.956156231009254,10.733129144575356,10.883244237607096,24526500
2001-04-25,10.866084098815918,10.958296841018466,10.728837454994784,10.958296841018466,16225200
2001-04-26,10.988321304321289,11.065523165221455,10.840352400268086,10.93685380608183,15568200
2001-04-27,11.329294204711914,11.408639777482415,11.129856576083204,11.172746771329987,23292600
2001-04-30,11.09554386138916,11.430081916518166,10.984030358291694,11.430081916518166,19793400
2001-05-01,11.472975730895996,11.48369920235692,11.02263533157903,11.091258677268558,22857000
2001-05-02,11.382909774780273,11.462256605024006,11.211351382247045,11.462256605024006,23069400
2001-05-03,11.387199401855469,11.46225635030612,11.157738676473707,11.215639786052277,22772100
2001-05-04,11.37004280090332,11.515868050821034,11.153450479670594,11.215640244739971,22336200
2001-05-07,11.162027359008789,11.352886506140656,11.11913715288878,11.237084299407114,14151000
2001-05-08,11.147018432617188,11.14916214569874,10.966881498395542,11.097694625504339,13312800
2001-05-09,11.063379287719727,11.194192371580515,11.001189541430636,11.162025642249558,16332900
2001-05-10,11.455818176269531,11.515862974769266,11.410784270624255,11.430083814711146,24645600
2001-05-11,11.601644515991211,11.678846389429662,11.440808404486408,11.573766436635761,19588800
2001-05-14,11.655259132385254,11.74103832602101,11.545890507114366,11.601646676207015,14400900
2001-05-15,11.151302337646484,11.65525636088933,11.151302337646484,11.65525636088933,40235100
2001-05-16,11.076250076293945,11.17704017601005,10.936858416315,10.979748629801778,28813200
2001-05-17,11.099837303161621,11.19848490818519,11.001192152302771,11.140583799982357,19618500
2001-05-18,11.159883499145508,11.159883499145508,11.024781729604328,11.14058394754384,17582700
2001-05-21,11.408638954162598,11.430083436697446,11.056943796014556,11.159878784680053,23258700
2001-05-22,11.477264404296875,11.515864725420608,11.344306379223923,11.410786005301441,20381100
2001-05-23,11.262813568115234,11.554462697353062,11.19633518263583,11.430083228419152,16698300
2001-05-24,11.342164039611816,11.41722221374518,11.183472839774925,11.22636304969651,13573500
2001-05-25,10.979742050170898,11.365748831906755,10.979742050170898,11.361458954171068,15528600
2001-05-29,10.981887817382812,11.140580192098167,10.943287500109117,11.140580192098167,15001800
2001-05-30,11.03764820098877,11.19419445199161,10.962591258185336,10.984035748391376,17909400
2001-05-31,11.09769344329834,11.279974071183698,10.994758413874914,11.172750388971549,17642100
2001-06-01,11.09125804901123,11.24780550765376,11.033356950980187,11.052657726017916,12465300
2001-06-04,10.934710502624512,11.10841254874898,10.82962933588695,11.054800109256592,16859700
2001-06-05,11.001190185546875,11.07410217921526,10.870377094027022,10.881099337765125,15492000
2001-06-06,10.883243560791016,11.089113572005214,10.872520090676808,11.00118946122671,12581100
2001-06-07,10.95830249786377,11.011914955937652,10.737421526597627,10.737421526597627,18330900
2001-06-08,10.941145896911621,10.994758351253514,10.883246016887767,10.936857244147324,11362500
2001-06-11,10.771729469299316,10.958298697190031,10.756717348162434,10.926131969751562,9700500
2001-06-12,10.84463882446289,10.930417970578402,10.63876887378566,10.726691731628,13407600
2001-06-13,10.754573822021484,10.851075233088826,10.735273048975209,10.851075233088826,10570500
2001-06-14,10.615182876586914,10.799608406947685,10.59373838991671,10.70096205034982,13663800
2001-06-15,10.325679779052734,10.664509127394354,10.29351304163059,10.593740832566782,43183200
2001-06-18,10.405022621154785,10.634483283512079,10.36856724049107,10.465068654255807,21368700
2001-06-19,10.477940559387207,10.613043581218708,10.428616747019118,10.608753700433585,15530400
2001-06-20,10.694835662841797,10.71631090827721,10.518736438355537,10.565981732545016,17739000
2001-06-21,10.834430694580078,10.989054723277675,10.587460377406886,10.587460377406886,26831400
2001-06-22,10.733498573303223,10.898861515191859,10.619678221291652,10.883827850196722,14501100
2001-06-25,10.52303409576416,10.855906673378216,10.480083588228558,10.855906673378216,17122200
2001-06-26,10.544507026672363,10.694836210096906,10.422095909510855,10.426390713049273,18060300
2001-06-27,10.415657997131348,10.677659538139345,10.394181514169963,10.527330301622895,15381300
2001-06-28,10.602493286132812,10.692690322607076,10.512296249658549,10.512296249658549,15041100
2001-06-29,10.480086326599121,10.843023862783994,10.43713580784086,10.550956157161792,27919500
2001-07-02,10.684097290039062,10.692688125903475,10.447867121979682,10.512294090015061,16473600
2001-07-03,10.570281982421875,10.673364676254126,10.510149796598407,10.673364676254126,11411100
2001-07-05,10.437131881713867,10.60464031647112,10.404917775920174,10.598198724154868,15396300
2001-07-06,10.166540145874023,10.428542298442924,10.031243957370584,10.426394281517442,19992600
2001-07-09,10.361966133117676,10.394180239186944,10.104260043197264,10.196605099191672,18245400
2001-07-10,10.20090103149414,10.452165556822077,10.175130358210865,10.415657871030747,19384800
2001-07-11,10.490819931030273,10.60893626998093,10.226670409721958,10.34049071537079,23731500
2001-07-12,11.135090827941895,11.135090827941896,10.72705478265736,10.855908788049474,35115300
2001-07-13,11.360579490661621,11.431449283871364,10.980461701551318,11.1350856995016,29536500
2001-07-16,11.485145568847656,11.60755553978968,11.405684891121394,11.467963885412484,34206900
2001-07-17,11.457220077514648,11.564598782452425,11.369171063230226,11.56245076597041,26356200
2001-07-18,11.59251880645752,11.59251880645752,11.281122721567591,11.354139319312218,21540900
2001-07-19,11.646209716796875,11.704193890872071,11.556011429989487,11.592520348138388,24692100
2001-07-20,11.65694522857666,11.723520237260255,11.575339016500154,11.596814270791725,17684700
2001-07-23,11.388503074645996,11.65480070340058,11.34984736364707,11.575341264019443,16083300
2001-07-24,11.40353775024414,11.4250130106105,11.274683730359968,11.392798891217955,18225900
2001-07-25,11.833047866821289,11.833047866821289,11.324077121968237,11.40353656010533,28537200
2001-07-26,11.918944358825684,11.921091146293318,11.635466419188585,11.833042139063274,25277700
2001-07-27,11.899617195129395,12.02632436553236,11.813714966007193,11.972633782672663,15507900
2001-07-30,12.000554084777832,12.037061767177736,11.637616675604553,12.02632537008837,21504600
2001-07-31,12.004851341247559,12.133704107589523,11.89747383115546,11.923243892886745,23176800
2001-08-01,11.813715934753418,12.191685773885318,11.800831520960354,11.897471383042173,18505500
2001-08-02,12.02417278289795,12.05853366435619,11.82230229712027,11.906056484858963,17238900
2001-08-03,11.895325660705566,12.019884848803763,11.822309053091283,12.00485118654837,12510000
2001-08-06,11.704192161560059,11.93612759474928,11.609699083297455,11.93612759474928,17137800
2001-08-07,11.828751564025879,11.871702074840611,11.629027756440665,11.742849313553693,15466500
2001-08-08,11.710634231567383,11.998407054022664,11.682716156081815,11.725667892181427,19161000
2001-08-09,11.633321762084961,11.766469305467767,11.446483631860366,11.687009891241736,25617600
2001-08-10,11.51091194152832,11.596814186915966,11.274680459501633,11.586076559847841,24736800
2001-08-13,11.210254669189453,11.547420864850782,11.124352414599217,11.500175546458237,30421200
2001-08-14,11.244616508483887,11.317634352605136,10.980466899991535,11.006236964095654,30202800
2001-08-15,11.167303085327148,11.364878888098893,11.128647377425823,11.236026118813545,18099000
2001-08-16,11.100727081298828,11.210252589184833,10.881676065526818,11.064218169055975,18615600
2001-08-17,10.909597396850586,11.059927895429334,10.759269355957676,11.059927895429334,17705100
2001-08-20,11.079254150390625,11.085696973244836,10.909596425477247,11.016975167923672,13047000
2001-08-21,10.724905967712402,11.08569539425966,10.712020323839342,11.038448852620196,19628100
2001-08-22,10.789332389831543,10.8537581481175,10.632559112372823,10.739937833867891,17454300
2001-08-23,10.681952476501465,10.830133670174014,10.630411138317863,10.748526244172703,16635600
2001-08-24,10.94180679321289,10.95254441801235,10.66262363305742,10.66262363305742,21805200
2001-08-27,10.821544647216797,11.059924117243353,10.821544647216797,10.995497133816514,14025000
2001-08-28,10.75926685333252,10.78074210720162,10.67336460901348,10.716315116751684,18449100
2001-08-29,10.555251121520996,10.827991589328283,10.529479826805296,10.74853091651686,16321500
2001-08-30,10.222373008728027,10.623966001468647,10.145061018306249,10.544506609362646,28917000
2001-08-31,10.319018363952637,10.523035764790578,10.243853735001075,10.243853735001075,22665300
2001-09-04,10.40492057800293,10.712021915446368,10.353379223695235,10.357675258186324,21974100
2001-09-05,10.555251121520996,10.598202869766169,10.093526279310954,10.377003762547309,29499600
2001-09-06,10.172986030578613,10.664776988531694,10.093526584209895,10.512300919667805,31150500
2001-09-07,9.926013946533203,10.07204776322818,9.689782465257137,10.07204776322818,31295100
2001-09-10,9.92816162109375,10.093523908286558,9.67260228126972,9.771390173069129,20180700
2001-09-17,9.44925594329834,9.900243026114795,9.019744114014362,9.44925594329834,52505400
2001-09-18,9.739177703857422,9.953933345178942,9.48361833707946,9.664013075789537,31530900
2001-09-19,9.775736808776855,9.911242099499566,9.504726227331433,9.739172084413875,35149800
2001-09-20,9.745628356933594,9.88113308085415,9.681101770462831,9.75423186077162,37969200
2001-09-21,9.605823516845703,9.883286417915173,9.442356295479609,9.496128666874776,49330800
2001-09-24,10.169349670410156,10.319910654542145,9.8961883156985,10.001581066127994,41705100
2001-09-25,10.410248756408691,10.560810370650639,10.334967949287718,10.36723185562081,47921400
2001-09-26,10.642539024353027,10.642539024353027,10.457563482952539,10.614577805657403,36348900
2001-09-27,10.623186111450195,10.687712696388253,10.347873995172872,10.642544456154285,27741000
2001-09-28,10.64684772491455,10.743637003538012,10.498437415642416,10.636093497372217,28680600
2001-10-01,10.702766418457031,10.765141654606865,10.35432489239085,10.646843962700906,35965800
2001-10-02,11.098530769348145,11.184564574983176,10.711372490279304,10.765143618801199,34212600
2001-10-03,11.341581344604492,11.500745870158653,11.077023427403729,11.16090713474494,41855400
2001-10-04,11.07702350616455,11.388899777273025,11.059815266300939,11.35663709669909,30597000
2001-10-05,11.270602226257324,11.270602226257324,10.969478946584484,11.081323892239613,28389600
2001-10-08,10.993138313293457,11.272751897362577,10.960875633465525,11.272751897362577,20106000
2001-10-09,11.201775550842285,11.22758545269258,10.969480280476924,11.077025025290354,24205200
2001-10-10,11.535161972045898,11.550217646111433,11.227585861411434,11.255547102243188,28445700
2001-10-11,11.505046844482422,11.776057532823673,11.367390778117636,11.603987449867692,36781800
2001-10-12,11.37814712524414,11.399656812679588,11.141550409394581,11.36739289689769,32220300
2001-10-15,11.502897262573242,11.502897262573242,11.272752131532256,11.317921607268953,18779100
2001-10-16,11.429762840270996,11.61473843552329,11.292106812314309,11.502893528179465,20302800
2001-10-17,11.23188591003418,11.558819063596326,11.216829008748302,11.453425677564377,19915500
2001-10-18,11.163060188293457,11.356640013685727,11.059818107047988,11.255548039918692,23487300
2001-10-19,11.401808738708496,11.414714307079938,11.09853526643604,11.216833027860288,18133500
2001-10-22,11.408259391784668,11.528708469018023,11.20177525938463,11.356638358684659,19632600
2001-10-23,11.315766334533691,11.51794892860954,11.216825759040155,11.408254130023089,18565200
2001-10-24,11.287809371948242,11.44052112058827,11.277055144793266,11.393202767254857,15692400
2001-10-25,11.464178085327148,11.464178085327148,11.079171186714452,11.141546427275758,20678400
2001-10-26,11.489988327026367,11.576023347188574,11.292107165282285,11.431914534574126,15371100
2001-10-29,11.163060188293457,11.412562500008017,11.122194608033645,11.378148472926194,18074400
2001-10-30,10.88344669342041,11.130797670720236,10.831825652003301,11.077026521791606,21284700
2001-10-31,11.055516242980957,11.253397506584477,10.89420034329666,10.904954572509928,21103800
2001-11-01,11.236183166503906,11.388894844787687,10.93936146465806,11.012492144807497,25805700
2001-11-02,11.393200874328613,11.438369113171987,11.13294320515218,11.141547323892071,17382900
2001-11-05,11.593228340148926,11.67926334538668,11.268445426162783,11.431912551485413,20523600
2001-11-06,11.816925048828125,11.851339067508754,11.539461561687157,11.62549660838873,26343600
2001-11-07,11.57602596282959,11.827678299822965,11.485688248190662,11.797565728276656,24667200
2001-11-08,11.722284317016602,11.915862818240308,11.612589504791941,11.743792765876547,25752300
2001-11-09,11.851334571838379,11.883598471326515,11.591078192763053,11.733035658285084,15137100
2001-11-12,11.954580307006836,11.97608875952752,11.614741588062317,11.733039307668395,19502100
2001-11-13,11.67066478729248,12.034163319055326,11.668513449608854,12.023409092121957,31566000
2001-11-14,11.890050888061523,12.00189702987825,11.840581212892634,11.958878904335814,28767900
2001-11-15,12.044915199279785,12.096536211673468,11.890050931356717,11.954577504534326,25356000
2001-11-16,11.851334571838379,12.044914276541428,11.754545334857816,12.044914276541428,31675200
2001-11-19,11.991142272949219,12.014803289504608,11.743792651974665,11.743792651974665,23891700
2001-11-20,11.980396270751953,12.040620208268932,11.853494380465733,11.980396270751953,19009200
2001-11-21,11.855639457702637,11.961032842066638,11.795415545739122,11.941674496752144,14968500
2001-11-23,12.001900672912598,12.012654899877022,11.84273491390892,11.844886251598759,6921000
2001-11-26,11.991142272949219,12.049216068901497,11.896504360438081,11.980389279365633,23107200
2001-11-27,11.847033500671387,12.004046637054877,11.793261153664654,11.948124183842728,28992300
2001-11-28,11.829827308654785,11.993294484098293,11.717982382923688,11.808318858436062,22408200
2001-11-29,11.754549980163574,11.892206057068426,11.722287298667402,11.851339255394498,17183100
2001-11-30,11.862092971801758,12.023408833821494,11.808320607547726,11.829829060952397,25242900
2001-12-03,11.739490509033203,11.87929789307938,11.653455479791432,11.842732544123326,22846500
2001-12-04,11.866395950317383,11.866395950317383,11.657761709985447,11.700778622355635,20596500
2001-12-05,12.167516708374023,12.167516708374023,11.816923776957093,11.866393461957614,27095100
2001-12-06,11.96318244934082,12.04276469510888,11.918012983473176,12.0341605770772,21132900
2001-12-07,11.90295696258545,11.958879420536679,11.776055148259305,11.874995733609834,13807200
2001-12-10,11.67281723022461,11.915866720307685,11.67281723022461,11.851340121855342,15880200
2001-12-11,11.63194751739502,11.78681057651697,11.509347134061823,11.640551636050668,18292800
2001-12-12,11.685721397399902,11.765303659310844,11.507197296394216,11.61904346904091,17316900
2001-12-13,11.477086067199707,11.634100485682337,11.421163595696115,11.631949148031289,23541300
2001-12-14,11.627646446228027,11.702927256224188,11.40610546033418,11.550214298813433,18047700
2001-12-17,12.01265811920166,12.01265811920166,11.588934324941933,11.647008150707189,25389600
2001-12-18,11.997599601745605,12.066428878857453,11.920168664951419,12.025562072482863,26395500
2001-12-19,12.120353698730469,12.167731510090142,11.920071016012017,11.991138349195976,24636300
2001-12-20,12.116043090820312,12.305559225904892,12.103122544391617,12.131118910086755,23535000
2001-12-21,12.398168563842773,12.400321373025422,12.174195077761928,12.240956808207486,39380400
2001-12-24,12.303404808044434,12.426159237517322,12.303404808044434,12.387393902554132,6094200
2001-12-26,12.5230712890625,12.613521281246195,12.428314447795946,12.436928145961668,19916700
2001-12-27,12.570448875427246,12.619980714886834,12.441233559540853,12.512302106507228,14466600
2001-12-28,12.56615161895752,12.650140775793083,12.520925361272733,12.56615161895752,13030200
2001-12-31,12.393857955932617,12.59414187417683,12.393857955932617,12.512305566968326,15404100
2002-01-02,12.501535415649414,12.523070892670782,12.273256401730086,12.415392275275263,20033700
2002-01-03,12.486458778381348,12.555372047078997,12.383087026902153,12.479997889877838,17871900
2002-01-04,12.404623985290527,12.546759852516752,12.318480848746054,12.417544531555729,20039100
2002-01-07,12.359400749206543,12.512305623730121,12.32063663645942,12.372322530885224,16081200
2002-01-08,12.45631217956543,12.490768208290893,12.346479506046176,12.424007727183968,13110600
2002-01-09,12.146198272705078,12.38955319431308,12.100973261701473,12.307716873311735,22727400
2002-01-10,12.275410652160645,12.35078606287913,12.11604489952984,12.146195310275,19399200
2002-01-11,12.01698112487793,12.219417835334474,11.95883434462505,12.20003516448724,21813900
2002-01-14,12.008363723754883,12.253872574832855,12.008363723754883,12.016978653122377,20141400
2002-01-15,12.247415542602539,12.25387643359056,11.911456604959183,12.008367505201585,24258300
2002-01-16,12.057890892028809,12.247405690162516,11.95236514459637,12.247405690162516,16519200
2002-01-17,12.223725318908691,12.32279025456364,11.995446267768543,12.027749488567622,23389500
2002-01-18,12.135430335998535,12.251723923739574,12.05359524859661,12.178502537205594,21022200
2002-01-22,12.492918014526367,12.641515980533576,12.299096295092184,12.301250335283752,29970000
2002-01-23,12.891329765319824,12.910712429191175,12.538143593778857,12.576907689233183,32046600
2002-01-24,12.850411415100098,12.910712213500199,12.770729185440816,12.891329549952662,23952300
2002-01-25,12.576910972595215,12.80949807061773,12.503688378157786,12.783654512042473,21966300
2002-01-28,12.62644100189209,12.7448885745219,12.559680538983303,12.641516819656896,15428100
2002-01-29,12.47138500213623,12.809497906186298,12.471385002136229,12.72335353356705,22121700
2002-01-30,12.867643356323242,12.910714305913718,12.436926466687162,12.44769420408478,30018300
2002-01-31,12.917177200317383,12.917177200317381,12.727662281660583,12.835340904643395,20583600
2002-02-01,12.762121200561523,12.899951495847654,12.65228851194958,12.856879297516546,20091000
2002-02-04,12.684595108032227,12.899953671430021,12.63075515911047,12.831039128309005,19543800
2002-02-05,12.66305160522461,12.813801148655175,12.5876762173651,12.714737479846406,19880400
2002-02-06,12.680280685424805,12.759962924291932,12.579061740475579,12.641516586138621,19263600
2002-02-07,12.574759483337402,12.867647455935934,12.563991742509199,12.738432101419585,25257900
2002-02-08,12.738429069519043,12.738429069519043,12.512302869080683,12.57475649039292,19136400
2002-02-11,12.97531509399414,12.986084059002419,12.787954326543215,12.811643831442991,25503000
2002-02-12,12.943022727966309,12.996862668914753,12.878415045285987,12.889184019306915,15970800
2002-02-13,12.947328567504883,13.07654267819152,12.895641444483621,12.98609267748199,19198800
2002-02-14,13.027009010314941,13.048544487042443,12.906408615436792,12.996858603523236,17958000
2002-02-15,12.92794418334961,13.048544579078394,12.899947816948654,13.027009102198994,21772800
2002-02-19,12.768580436706543,12.960249414698804,12.749198997415675,12.792269957874373,27181800
2002-02-20,12.925789833068848,12.964555169269435,12.663053571026538,12.78580800441777,24582300
2002-02-21,12.82457160949707,13.108844569134215,12.79011435574036,12.953785694940429,22018800
2002-02-22,12.91071605682373,12.910716056823732,12.619982178505406,12.84610839138758,22809600
2002-02-25,13.061467170715332,13.08300264893452,12.93440587756012,12.964556286440235,25027500
2002-02-26,13.373733520507812,13.412497619025277,13.018392048517537,13.0937674375889,34951200
2002-02-27,13.406044006347656,13.535259381252207,13.298364116497485,13.481419436327121,38931900
2002-02-28,13.354358673095703,13.54171961918985,13.253139670897463,13.502955497978853,35987100
2002-03-01,13.526633262634277,13.526633262634277,13.365114793708376,13.395265187226519,22558800
2002-03-04,13.563246726989746,13.584782197704408,13.390960496695808,13.556785839317683,24502800
2002-03-05,13.085152626037598,13.479258200074277,13.039927638647516,13.421111435633177,37070100
2002-03-06,13.115302085876465,13.240210534579091,12.986088021517563,13.130377902115407,30588600
2002-03-07,13.287591934204102,13.341430623858,13.134687098094346,13.244519750192365,27877200
2002-03-08,13.46418285369873,13.546019127343047,13.352197411691488,13.390961508364118,31383600
2002-03-11,13.466339111328125,13.526639928078495,13.358660489746725,13.526639928078495,20094600
2002-03-12,13.401732444763184,13.438342510028479,13.328509849655177,13.330663890319073,20942700
2002-03-13,13.350049018859863,13.371584500311407,13.201450992892976,13.29836189171386,18534900
2002-03-14,13.4103422164917,13.479256710094766,13.33281402733242,13.34142772288863,15060600
2002-03-15,13.729072570800781,13.72907257080078,13.449107744424904,13.498639575334485,39907500
2002-03-18,13.686007499694824,13.769997853807471,13.502953432340652,13.765691003729362,19076400
2002-03-19,13.666618347167969,13.748454613923093,13.57616715282837,13.718304215809892,16634700
2002-03-20,13.622419357299805,13.678479569487939,13.56851696793165,13.572828912331781,21306300
2002-03-21,13.41112232208252,13.624579040192565,13.357218686727515,13.57283199440064,17407200
2002-03-22,13.378776550292969,13.41974434002645,13.275282482667155,13.411119217517662,16497600
2002-03-25,13.212763786315918,13.406816217892112,13.212763786315918,13.335663536272765,17753700
2002-03-26,13.404655456542969,13.452090562863143,13.227853336505188,13.227853336505188,18550500
2002-03-27,13.368003845214844,13.43268674381087,13.28607069316323,13.378783094566975,20792400
2002-03-28,13.217074394226074,13.404658269032906,13.212762447405089,13.37016022697042,17490000
2002-04-01,12.841899871826172,13.014391208342806,12.639224926381202,13.01223461940323,39746700
2002-04-02,12.70606803894043,12.831123091038242,12.66725682932644,12.82896650147739,23366400
2002-04-03,12.634916305541992,12.893651553015284,12.451645659466783,12.807406470524185,26798400
2002-04-04,12.781535148620605,12.850531223174718,12.660792018150909,12.678041036789438,20559900
2002-04-05,12.751351356506348,12.88287622686647,12.673730141765084,12.770756968628502,15964800
2002-04-08,12.889336585998535,12.925991200120333,12.617664331396254,12.721159639872699,18417900
2002-04-09,12.958334922790527,13.0337995198178,12.915213000916033,12.958334922790527,18689400
2002-04-10,13.059667587280273,13.087697070214551,12.908738463406785,12.990670323619927,21348000
2002-04-11,12.973429679870605,13.327033910641815,12.938930412207037,13.076923781620279,25701000
2002-04-12,13.201977729797363,13.335657908357039,12.999301489238746,13.08770315632998,19466700
2002-04-15,12.921680450439453,13.210600510469314,12.833278790777399,13.163166647141512,17310000
2002-04-16,12.936774253845215,13.089860040947498,12.850529174402709,12.979897410439936,21041400
2002-04-17,12.783689498901367,13.055361829516889,12.645697360651836,13.055361829516889,27423600
2002-04-18,12.537890434265137,12.811719335546186,12.233876680163203,12.62413551463969,35181900
2002-04-19,12.70606803894043,12.742722658993564,12.535733242292963,12.678038543383808,17544600
2002-04-22,12.408523559570312,12.74272467068997,12.289937023686884,12.706070044850161,19316700
2002-04-23,12.516329765319824,12.600418257996434,12.423616147530575,12.47320660725058,20753700
2002-04-24,12.38696002960205,12.64353988983635,12.358930535426682,12.483985581361965,19582500
2002-04-25,12.289935111999512,12.313652662236372,12.123913494088379,12.246811956910612,21992400
2002-04-26,12.031201362609863,12.354620747444821,12.026888182947605,12.34383903203622,30108300
2002-04-29,12.11744499206543,12.37618022206123,12.031199915400164,12.052760876129756,30160200
2002-04-30,12.044132232666016,12.201528664378953,11.957887190033446,12.095879258245558,31233000
2002-05-01,12.246813774108887,12.246813774108887,11.819900273993197,11.988078506424692,25767300
2002-05-02,12.214472770690918,12.343839792344932,12.113135249832823,12.236034969089186,22977000
2002-05-03,11.912614822387695,12.177818619070091,11.875960197765984,12.171350083328198,23464800
2002-05-06,11.64094066619873,12.102350883944059,11.632315541978475,11.990232905308678,23941500
2002-05-07,11.860861778259277,11.966512430081506,11.643093175214439,11.77677331484232,26895300
2002-05-08,12.158409118652344,12.179970075056683,12.005323367189577,12.128223039438279,24952800
2002-05-09,11.856551170349121,12.020416171468725,11.582723560831708,11.998855214380008,35520600
2002-05-10,11.569786071777344,11.914766307621427,11.559005593625548,11.910454363110036,22308000
2002-05-13,11.867326736450195,11.919073752290608,11.608591657248132,11.608591657248132,19265100
2002-05-14,12.37402629852295,12.5594547954882,12.300718275999689,12.39774508768146,37517100
2002-05-15,12.240341186523438,12.54651269412109,12.212311696020741,12.427924964594299,31401000
2002-05-16,12.581018447875977,12.654326486056128,12.384810660064973,12.430089190521755,24048000
2002-05-17,12.576699256896973,12.785844020251586,12.49692271909591,12.581012435829768,22641300
2002-05-20,12.462427139282227,12.68235242569579,12.44086617536833,12.667258763958401,15095700
2002-05-21,12.203691482543945,12.531422811840052,12.203691482543945,12.483987705742013,19130400
2002-05-22,12.246813774108887,12.246813774108887,12.009640704042013,12.225252810238638,18080700
2002-05-23,12.141168594360352,12.238194199754652,12.029049321934101,12.18213394666777,17747700
2002-05-24,11.9708251953125,12.27699546070272,11.968668606200094,12.195062346884123,15033300
2002-05-28,11.813434600830078,11.994549948972201,11.628008539365783,11.944959473303966,20760900
2002-05-29,11.757364273071289,12.001006937369946,11.757364273071289,11.837140768948785,16282200
2002-05-30,11.64094066619873,11.826366648845463,11.589193622117744,11.664656981874023,24588900
2002-05-31,11.664651870727539,11.983759119609234,11.64309092024462,11.837141942083507,35121600
2002-06-03,11.459824562072754,11.787555817430855,11.416701411599625,11.681905147456433,24540000
2002-06-04,11.643096923828125,11.643096923828125,11.211870289336527,11.42748484032927,41345700
2002-06-05,11.850079536437988,12.024726204160265,11.75520937607141,11.84792418154098,30242700
2002-06-06,11.664651870727539,11.854392182965412,11.64309092024462,11.852235594418596,22663800
2002-06-07,11.735807418823242,11.798334931087677,11.59134679376543,11.610752394294371,23786700
2002-06-10,12.160568237304688,12.199379451339155,11.871646890587803,11.880272016066694,25677300
2002-06-11,12.171348571777344,12.425770621462068,12.156254912338383,12.257593648046798,34271100
2002-06-12,12.57022762298584,12.57022762298584,12.126066534671198,12.192905986687903,31685400
2002-06-13,12.182124137878418,12.453796354486222,12.132533696660845,12.45164099932247,28569000
2002-06-14,12.279155731201172,12.296404748031916,11.9126144319846,12.171349684445769,31534200
2002-06-17,12.572388648986816,12.600418146297212,12.22525173278313,12.311496814410106,25895400
2002-06-18,12.624134063720703,12.695286709507087,12.486141950981148,12.572387021443369,20991300
2002-06-19,12.394207954406738,12.683498480835036,12.301375468081913,12.5215814684386,22786200
2002-06-20,12.197750091552734,12.499995576392353,12.132984260797706,12.381256984679096,21491700
2002-06-21,11.869601249694824,12.19775162571444,11.85232887692622,11.9818630253864,45270600
2002-06-24,12.035834312438965,12.165368458258435,11.707683943109085,11.884712789421805,32966700
2002-06-25,11.895506858825684,12.353192600190908,11.878235722082263,12.089808073686026,25939500
2002-06-26,12.007765769958496,12.197746974012066,11.604052931855037,11.722791493220697,32736300
2002-06-27,12.45682430267334,12.45682430267334,11.884717210581487,12.046634335425024,25657200
2002-06-28,11.876075744628906,12.474089903956699,11.876075744628906,12.305696020697145,46196700
2002-07-01,11.744388580322266,12.053111039373286,11.744388580322266,11.938688633918542,30549600
2002-07-02,11.53281021118164,11.858802375496571,11.50690289463802,11.746540631351134,30577500
2002-07-03,11.882550239562988,11.89550389772834,11.506902800069623,11.506902800069623,21729600
2002-07-05,12.089805603027344,12.091963722598527,11.923569864930661,11.971065790101143,9653100
2002-07-08,12.003449440002441,12.240927845134069,11.912776293884008,12.122189260232739,22919400
2002-07-09,11.798364639282227,12.10492782720805,11.761662986282882,12.016412729854903,24106500
2002-07-10,11.606215476989746,12.003451638087398,11.560878895628447,11.819945957213871,26892600
2002-07-11,11.696887969970703,11.871758689776547,11.442139633828338,11.60837293241544,38614800
2002-07-12,11.409754753112793,11.679616088516141,11.353623872062602,11.642915697981344,26757900
2002-07-15,11.53713321685791,11.545769404955932,10.81606277684474,11.312608385592029,38111100
2002-07-16,10.768568992614746,11.349311066432707,10.768568992614746,11.280227724425986,43493100
2002-07-17,10.41666316986084,11.11614604155212,10.254746730632954,11.010359868685855,56253300
2002-07-18,10.23531723022461,10.695161095620234,10.233158492528961,10.449047703708196,36059100
2002-07-19,10.03885555267334,10.297922545676556,9.846713736280963,10.189977656426333,39537900
2002-07-22,9.628664016723633,10.19213508315776,9.496971190278693,9.98488152796295,50502600
2002-07-23,9.736616134643555,10.125217482270825,9.661055344843911,9.715027514033604,45862200
2002-07-24,10.349735260009766,10.388596232887624,9.438682135018949,9.563898766521852,56964300
2002-07-25,10.146799087524414,10.377799995536522,9.715020205821986,10.297921171105566,43355700
2002-07-26,10.401555061340332,10.416666847658535,9.930916123142458,10.146806020332683,27248700
2002-07-29,10.69300651550293,10.718912611756059,10.27633973674127,10.403714567920531,32956500
2002-07-30,10.604491233825684,10.729707941749746,10.470640807763036,10.582902614825842,30306600
2002-07-31,10.61744499206543,10.643351088025536,10.222366837205042,10.643351088025536,38168100
2002-08-01,10.233160972595215,10.615284814576258,10.10794489093212,10.578583176532499,38488500
2002-08-02,9.95250415802002,10.233160496342226,9.756044165296249,10.18998202798678,29656200
2002-08-05,9.844557762145996,10.129532152097301,9.833763455490681,9.952502681692957,25266000
2002-08-06,10.207249641418457,10.47063535018502,10.017267175518864,10.341101233043577,30930900
2002-08-07,10.444729804992676,10.47063712694874,10.12521316773282,10.47063712694874,29048700
2002-08-08,10.619603157043457,10.65414543800244,10.038859977507324,10.481432797878115,40549800
2002-08-09,10.621761322021484,10.703799548475113,10.390759662724347,10.503022693976064,29975700
2002-08-12,10.45120906829834,10.563470862029133,10.287132618594082,10.40587247965095,21719700
2002-08-13,10.515975952148438,10.934800785525484,10.24395457246387,10.451208868747633,43350300
2002-08-14,11.360100746154785,11.420549102443532,10.61096385777443,10.654142313977005,44871300
2002-08-15,11.81131362915039,11.828583535095431,11.44430095056999,11.452935903542512,41868600
2002-08-16,11.612689018249512,11.82210072829387,11.573829278852362,11.711997103894578,27729000
2002-08-19,11.806988716125488,11.828577322547595,11.381687240031681,11.442136820408159,33150000
2002-08-20,11.6105318069458,11.77676633397851,11.46372777086331,11.67961634988558,25199100
2002-08-21,11.67746353149414,11.722800128964765,11.388170332435195,11.658033031722603,26762100
2002-08-22,11.71199893951416,11.748700565175778,11.51769897674697,11.658027413928295,22626600
2002-08-23,11.483158111572266,11.636440227784783,11.414073562104422,11.593261766702788,19775400
2002-08-26,11.528491020202637,11.580304415797727,11.249994790959514,11.463725202205367,24121200
2002-08-27,11.468045234680176,11.528493592028465,11.237043640036465,11.528493592028465,25555500
2002-08-28,11.528491020202637,11.554398335664578,11.390321965282391,11.398958148879304,22674000
2002-08-29,11.485318183898926,11.593262490347959,11.338512889451659,11.368737690562753,25347000
2002-08-30,11.545768737792969,11.658030529274233,11.442141898581326,11.485319130588161,19780200
2002-09-03,11.198188781738281,11.474527073852705,11.11615054243441,11.409759977805985,27823200
2002-09-04,11.299653053283691,11.381691269123609,11.010361177635087,11.198185578917492,25869000
2002-09-05,10.997406959533691,11.09455695324535,10.798788261252243,11.010360621449697,34718100
2002-09-06,11.394647598266602,11.452937864464454,11.139899147347789,11.139899147347789,22242900
2002-09-09,11.502585411071777,11.59325854824383,11.280220042452497,11.366574469984855,19897800
2002-09-10,11.826422691345215,11.832899522247972,11.502588558182406,11.582467413767786,26544000
2002-09-11,11.70120620727539,12.305695958578301,11.6170086484061,11.960273243548066,22077600
2002-09-12,11.468045234680176,11.703364304421106,11.435662318457421,11.70120618453703,19825200
2002-09-13,11.744388580322266,11.8674459397757,11.36658154796327,11.468050287090366,25065600
2002-09-16,11.819942474365234,11.927887978048975,11.65802545416845,11.765970957852192,17999400
2002-09-17,11.714164733886719,12.072541296222425,11.712005377544681,12.068223818868066,24504600
2002-09-18,11.756317138671875,11.918458324416973,11.592013608622254,11.598499404496748,24581400
2002-09-19,11.609309196472168,11.870897202830736,11.576881452617766,11.758478797465033,21488700
2002-09-20,11.8254976272583,11.868734618189007,11.579042325612479,11.611471305849618,51448200
2002-09-23,11.371500968933105,11.611470456988435,11.25692146689618,11.609308112784335,30937800
2002-09-24,11.131531715393066,11.328262960921593,10.997494838707876,11.220168027154138,34100100
2002-09-25,11.250434875488281,11.373662508585696,11.055865970209357,11.306643450428604,29759400
2002-09-26,11.611468315124512,11.613630658929743,11.259081734237965,11.349880381437048,24527700
2002-09-27,11.077484130859375,11.609306943933127,11.07316067992549,11.512022494206764,33439500
2002-09-30,10.645109176635742,11.079646346423525,10.398653893160771,11.079646346423525,51008100
2002-10-01,11.179096221923828,11.194228922709732,10.49594007529454,10.645110923792027,42431100
2002-10-02,11.094780921936035,11.352044230151861,10.956420573912917,11.179095032162053,34469400
2002-10-03,11.047222137451172,11.272057761896399,10.852653156325733,11.09694617369927,33891900
2002-10-04,11.187740325927734,11.30231981802111,10.755363063518114,11.049379997809108,44235300
2002-10-07,10.885077476501465,11.358529421835913,10.809412747610793,11.068838386353022,43292400
2002-10-08,11.371500968933105,11.555261878072022,10.973714991071002,11.01479087167577,49668600
2002-10-09,10.96939468383789,11.373666573148935,10.96074654158171,11.373666573148935,39925200
2002-10-10,11.163960456848145,11.282864647273074,10.593222816886517,10.97155388204256,50764800
2002-10-11,11.637409210205078,11.669838179176507,11.166119740181312,11.166119740181312,34439100
2002-10-14,11.706596374511719,11.890356106295268,11.581207584807085,11.637416181979587,30562800
2002-10-15,12.169239044189453,12.169239044189453,11.918461468430612,11.985479315080791,41558100
2002-10-16,12.270845413208008,12.279492316648517,12.074114133986573,12.16923625702776,38783400
2002-10-17,11.961695671081543,12.430825436033818,11.890353151372635,12.420014951227738,44777400
2002-10-18,12.167075157165527,12.214635600195795,11.847116225926797,11.890353217234152,34002600
2002-10-21,12.193020820617676,12.264363362464874,11.929271629550248,12.169239973335278,28638000
2002-10-22,12.12816333770752,12.195181178554648,11.847117906192812,12.195181178554648,30916500
2002-10-23,12.372451782226562,12.391907929104349,12.089244110163968,12.12815887799722,30641400
2002-10-24,12.208152770996094,12.54324444926624,12.145458382493318,12.37461743778746,29442900
2002-10-25,12.394074440002441,12.428664531680068,12.141133312200443,12.210314732594954,21375600
2002-10-28,12.121676445007324,12.428663799829406,12.037362328358334,12.415692206954303,23602800
2002-10-29,12.208152770996094,12.322732298643166,11.821175953581655,11.890354902068086,31259400
2002-10-30,11.630929946899414,11.911975396271588,11.58336949410173,11.909813051446495,50916300
2002-10-31,11.57688045501709,11.762802472655014,11.382310297539735,11.57688045501709,34521000
2002-11-01,11.793071746826172,11.844956891804479,11.3887998375736,11.585531166912943,26288400
2002-11-04,11.555264472961426,11.840632120034815,11.50121698907301,11.795232777865834,31148700
2002-11-05,11.764966011047363,11.803880792807927,11.512026114800099,11.557425456481477,22693800
2002-11-06,11.747671127319336,11.847117953684124,11.566072521042797,11.764966173772374,25432500
2002-11-07,11.674161911010742,11.866569674754324,11.576877475826729,11.749827857718023,22366800
2002-11-08,11.680654525756836,11.84711921090267,11.570398438288414,11.67416872801876,22359000
2002-11-11,11.457978248596191,11.682812580549417,11.457978248596191,11.682812580549417,17775600
2002-11-12,11.641738891601562,11.836307840743304,11.529320479338844,11.587691411489208,28113900
2002-11-13,11.886032104492188,11.886032104492188,11.51202566240639,11.643900229974546,34965000
2002-11-14,12.013586044311523,12.020071843209385,11.790912721669953,11.901168828854312,32213700
2002-11-15,11.996283531188965,12.149776537004895,11.890349717365355,12.01357733299026,34617900
2002-11-18,11.604988098144531,11.998450741158438,11.572559110674526,11.944404490440737,27120600
2002-11-19,11.440683364868164,11.607149263878547,11.365017384510516,11.607149263878547,31044900
2002-11-20,11.760643005371094,11.782262741738858,11.457980303655024,11.46878831627991,22390200
2002-11-21,11.66335678100586,11.847116471956506,11.63309014423869,11.76064125050684,25324200
2002-11-22,11.622281074523926,11.844954309283915,11.570395940857981,11.665519304431793,24373200
2002-11-25,11.635252952575684,11.69578499148436,11.462301265741422,11.555263524175365,28079700
2002-11-26,11.509866714477539,11.65255055764663,11.473114271931795,11.544455574996608,23690700
2002-11-27,11.855764389038086,11.892515584311653,11.512024617108647,11.512024617108647,24864000
2002-11-29,11.652547836303711,11.924945100221224,11.637413899006575,11.834146424595112,13260600
2002-12-02,11.756317138671875,12.266521535100619,11.72821161086938,12.097894553481026,41329800
2002-12-03,11.659031867980957,11.756316325289395,11.576880108639967,11.756316325289395,23556000
2002-12-04,11.769290924072266,11.918460545871765,11.546616426687489,11.65254905065029,25349400
2002-12-05,11.462300300598145,11.769288869434472,11.462300300598145,11.769288869434472,24774000
2002-12-06,11.466623306274414,11.563907757184067,11.248272331432235,11.40392770029546,26821200
2002-12-09,11.209362030029297,11.466626611994505,11.20071512556353,11.466626611994505,24263400
2002-12-10,11.347726821899414,11.369345326174763,11.144508428368542,11.211527523477578,19239000
2002-12-11,11.241782188415527,11.347715974403618,11.161792809428407,11.198545221195864,17484600
2002-12-12,11.107756614685059,11.332592263229483,11.081813421333235,11.29584105536713,26004900
2002-12-13,10.926159858703613,11.107758532400096,10.887246298997137,11.107758532400096,30021900
2002-12-16,11.22882080078125,11.25692509930822,10.887243291614496,10.928319185473732,27415200
2002-12-17,11.012628555297852,11.211522163250969,10.993172405567867,11.209359819041405,21729600
2002-12-18,10.907628059387207,11.031037459413518,10.81452993567916,11.031037459413518,23215800
2002-12-19,10.859989166259766,11.085157439125206,10.825349322968336,10.85349380849799,23252400
2002-12-20,10.996394157409668,11.095986384340456,10.862159593849128,10.862159593849128,39010200
2002-12-23,10.736581802368164,10.942262776820929,10.695445359705031,10.940097244468117,25618200
2002-12-24,10.760398864746094,10.797204246677985,10.660805426431551,10.673794905362378,12646800
2002-12-26,10.77338981628418,10.966081360355206,10.66297241653259,10.66297241653259,21927900
2002-12-27,10.643485069274902,10.821020339744857,10.598018795060833,10.723592432305699,17068800
2002-12-30,10.963913917541504,10.987731058512171,10.641318950561107,10.643484483066528,23658000
2002-12-31,10.935768127441406,10.9595840294144,10.771222346123624,10.955254203291032,23478900
2003-01-02,11.171760559082031,11.173924852507724,10.937932626432351,10.966078351869282,22636500
2003-01-03,10.825355529785156,11.173930844531881,10.792878722355411,11.173930844531881,25167900
2003-01-06,10.866486549377441,10.944429618183372,10.753903630823713,10.868652081989264,22315200
2003-01-07,10.924943923950195,10.989896277086478,10.847002091277131,10.894632660638186,20007000
2003-01-08,10.823185920715332,11.119800709607132,10.7950401907839,10.911952936915291,23390700
2003-01-09,11.241042137145996,11.2583614390958,10.987729382619495,10.987729382619495,29654400
2003-01-10,11.176094055175781,11.258365726217137,11.08732578513518,11.241046417672239,22279800
2003-01-13,11.102478981018066,11.297336036590917,11.041857694450542,11.176092224592798,20762400
2003-01-14,11.130629539489746,11.15877527863677,10.976908882557609,11.041861255361843,20278800
2003-01-15,10.953086853027344,11.189080301098716,10.940096137950194,11.139282972923901,19510500
2003-01-16,10.890301704406738,11.091654102127979,10.821019531945268,11.063507135560412,24260700
2003-01-17,10.818854331970215,10.918446517392784,10.760397348995351,10.890300792046157,25983600
2003-01-21,10.611008644104004,10.888137364298109,10.604514523729668,10.840506794662073,23482200
2003-01-22,10.407492637634277,10.736584254088054,10.338211072309955,10.613174897917888,33292800
2003-01-23,10.515748023986816,10.556883241262383,10.249443825615241,10.407493670415755,32689500
2003-01-24,10.240781784057617,10.541725769234057,10.216965261946282,10.478938952561345,25276500
2003-01-27,10.197482109069824,10.459455239446177,10.158511186271461,10.186656921562685,33767400
2003-01-28,10.43130874633789,10.457290185558158,10.197481368239927,10.197481368239927,28970700
2003-01-29,10.413986206054688,10.507084280665005,10.249441045561992,10.431306749264445,26901900
2003-01-30,10.299236297607422,10.628326571796524,10.284080669596127,10.416150257363986,24751200
2003-01-31,10.349040031433105,10.489769365661775,10.208310697204437,10.21913526822902,26233500
2003-02-03,10.407492637634277,10.498426434273803,10.329550179783874,10.342540899141405,22222800
2003-02-04,10.208304405212402,10.654308666980512,10.175828234428398,10.409655549096643,24055200
2003-02-05,10.119539260864258,10.34254145999825,10.100053800202895,10.305735452208648,22228800
2003-02-06,10.130364418029785,10.500591863453607,10.054586254911637,10.500591863453607,25090800
2003-02-07,10.130364418029785,10.305734791603944,10.12170352558921,10.284083799365675,24579300
2003-02-10,10.180157661437988,10.197478202586863,10.013447607737922,10.132526482994288,23274900
2003-02-11,10.22995662689209,10.310063992504315,10.180159905255486,10.208306255399727,22929900
2003-02-12,10.35986042022705,10.416152499486952,10.249441794340285,10.266762958246936,23217000
2003-02-13,10.3143949508667,10.381511601372528,10.21047167590487,10.316559864237174,24066900
2003-02-14,10.64132308959961,10.643488622947334,10.245114729681942,10.31439754987923,26207700
2003-02-18,10.626163482666016,10.779882834639992,10.559045605377035,10.74957157518248,27398700
2003-02-19,10.559048652648926,10.678128192432235,10.459455193611054,10.624001016270432,16569600
2003-02-20,10.409656524658203,10.582861959163267,10.385840622555884,10.559046057060947,18372300
2003-02-21,10.587190628051758,10.636987959318114,10.37068447801765,10.489762736650123,23510400
2003-02-24,10.3143949508667,10.595854130270773,10.3143949508667,10.543892492789858,20684400
2003-02-25,10.485434532165527,10.50275507640076,10.12386801639719,10.236451553926194,30217500
2003-02-26,10.35552978515625,10.513580215177155,10.349035045670414,10.485434485777303,20824800
2003-02-27,10.426979064941406,10.500592317850705,10.316560424440684,10.403163158278188,22133400
2003-02-28,10.405326843261719,10.554716377742647,10.331714222857283,10.457288474336087,23551500
2003-03-03,10.346868515014648,10.5395600032299,10.342538069936202,10.52223946177896,19990200
2003-03-04,10.154178619384766,10.392336411403635,10.154178619384766,10.392336411403635,19404300
2003-03-05,10.366354942321777,10.366354942321777,10.132527610786031,10.156343512374395,23835300
2003-03-06,10.262435913085938,10.504922996659253,10.197483540065143,10.273261102112157,27481200
2003-03-07,10.418319702148438,10.435640249399993,10.089228065505619,10.154180427414769,27548400
2003-03-10,10.203971862792969,10.444294486110213,10.186651324525624,10.346866613214223,19052400
2003-03-11,10.132532119750977,10.372854916741726,10.132532119750977,10.262436250633577,20966400
2003-03-12,10.284079551696777,10.284079551696777,10.067572815896543,10.13469005885245,25397400
2003-03-13,10.727925300598145,10.732255128212195,10.437805789778839,10.500593865067904,32435700
2003-03-14,10.686783790588379,10.870815624142233,10.617501626052327,10.717095047288606,26460000
2003-03-17,11.251867294311523,11.254032826481648,10.686783567600305,10.717094823668063,37141200
2003-03-18,11.312494277954102,11.349299667354764,11.147948456142664,11.195580271810531,32295300
2003-03-19,11.505516052246094,11.514191889077418,11.284297725557783,11.399245427818018,26828400
2003-03-20,11.518528938293457,11.568412206744647,11.321167615901514,11.433946046268684,23738100
2003-03-21,11.856867790222168,11.898075238717666,11.472988855028296,11.564078351175551,38313600
2003-03-24,11.390565872192383,11.789626934129355,11.390565872192383,11.789626934129355,25334100
2003-03-25,11.596606254577637,11.657333386776639,11.401412964795801,11.412258070617664,22386300
2003-03-26,11.566243171691895,11.705046632801928,11.531542306414385,11.561905873782413,19914300
2003-03-27,11.611788749694824,11.689866322767891,11.46647871061514,11.494674251586611,20917800
2003-03-28,11.52286434173584,11.607448460855641,11.425268331290425,11.501176615192549,18396000
2003-03-31,11.284293174743652,11.485992958969948,11.206216879753107,11.206216879753107,25554000
2003-04-01,11.368882179260254,11.407920343593984,11.17368887558987,11.299480446666571,26118600
2003-04-02,11.726733207702637,11.791797633936195,11.451295582081586,11.501177605626912,24999000
2003-04-03,11.722394943237305,11.835173355472401,11.668174385681887,11.668174385681887,21043500
2003-04-04,11.841678619384766,11.86553561244548,11.668173102488613,11.668173102488613,18418200
2003-04-07,11.780953407287598,12.082417290527765,11.772277571589704,12.082417290527765,25653000
2003-04-08,11.83300495147705,11.895900107879026,11.75275936430899,11.798304089944878,19868700
2003-04-09,11.646489143371582,11.941446507749143,11.605281709399609,11.830837340982448,22557300
2003-04-10,11.8373441696167,11.8373441696167,11.544556068307182,11.611788533059478,26255700
2003-04-11,11.490338325500488,11.809152776135411,11.488170296394882,11.733244455412695,32407800
2003-04-14,11.4187593460083,11.754925241213972,11.41008475362898,11.490330317639232,22876500
2003-04-15,11.991324424743652,12.032531840316684,11.726729505853676,11.77661275465276,26547600
2003-04-16,11.828667640686035,12.034704781426214,11.815654507375982,11.991328084059603,22386300
2003-04-17,12.017350196838379,12.036869892072152,11.791794651805384,11.828664773580156,21677400
2003-04-21,11.92409896850586,12.026032312303085,11.87855298916984,12.019525743826511,20014800
2003-04-22,12.143146514892578,12.145315784441916,11.798305875600086,11.815656308992132,26414400
2003-04-23,12.140975952148438,12.140975952148438,12.01518563370486,12.01518563370486,19563900
2003-04-24,11.952292442321777,12.140977951052536,11.880721435044098,12.140977951052536,19478700
2003-04-25,11.928434371948242,12.032538220862877,11.767943161664931,11.952292615721221,22233900
2003-04-28,12.164835929870605,12.234237673043282,11.819996483856768,11.928435156312752,27560400
2003-04-29,12.271101951599121,12.366528682368093,12.153986255700435,12.164830117765058,25303500
2003-04-30,12.214712142944336,12.472800527926672,12.121453439900344,12.472800527926672,37640400
2003-05-01,12.132298469543457,12.214712069013347,11.956624926593578,12.214712069013347,24271500
2003-05-02,12.177842140197754,12.234230714201416,11.958791927029035,11.960961195644696,21553800
2003-05-05,12.05422306060791,12.177845343208254,12.036872630120179,12.177845343208254,21947100
2003-05-06,12.12579345703125,12.197364444658174,12.047715903165459,12.054222469404326,22686600
2003-05-07,11.945782661437988,12.136637388513154,11.924094934520511,12.125793525054418,24627300
2003-05-08,11.930602073669434,12.026030072215766,11.848187209652295,11.848187209652295,27484200
2003-05-09,12.101941108703613,12.104109137615419,11.809151720516804,12.026032794766333,19495800
2003-05-12,12.297133445739746,12.351354025605817,12.021695729502666,12.082421637231633,22657500
2003-05-13,12.034707069396973,12.214716736738774,12.032537799765988,12.093263698423273,27647100
2003-05-14,11.689855575561523,12.140966442358037,11.689855575561523,12.119278730165844,36225900
2003-05-15,11.659500122070312,11.796134292863796,11.587929132987643,11.679019821183942,34739400
2003-05-16,11.477325439453125,11.722400844865723,11.477325439453125,11.516364856227664,31444800
2003-05-19,11.379722595214844,11.603108888908329,11.323334014826273,11.416592719853789,25887600
2003-05-20,11.453463554382324,11.548891544525558,11.381893802775602,11.381893802775602,28671900
2003-05-21,11.405750274658203,11.538047148622715,11.401411736396584,11.451294998400032,20813100
2003-05-22,11.47298526763916,11.546725542416686,11.403583532084491,11.418764696361729,22377600
2003-05-23,11.277791023254395,11.44045148263788,11.277791023254395,11.44045148263788,21462000
2003-05-27,11.38623332977295,11.407921062324645,11.197546581770544,11.277792185012576,47660400
2003-05-28,11.57058048248291,11.668176511059452,11.407920021188394,11.407920021188394,32211900
2003-05-29,11.453463554382324,11.698538855431355,11.399244233619763,11.570579272830583,24998400
2003-05-30,11.410087585449219,11.607448882564935,11.401411749916338,11.431775312780445,33368100
2003-06-02,11.377557754516602,11.590100245443548,11.364544619704525,11.485997648948613,28615800
2003-06-03,11.462138175964355,11.462138175964355,11.303815045909452,11.423100020951013,22188900
2003-06-04,11.68118667602539,11.709382207802166,11.488163937403202,11.488163937403202,27131100
2003-06-05,11.846020698547363,11.984824175302116,11.516362441254827,11.516362441254827,31813200
2003-06-06,11.629134178161621,11.995662402018676,11.629134178161621,11.919754131231693,28415100
2003-06-09,11.666006088256836,11.767939393826765,11.624798664026278,11.700706946450929,17940000
2003-06-10,11.876386642456055,11.906750222486382,11.776622543929959,11.79831028352247,24820500
2003-06-11,12.013014793395996,12.013014793395994,11.600941787865027,11.876379387230143,27555900
2003-06-12,11.934938430786133,12.056392688817683,11.811317385505196,12.054223419566863,21414900
2003-06-13,11.728900909423828,11.969638882014127,11.70287588700897,11.930599486891024,24796500
2003-06-16,11.982653617858887,11.982653617858888,11.754928746490396,11.813486606013742,26111100
2003-06-17,11.94144344329834,12.010845158282974,11.796133447424195,11.796133447424195,20163600
2003-06-18,12.000100135803223,12.000100135803223,11.865413822823204,11.915377518800536,17116800
2003-06-19,11.837172508239746,12.021822503834956,11.800242011907693,12.002272088274186,18525300
2003-06-20,11.787208557128906,11.906688853455305,11.687279921028454,11.893654413304674,38785500
2003-06-23,11.674247741699219,11.774176386511689,11.441805591889503,11.741590283294178,18756900
2003-06-24,11.861068725585938,11.943618516717244,11.719865200915676,11.73072681926992,22227600
2003-06-25,11.769828796386719,12.026166965126125,11.750278380724156,11.893653482057244,25632900
2003-06-26,11.815449714660645,11.817622535825212,11.687280612670653,11.687280612670653,17044800
2003-06-27,11.687277793884277,11.897996646847925,11.624279668665714,11.839344162910397,17120400
2003-06-30,11.659039497375488,11.854552371118142,11.659039497375488,11.730727675384392,23685900
2003-07-01,11.806758880615234,11.837172156512494,11.51349146862502,11.622107647474186,22321500
2003-07-02,12.106544494628906,12.110887650050488,11.895824388669519,11.895824388669519,30133800
2003-07-03,11.9392728805542,12.19778387242372,11.937101302701857,12.056580347687174,14606700
2003-07-07,12.284675598144531,12.308571650954788,12.065266724986442,12.078301161616091,32310900
2003-07-08,12.317262649536133,12.332468666302008,12.219506843395473,12.273814934011108,21525900
2003-07-09,12.113058090209961,12.317259693807772,12.091334859176552,12.317259693807772,21921900
2003-07-10,12.084819793701172,12.1630251795958,11.88713537281003,11.997925611058497,22558200
2003-07-11,12.280333518981934,12.386779377276667,12.0500642058892,12.110889522748582,21379800
2003-07-14,12.306405067443848,12.534502851934429,12.139133856030591,12.447608635418911,27064800
2003-07-15,12.451951026916504,12.534500830048728,12.369401223784282,12.39981450541711,23279400
2003-07-16,12.306405067443848,12.491056365193131,12.239062515781669,12.432402613666042,19446900
2003-07-17,12.121755599975586,12.399817106296155,12.102203934175053,12.295544041425941,18882900
2003-07-18,12.382431983947754,12.39763799872746,12.156507124611858,12.252090097430099,19905600
2003-07-21,12.156505584716797,12.373741620384271,12.106541905599055,12.349845569448595,18455700
2003-07-22,12.360713005065918,12.408505129441147,12.171717328866709,12.176061728437334,19610700
2003-07-23,12.273811340332031,12.37808557845488,12.158677973330558,12.365051143310504,15607800
2003-07-24,12.084819793701172,12.382432835389503,12.078302574623917,12.382432835389503,22257000
2003-07-25,12.206477165222168,12.228200409940953,11.947966078149825,12.060929188146908,18654300
2003-07-28,12.199947357177734,12.265118267133806,12.05657234969975,12.206464572476513,18539700
2003-07-29,12.054408073425293,12.226023622440376,12.002271562492961,12.199954745457974,22660800
2003-07-30,12.143476486206055,12.169544125844933,12.028341821482801,12.11089038286653,16079700
2003-07-31,12.145646095275879,12.4367406689157,12.145646095275879,12.21950583825718,26763900
2003-08-01,12.006612777709961,12.165196348672103,11.991406763949126,12.10436980756422,19120200
2003-08-04,12.128266334533691,12.1869200575286,11.900168661001533,11.900168661001533,19786800
2003-08-05,12.013134002685547,12.154337543542464,12.000100804985939,12.034858484916931,22274100
2003-08-06,12.108722686767578,12.21734140867924,11.950140247760416,11.950140247760416,19028400
2003-08-07,12.382431983947754,12.491050637056583,12.22602246594598,12.269470175795982,40163700
2003-08-08,12.549704551696777,12.554048950268156,12.417191072526022,12.45194874716204,19867800
2003-08-11,12.534501075744629,12.664841760531639,12.4432612290577,12.573603156877457,21129600
2003-08-12,12.773455619812012,12.77345561981201,12.577942801984396,12.61052889313847,20609700
2003-08-13,12.614877700805664,12.74087398256061,12.56708557909423,12.708289123047932,28214100
2003-08-14,12.584466934204102,12.703947262358524,12.545364846368546,12.614880221646406,20044200
2003-08-15,12.621393203735352,12.638772041716996,12.545360632186597,12.610531585375893,9706200
2003-08-18,12.799521446228027,12.849486364613371,12.682214020666736,12.708282889916847,20434800
2003-08-19,12.790831565856934,12.82776080344973,12.686558583773751,12.82776080344973,15981000
2003-08-20,12.769112586975098,12.838629181291326,12.688735617432387,12.697425657859116,11825700
2003-08-21,12.858176231384277,12.910312731200595,12.753903231751641,12.764764847167681,17719200
2003-08-22,12.686563491821289,12.92117841378986,12.684390671050291,12.91248837373835,20809500
2003-08-25,12.83863353729248,12.83863353729248,12.671361078858991,12.686568344007283,18136200
2003-08-26,12.83863353729248,12.892941647013656,12.68005112223415,12.758256540478778,20238000
2003-08-27,12.840797424316406,12.897279564840169,12.83862584704809,12.871210693362707,14978100
2003-08-28,12.882076263427734,12.914662362778062,12.786493272409487,12.871214644655156,14408400
2003-08-29,12.85383129119873,12.88641613607128,12.753902693344564,12.827762420874969,15532200
2003-09-02,13.016762733459473,13.023279953409544,12.799526626243347,12.808216667187642,20201400
2003-09-03,13.029794692993164,13.055862324798577,12.895108406740157,13.02327747428372,22884000
2003-09-04,13.051517486572266,13.077586360531004,12.977657748743052,13.045000268082582,29719200
2003-09-05,12.793008804321289,12.862525399506751,12.708287435022129,12.838629341825119,31780500
2003-09-08,12.727845191955566,12.738706815554274,12.610537668236498,12.719155147256714,25674000
2003-09-09,12.395472526550293,12.723497738901155,12.360714838763462,12.723497738901155,30322500
2003-09-10,12.349846839904785,12.48670469876195,12.28684747566683,12.28684747566683,32541600
2003-09-11,12.491053581237793,12.571430558221437,12.38460648056051,12.404158141056254,25185900
2003-09-12,12.486706733703613,12.497568351919618,12.321608396574783,12.42153578137505,23912400
2003-09-15,12.545357704162598,12.610528642141322,12.491049625040539,12.491049625040539,18231000
2003-09-16,12.690906524658203,12.712629757900618,12.534497007854593,12.59315073203499,18779400
2003-09-17,12.510598182678223,12.708282544670013,12.510598182678223,12.636594399211868,20104500
2003-09-18,12.7061128616333,12.706112861633303,12.514944445249144,12.514944445249144,22535700
2003-09-19,12.630082130432129,12.706115945791353,12.499741465752525,12.499741465752525,25095900
2003-09-22,12.397639274597168,12.545360011650637,12.328125169141543,12.532325573050995,27752700
2003-09-23,12.517120361328125,12.580118494566038,12.423708950413527,12.445432187454347,19807800
2003-09-24,12.299888610839844,12.49105714209698,12.284682588141209,12.430230565236435,23936400
2003-09-25,12.358543395996094,12.486712539389133,12.293372413366342,12.293372413366342,22629600
2003-09-26,12.338985443115234,12.401984814821265,12.29771179294107,12.317262207648312,19725600
2003-09-29,12.432398796081543,12.458466431515214,12.267299213882298,12.441087593548586,26007900
2003-09-30,12.132613182067871,12.458466712037406,12.12175156347323,12.356365259789149,38474100
2003-10-01,12.395472526550293,12.404161326980518,12.167374734311847,12.169546312902922,32798100
2003-10-02,12.415054321289062,12.432460619477034,12.297561497271081,12.395471768953847,18566100
2003-10-03,12.506433486938477,12.667442632724851,12.482499678172985,12.608696237572515,28898400
2003-10-06,12.617395401000977,12.717481871453982,12.508606408767342,12.526012697324562,12368100
2003-10-07,12.815398216247559,12.815398216247557,12.55648001703872,12.563007533993101,21436200
2003-10-08,12.732714653015137,12.841503668710294,12.671793252424491,12.837153651877813,16730100
2003-10-09,12.828451156616211,12.926361404960351,12.732715916904207,12.876318776472212,24380100
2003-10-10,12.710956573486328,12.83497686795012,12.700077796866093,12.717484088457704,14459700
2003-10-13,12.826265335083008,12.878484178246376,12.71312513072676,12.71312513072676,13698600
2003-10-14,12.908953666687012,12.956821281187658,12.767527076570095,12.808867175911905,15849000
2003-10-15,12.852381706237793,12.911128089341158,12.760997751968093,12.911128089341158,20181900
2003-10-16,12.922013282775879,12.976407186742481,12.826278019800007,12.874145651287943,20514000
2003-10-17,12.802332878112793,12.974220699573179,12.758817793436354,12.967693187872602,21579000
2003-10-20,12.837151527404785,12.86761160016103,12.739240059987061,12.837151527404787,20537700
2003-10-21,12.830625534057617,12.939414544643594,12.76099912308703,12.804515474319125,15818700
2003-10-22,12.671793937683105,12.830626830484528,12.630453835584206,12.830626830484528,16532400
2003-10-23,12.771880149841309,12.782757682260222,12.652211108281735,12.652211108281735,19254300
2003-10-24,12.64350414276123,12.77405067087951,12.401991135998875,12.77405067087951,25435200
2003-10-27,12.573880195617676,12.715306769824108,12.565177673049073,12.643506601146873,21044400
2003-10-28,12.784934997558594,12.787111251220882,12.571708203520227,12.573883212186141,24096600
2003-10-29,12.80451774597168,12.828451556646009,12.689201199992743,12.739243830041362,16159800
2003-10-30,12.7936372756958,12.869789960044933,12.737065892038922,12.804516052746214,18343500
2003-10-31,12.826265335083008,12.876309171236711,12.784925261954248,12.79362902497919,17739900
2003-11-03,12.845854759216309,13.03950020670023,12.732713249170619,12.787108373518983,16460400
2003-11-04,12.763169288635254,12.815388138208776,12.695720408142797,12.797981855017602,22938000
2003-11-05,12.602169036865234,12.765353195255251,12.567355204612273,12.76317694167809,23902500
2003-11-06,12.752298355102539,12.771880902601808,12.565180384541787,12.602169225930513,23989500
2003-11-07,12.710956573486328,12.793636769795523,12.665265213682872,12.782756748179109,19853100
2003-11-10,12.645681381225586,12.721834054809781,12.582583736254923,12.695725242578773,16737600
2003-11-11,12.680495262145996,12.721835360333827,12.606518834071226,12.647858932259057,14808600
2003-11-12,12.610869407653809,12.695725852723832,12.580408087756977,12.68049457027736,25839900
2003-11-13,12.079978942871094,12.271448172146231,12.053870125013553,12.260569394289229,83990700
2003-11-14,11.966840744018555,12.173541315840918,11.858052935159419,12.079982306226059,48505500
2003-11-17,11.966840744018555,11.969016998194405,11.82759160168086,11.966840744018555,31059300
2003-11-18,11.905912399291992,12.03210767818757,11.86457230896497,11.969010038739782,30298500
2003-11-19,12.012530326843262,12.04081539898815,11.868927467497345,11.879807490626627,21480600
2003-11-20,11.982069969177246,12.09521151189454,11.958136157352504,11.999476264595565,26223300
2003-11-21,11.925498962402344,12.01688169552537,11.895037636362547,12.01035417958853,25821600
2003-11-24,12.201820373535156,12.219226663361933,11.988593634406152,11.99947240992338,30434400
2003-11-25,12.19311809539795,12.240984459633506,12.132195457285674,12.184415572808241,24256800
2003-11-26,12.119141578674316,12.22793058017182,12.008176324048353,12.188765493836021,21051000
2003-11-28,12.10608959197998,12.184418539338438,12.077803274186385,12.097385822275095,9502800
2003-12-01,11.858051300048828,12.110441969791795,11.738382236811649,12.106090707036762,59235900
2003-12-02,11.536026954650879,11.868922659654382,11.529500686411854,11.821056304258384,65003100
2003-12-03,11.464229583740234,11.688336360922069,11.462053330468045,11.594776145160163,53107800
2003-12-04,11.536026954650879,11.581719547295,11.344557798079343,11.562137007590378,52777500
2003-12-05,11.636120796203613,11.673108397375586,11.46640909760193,11.499045435988348,40616400
2003-12-08,11.618705749511719,11.662222084245705,11.53167557003515,11.636113279401874,31278900
2003-12-09,11.446821212768555,11.646992902575388,11.433766185499694,11.640465388940958,29950200
2003-12-10,11.52079963684082,11.586073539584184,11.435944434771745,11.509920860549617,29140800
2003-12-11,11.490340232849121,11.649173132185988,11.475110192500251,11.564317915962823,35053200
2003-12-12,11.422889709472656,11.531679965274607,11.316275706985365,11.527327458645283,34570500
2003-12-15,11.039950370788574,11.546909035958906,10.987730255581672,11.546909035958906,74129100
2003-12-16,11.181373596191406,11.203132388433323,11.009486980954042,11.096518414934195,50199900
2003-12-17,11.312159538269043,11.421140716901736,11.170484754355202,11.1835626953401,49095900
2003-12-18,11.464723587036133,11.597680475304761,11.449466832123743,11.527931924787689,46089300
2003-12-19,11.410238265991211,11.554091817508557,11.408058194308905,11.484344489841893,43464300
2003-12-22,11.567170143127441,11.595504840049506,11.351389184987953,11.355748081318891,34286100
2003-12-23,11.501781463623047,11.621659216835988,11.447290895518648,11.530116159939539,29736300
2003-12-24,11.429855346679688,11.541015319897612,11.390622781773583,11.514860692353793,10883700
2003-12-26,11.447291374206543,11.558451339592267,11.403699915644662,11.403699915644662,9357900
2003-12-29,11.530113220214844,11.530113220214844,11.392797422699676,11.482161632283189,23506800
2003-12-30,11.503959655761719,11.578067123633248,11.447290266243936,11.541013389697483,18420600
