Date,BAC,GS,JPM,WFC,C,^GSPC,^VIX,XLF,VNQ,GLD,TLT
2007-01-03,36.423973083496094,148.12110900878906,29.674684524536133,21.3561954498291,370.6850280761719,1416.5999755859375,12.039999961853027,20.73394203186035,35.289459228515625,62.279998779296875,49.89522171020508
2007-01-04,36.656192779541016,146.74118041992188,29.748746871948242,21.392047882080078,369.4101257324219,1418.3399658203125,11.510000228881836,20.66655731201172,35.335208892822266,61.650001525878906,50.19772720336914
2007-01-05,36.36249923706055,146.8887939453125,29.50182342529297,21.27253532409668,367.46466064453125,1409.7099609375,12.140000343322754,20.503681182861328,34.680850982666016,60.16999816894531,49.9792366027832
2007-01-08,36.50592041015625,150.3423309326172,29.600603103637695,21.212779998779297,369.3431396484375,1412.8399658203125,12.0,20.593544006347656,34.73118209838867,60.47999954223633,50.06889724731445
2007-01-09,36.54006576538086,150.6006317138672,29.477130889892578,21.266555786132812,366.12274169921875,1412.1099853515625,11.90999984741211,20.559846878051758,35.170475006103516,60.849998474121094,50.06889724731445
2007-01-10,36.5947151184082,153.57460021972656,29.693214416503906,21.200830459594727,363.1706848144531,1414.8499755859375,11.470000267028809,20.627248764038086,35.62348175048828,60.59000015258789,49.844730377197266
2007-01-11,36.37616729736328,156.35665893554688,29.822843551635742,21.23668670654297,363.4389953613281,1423.8199462890625,10.869999885559082,20.756412506103516,36.08565902709961,60.630001068115234,49.55344772338867
2007-01-12,36.45811462402344,157.91372680664062,29.62529182434082,21.218753814697266,364.8478698730469,1430.72998046875,10.149999618530273,20.778867721557617,36.20005416870117,62.16999816894531,49.32377624511719
2007-01-16,36.499088287353516,157.6185302734375,29.872215270996094,21.648988723754883,367.46466064453125,1431.9000244140625,10.739999771118164,20.835033416748047,36.71255874633789,61.970001220703125,49.43020248413086
2007-01-17,36.41712951660156,157.35289001464844,29.896926879882812,21.672889709472656,364.91522216796875,1430.6199951171875,10.59000015258789,20.778867721557617,36.69883346557617,62.63999938964844,49.27895736694336
2007-01-18,36.396663665771484,154.73313903808594,29.72406005859375,21.63106918334961,364.91522216796875,1426.3699951171875,10.850000381469727,20.694637298583984,36.653076171875,62.2599983215332,49.43020248413086
2007-01-19,36.60154724121094,155.4427490234375,30.100631713867188,21.535457611083984,365.6532287597656,1430.5,10.399999618530273,20.756412506103516,37.019126892089844,63.0,49.295753479003906
2007-01-22,36.64252471923828,157.42376708984375,30.656219482421875,21.362165451049805,366.86065673828125,1422.949951171875,10.770000457763672,20.73956298828125,36.707977294921875,62.720001220703125,49.41345977783203
2007-01-23,36.41712951660156,157.17991638183594,30.761165618896484,21.51752281188965,365.5860900878906,1427.989990234375,10.34000015258789,20.728328704833984,36.88186264038086,64.2300033569336,49.08849334716797
2007-01-24,36.33516311645508,162.6941375732422,31.088340759277344,21.84618377685547,367.8671875,1440.1300048828125,9.890000343322754,20.941734313964844,37.36233901977539,64.33000183105469,49.0828971862793
2007-01-25,35.78879165649414,157.4976348876953,30.995759963989258,21.55935287475586,361.8289489746094,1423.9000244140625,11.220000267028809,20.638471603393555,37.591121673583984,64.05999755859375,48.72993087768555
2007-01-26,35.542911529541016,157.81553649902344,30.6809024810791,21.52947235107422,366.79364013671875,1422.1800537109375,11.130000114440918,20.67778968811035,37.71468734741211,64.16999816894531,48.690696716308594
2007-01-29,35.146766662597656,155.9971466064453,30.538921356201172,21.48168182373047,362.7010803222656,1420.6199951171875,11.449999809265137,20.576690673828125,37.838218688964844,63.77000045776367,48.584224700927734
2007-01-30,35.59752655029297,154.3266143798828,30.977222442626953,21.451799392700195,364.110107421875,1428.8199462890625,10.960000038146973,20.65532684326172,38.02583312988281,64.22000122070312,48.640262603759766
2007-01-31,35.91172409057617,156.82505798339844,31.440231323242188,21.63246726989746,369.87982177734375,1438.239990234375,10.420000076293945,20.82379913330078,38.327842712402344,64.83000183105469,49.04922866821289
2007-02-01,36.08930206298828,156.7067413330078,31.613079071044922,21.60236358642578,370.8285827636719,1445.93994140625,10.3100004196167,20.958580017089844,38.478851318359375,65.22000122070312,48.99018096923828
2007-02-02,36.02100372314453,157.76373291015625,31.440231323242188,21.596342086791992,370.3542785644531,1448.3900146484375,10.079999923706055,20.99789047241211,38.5474967956543,64.27999877929688,49.05207443237305
2007-02-05,36.116615295410156,157.11331176757812,31.458744049072266,21.493955612182617,370.96405029296875,1446.989990234375,10.550000190734863,20.992271423339844,38.5474967956543,64.30999755859375,49.11956024169922
2007-02-06,36.34200668334961,158.66558837890625,31.483436584472656,21.62042999267578,372.319091796875,1448.0,10.649999618530273,21.087745666503906,39.11491012573242,64.79000091552734,49.389564514160156
2007-02-07,36.44445037841797,157.85252380371094,31.613079071044922,21.608383178710938,372.319091796875,1450.02001953125,10.319999694824219,21.166372299194336,39.93399429321289,64.62999725341797,49.53584289550781
2007-02-08,36.41712951660156,158.11114501953125,31.440231323242188,21.41565704345703,368.8636169433594,1448.31005859375,10.4399995803833,21.09897232055664,39.627418518066406,65.5199966430664,49.5751953125
2007-02-09,36.19173812866211,157.65292358398438,31.125383377075195,21.29522132873535,361.8169860839844,1438.06005859375,11.100000381469727,20.87433433532715,39.16982650756836,66.12000274658203,49.2939338684082
2007-02-12,36.225894927978516,156.063720703125,31.137731552124023,21.439754486083984,362.0201416015625,1433.3699951171875,11.609999656677246,20.82379913330078,38.460567474365234,65.66999816894531,49.181419372558594
2007-02-13,36.69717025756836,157.09852600097656,31.45257568359375,21.60236358642578,363.9173278808594,1444.260009765625,10.34000015258789,20.975425720214844,39.20642852783203,65.83999633789062,49.07453536987305
2007-02-14,36.91570281982422,160.6983184814453,31.74271011352539,21.68667221069336,367.1019592285156,1455.300048828125,10.229999542236328,21.177600860595703,38.92728805541992,66.37000274658203,49.541439056396484
2007-02-15,36.77911376953125,160.26963806152344,31.613079071044922,21.68667221069336,367.30523681640625,1456.81005859375,10.220000267028809,21.2112979888916,39.21559143066406,66.41000366210938,49.687705993652344
2007-02-16,36.91570281982422,160.343505859375,31.637760162353516,21.53611183166504,366.559814453125,1455.5400390625,10.020000457763672,21.205678939819336,39.11491012573242,66.36000061035156,49.86205291748047
2007-02-20,36.91570281982422,163.31504821777344,31.872343063354492,21.644527435302734,367.1696472167969,1459.6800537109375,10.239999771118164,21.318002700805664,39.41691207885742,65.30999755859375,49.974578857421875
2007-02-21,36.82008743286133,162.73109436035156,31.88469886779785,21.789064407348633,364.1883239746094,1457.6300048828125,10.199999809265137,21.228134155273438,39.2888069152832,67.3499984741211,49.8902587890625
2007-02-22,36.67668914794922,161.8588409423828,31.878528594970703,21.80712127685547,363.104248046875,1456.3800048828125,10.180000305175781,21.143903732299805,39.07829666137695,67.1500015258789,49.62021255493164
2007-02-23,36.10295867919922,160.03309631347656,31.50196075439453,21.457820892333984,364.3240051269531,1451.18994140625,10.579999923706055,20.94733238220215,38.39650344848633,67.72000122070312,49.974578857421875
2007-02-26,36.055137634277344,158.1851348876953,31.366159439086914,21.481903076171875,356.9384765625,1449.3699951171875,11.149999618530273,20.795724868774414,38.204307556152344,68.0999984741211,50.30650329589844
2007-02-27,34.69600296020508,144.8798370361328,30.384605407714844,20.711040496826172,342.8451843261719,1399.0400390625,18.309999465942383,19.824174880981445,37.019126892089844,65.41000366210938,50.94212341308594
2007-02-28,35.10345458984375,149.13014221191406,30.489551544189453,20.897741317749023,341.2869567871094,1406.8199462890625,15.420000076293945,20.18919563293457,37.293697357177734,66.4800033569336,50.711509704589844
2007-03-01,34.79268264770508,147.58526611328125,30.372255325317383,20.873653411865234,346.09765625,1403.1700439453125,15.819999694824219,20.166732788085938,36.91845703125,65.81999969482422,50.679317474365234
2007-03-02,34.53715896606445,144.63595581054688,29.748746871948242,20.741159439086914,338.57659912109375,1387.1700439453125,18.610000610351562,19.93648338317871,36.33274459838867,63.709999084472656,50.93338394165039
2007-03-05,34.28163528442383,140.44473266601562,29.347496032714844,20.494226455688477,333.6983337402344,1374.1199951171875,19.6299991607666,19.621990203857422,34.91878890991211,62.93000030517578,51.01811599731445
2007-03-06,35.17942810058594,145.89247131347656,29.952470779418945,20.873653411865234,342.70965576171875,1395.4100341796875,15.960000038146973,20.031944274902344,36.20005416870117,64.1500015258789,50.865657806396484
2007-03-07,34.93769836425781,144.5768280029297,29.853710174560547,20.668895721435547,340.2705383300781,1391.969970703125,15.239999771118164,19.91401481628418,35.692108154296875,64.30000305175781,51.063289642333984
2007-03-08,35.06203079223633,147.7921600341797,30.088285446166992,20.78331756591797,342.16778564453125,1401.8900146484375,14.289999961853027,20.09372901916504,36.26411056518555,64.4800033569336,51.01811599731445
2007-03-09,35.18632125854492,149.09323120117188,30.13765525817871,20.777294158935547,341.0158996582031,1402.8399658203125,14.09000015258789,20.14427947998047,36.74458694458008,64.25,50.48162841796875
2007-03-12,35.28302001953125,149.75843811035156,30.150009155273438,20.79535675048828,341.21905517578125,1406.5999755859375,13.989999771118164,20.14427947998047,36.927616119384766,64.37000274658203,50.679317474365234
2007-03-13,34.15732955932617,147.11956787109375,28.828954696655273,20.1569881439209,330.3103942871094,1377.949951171875,18.1299991607666,19.543363571166992,36.0582160949707,63.720001220703125,50.984249114990234
2007-03-14,34.37140655517578,147.9474639892578,29.1993465423584,20.265390396118164,332.5463562011719,1387.1700439453125,17.270000457763672,19.588300704956055,36.23208236694336,63.939998626708984,50.752716064453125
2007-03-15,34.599327087402344,148.49447631835938,29.44627571105957,20.536396026611328,339.66064453125,1392.280029296875,16.43000030517578,19.824174880981445,36.556968688964844,63.97999954223633,50.74704360961914
2007-03-16,34.26780319213867,147.09738159179688,29.03265953063965,20.446063995361328,335.5953369140625,1386.949951171875,16.790000915527344,19.74972152709961,36.14971160888672,64.62000274658203,50.73576736450195
2007-03-19,34.78577423095703,149.64016723632812,29.37218475341797,20.626720428466797,339.1865539550781,1402.06005859375,14.59000015258789,19.87942886352539,36.511207580566406,64.73999786376953,50.62850570678711
2007-03-20,35.05509567260742,150.79330444335938,29.477130889892578,20.84353256225586,343.1163635253906,1410.93994140625,13.270000457763672,20.059900283813477,36.65766143798828,65.2699966430664,50.656707763671875
2007-03-21,35.81477355957031,155.93064880371094,30.2796630859375,21.367481231689453,352.5343933105469,1435.0400390625,12.1899995803833,20.516698837280273,37.10151290893555,65.81999969482422,50.679317474365234
2007-03-22,35.662837982177734,155.28756713867188,29.921607971191406,21.072385787963867,351.2470703125,1434.5400390625,12.930000305175781,20.39262580871582,37.13811492919922,65.76000213623047,50.27840042114258
2007-03-23,35.69738006591797,156.6254425048828,29.952470779418945,21.054317474365234,350.43389892578125,1436.1099853515625,12.949999809265137,20.415185928344727,37.160987854003906,65.1500015258789,50.13725662231445
2007-03-26,35.60759353637695,156.50718688964844,30.06359100341797,20.885690689086914,349.21435546875,1437.5,13.15999984741211,20.313684463500977,36.56590270996094,65.83999633789062,50.199310302734375
2007-03-27,35.800960540771484,155.13230895996094,29.983333587646484,20.717069625854492,345.9621276855469,1428.6099853515625,13.479999542236328,20.189605712890625,36.183902740478516,65.69999694824219,50.114620208740234
2007-03-28,35.06203079223633,152.8334503173828,29.62529182434082,20.56047821044922,345.2845458984375,1417.22998046875,14.979999542236328,19.93582534790039,35.944580078125,66.05000305175781,50.013004302978516
2007-03-29,35.35208511352539,153.1586456298828,29.94013023376465,20.801380157470703,348.26580810546875,1422.530029296875,15.140000343322754,20.037343978881836,36.0044059753418,65.6500015258789,49.945213317871094
2007-03-30,35.23467254638672,152.73736572265625,29.866058349609375,20.73513412475586,347.8593444824219,1420.8599853515625,14.640000343322754,20.093734741210938,36.5198860168457,65.73999786376953,49.84928894042969
2007-04-02,34.827205657958984,152.01295471191406,29.779638290405273,20.482189178466797,345.89434814453125,1424.550048828125,14.529999732971191,19.907629013061523,36.750003814697266,65.8499984741211,49.9319953918457
2007-04-03,35.12417221069336,155.04354858398438,30.1899471282959,20.78331756591797,348.3335876464844,1437.77001953125,13.460000038146973,20.1557674407959,37.0721549987793,65.83000183105469,49.86964797973633
2007-04-04,35.14488983154297,154.33396911621094,30.1899471282959,20.680925369262695,347.9947509765625,1439.3699951171875,13.239999771118164,20.1557674407959,36.88806915283203,66.80999755859375,49.920654296875
2007-04-05,35.11726760864258,153.6982879638672,30.32050895690918,20.741159439086914,349.4176940917969,1443.760009765625,13.229999542236328,20.167043685913086,36.851253509521484,66.86000061035156,49.733604431152344
2007-04-09,35.12417221069336,154.4449005126953,30.46349334716797,20.69900131225586,349.4852294921875,1444.6099853515625,13.140000343322754,20.16140365600586,36.9202995300293,66.52999877929688,49.404911041259766
2007-04-10,35.26919174194336,154.5261688232422,30.612709045410156,20.723094940185547,355.0413513183594,1448.3900146484375,12.680000305175781,20.251644134521484,37.0721549987793,67.16000366210938,49.55229949951172
2007-04-11,34.88245391845703,152.95907592773438,30.556753158569336,20.57855224609375,350.9759826660156,1438.8699951171875,13.489999771118164,20.08245277404785,36.5198860168457,67.08000183105469,49.51825714111328
2007-04-12,34.72361755371094,153.04782104492188,30.587844848632812,20.680925369262695,349.959716796875,1447.800048828125,12.710000038146973,20.048622131347656,36.2713508605957,66.98999786376953,49.52960968017578
2007-04-13,34.82030487060547,152.64129638671875,30.519441604614258,20.855581283569336,349.620849609375,1452.8499755859375,12.199999809265137,20.133216857910156,36.68095397949219,67.83999633789062,49.376564025878906
2007-04-16,35.37968444824219,158.56954956054688,31.066566467285156,21.38555145263672,358.6324462890625,1468.3299560546875,11.979999542236328,20.62385368347168,36.72698974609375,68.4000015258789,49.648643493652344
2007-04-17,35.42802810668945,158.8503875732422,31.197124481201172,21.22896957397461,355.92218017578125,1471.47998046875,12.140000343322754,20.618209838867188,37.205623626708984,68.0,49.92634201049805
2007-04-18,35.78715133666992,160.21788024902344,32.372127532958984,21.650541305541992,359.03887939453125,1472.5,12.420000076293945,20.855077743530273,36.97553253173828,68.37999725341797,50.17571258544922
2007-04-19,35.15868377685547,162.09539794921875,32.384559631347656,21.76496696472168,359.7165222167969,1470.72998046875,12.539999961853027,20.826875686645508,36.72698974609375,67.52999877929688,50.09067153930664
2007-04-20,35.248477935791016,162.88018798828125,32.66433334350586,21.861326217651367,361.95257568359375,1484.3499755859375,12.069999694824219,20.93403434753418,37.003135681152344,68.69999694824219,49.9603271484375
2007-04-23,34.88245391845703,164.671875,32.5026969909668,21.692691802978516,359.85205078125,1480.9300537109375,13.039999961853027,20.87763786315918,37.41736602783203,68.26000213623047,50.141693115234375
2007-04-24,34.95842361450195,163.41322326660156,32.42808532714844,21.54815673828125,357.8194274902344,1480.4100341796875,13.119999885559082,20.815589904785156,37.16420364379883,67.7300033569336,50.32872772216797
2007-04-25,35.37968444824219,167.02621459960938,32.838409423828125,21.849281311035156,364.5272521972656,1495.4200439453125,13.210000038146973,21.097570419311523,37.14120101928711,67.88999938964844,50.153011322021484
2007-04-26,35.027496337890625,166.4412841796875,32.91300964355469,21.722808837890625,362.9010314941406,1494.25,12.789999961853027,21.063739776611328,37.16420364379883,66.87000274658203,49.790321350097656
2007-04-27,35.06203079223633,166.0489501953125,32.670536041259766,21.644527435302734,361.61358642578125,1494.0699462890625,12.449999809265137,21.03554916381836,37.0721549987793,67.55999755859375,49.77897262573242
2007-04-30,35.151790618896484,161.8511199951172,32.39078140258789,21.614397048950195,363.3076477050781,1482.3699951171875,14.220000267028809,20.871990203857422,36.4738655090332,67.08999633789062,50.300357818603516
2007-05-01,35.17250442504883,161.82888793945312,32.490264892578125,21.70473861694336,367.23748779296875,1486.300048828125,13.510000228881836,20.911470413208008,36.15629577636719,66.69000244140625,50.33676528930664
2007-05-02,35.22776412963867,162.5026397705078,32.670536041259766,21.662256240844727,367.9150695800781,1495.9200439453125,13.079999923706055,21.0017032623291,36.4416389465332,66.66000366210938,50.308345794677734
2007-05-03,35.37968444824219,164.03515625,32.763824462890625,21.753292083740234,369.21533203125,1502.3900146484375,13.09000015258789,21.199087142944336,36.538291931152344,67.48999786376953,50.19458770751953
2007-05-04,35.3866081237793,168.3144073486328,32.72029113769531,21.801849365234375,370.17352294921875,1505.6199951171875,12.90999984741211,21.272401809692383,36.22071075439453,68.19000244140625,50.399391174316406
2007-05-07,35.510902404785156,168.22564697265625,32.782466888427734,21.892898559570312,368.73614501953125,1509.47998046875,13.149999618530273,21.30059814453125,36.321983337402344,68.25,50.53586196899414
2007-05-08,35.49710464477539,166.5449676513672,32.60838317871094,21.73508644104004,367.6412048339844,1507.719970703125,13.210000038146973,21.2554874420166,36.08266067504883,67.87999725341797,50.42207717895508
2007-05-09,35.53162384033203,167.74436950683594,33.074642181396484,21.91717529296875,370.3786926269531,1512.5799560546875,12.880000114440918,21.368267059326172,36.4738655090332,67.44999694824219,50.22304916381836
2007-05-10,34.93079376220703,165.17532348632812,32.32861328125,21.486238479614258,364.0826416015625,1491.469970703125,13.600000381469727,21.063739776611328,35.98602294921875,66.0,50.34249496459961
2007-05-11,35.18632125854492,168.43289184570312,32.421875,21.559078216552734,363.4665222167969,1505.8499755859375,12.949999809265137,21.289321899414062,36.4738655090332,66.44999694824219,50.16615676879883
2007-05-14,35.068912506103516,167.4556121826172,32.22292709350586,21.425540924072266,361.7556457519531,1503.1500244140625,13.960000038146973,21.18781089782715,36.266754150390625,66.27999877929688,50.035343170166016
2007-05-15,35.17942810058594,166.12295532226562,32.347251892089844,21.492311477661133,361.27667236328125,1501.18994140625,14.010000228881836,21.137052536010742,35.7144660949707,66.54000091552734,50.018245697021484
2007-05-16,35.30373001098633,168.1442108154297,32.937870025634766,21.98394012451172,375.78515625,1514.1400146484375,13.5,21.379549026489258,35.272640228271484,65.5999984741211,49.98411560058594
2007-05-17,35.31062698364258,168.3440399169922,32.67675018310547,21.996070861816406,375.0325012207031,1512.75,13.510000228881836,21.272401809692383,34.66053009033203,65.05999755859375,49.779354095458984
2007-05-18,35.414215087890625,170.5355682373047,32.66433334350586,22.10532569885254,376.401123046875,1522.75,12.760000228881836,21.328798294067383,34.31074142456055,65.5199966430664,49.44940948486328
2007-05-21,35.37968444824219,169.71376037597656,32.67675018310547,22.03856658935547,375.30621337890625,1525.0999755859375,13.300000190734863,21.351362228393555,34.44881057739258,65.66999816894531,49.597320556640625
2007-05-22,35.56615447998047,170.8095245361328,32.50890350341797,21.85041046142578,376.9486083984375,1524.1199951171875,13.0600004196167,21.368267059326172,34.959678649902344,65.19999694824219,49.34132385253906
2007-05-23,35.462562561035156,169.2029266357422,32.3223876953125,21.90503692626953,376.4694519042969,1522.280029296875,13.239999771118164,21.351362228393555,34.69273376464844,65.54000091552734,49.19911193847656
2007-05-24,35.25537109375,167.08541870117188,32.073707580566406,21.87468147277832,375.9220275878906,1507.510009765625,14.079999923706055,21.15961265563965,34.11285400390625,64.75,49.24460220336914
2007-05-25,35.358985900878906,166.9743194580078,32.10479736328125,21.929311752319336,377.2222900390625,1515.72998046875,13.34000015258789,21.199087142944336,34.306121826171875,64.94000244140625,49.13087844848633
2007-05-29,35.35208511352539,169.12890625,32.216712951660156,21.941450119018555,375.78515625,1518.1099853515625,13.529999732971191,21.289321899414062,35.530372619628906,65.06999969482422,49.125152587890625
2007-05-30,35.477760314941406,171.7645263671875,32.365909576416016,21.990013122558594,377.76983642578125,1530.22998046875,12.829999923706055,21.435951232910156,36.48306655883789,64.72000122070312,49.22753143310547
2007-05-31,35.407936096191406,170.8909912109375,32.22292709350586,21.90503692626953,372.9109191894531,1530.6199951171875,13.050000190734863,21.373912811279297,36.335784912109375,65.54000091552734,49.13652801513672
2007-06-01,35.456817626953125,170.8095245361328,32.26642990112305,22.09319496154785,373.0476989746094,1536.3399658203125,12.779999732971191,21.441593170166016,36.38639450073242,66.44000244140625,48.87841796875
2007-06-04,35.505714416503906,170.06912231445312,32.06128692626953,21.971805572509766,370.5841979980469,1539.1800537109375,13.289999961853027,21.413394927978516,36.53367614746094,66.54000091552734,49.10114288330078
2007-06-05,35.37302780151367,169.8100128173828,31.843677520751953,21.795787811279297,368.8731994628906,1530.949951171875,13.630000114440918,21.28367805480957,35.953800201416016,66.37000274658203,48.79277801513672
2007-06-06,35.142601013183594,168.32191467285156,31.433349609375,21.601560592651367,364.9721374511719,1517.3800048828125,14.869999885559082,21.10321617126465,35.709869384765625,66.41000366210938,48.76994323730469
2007-06-07,34.76554870605469,162.9171905517578,30.973299026489258,21.279878616333008,359.4288635253906,1490.719970703125,17.059999465942383,20.747922897338867,34.58687973022461,65.26000213623047,47.89617156982422
2007-06-08,35.09371566772461,166.62649536132812,31.340103149414062,21.449819564819336,364.9721374511719,1507.6700439453125,14.84000015258789,20.990427017211914,35.001094818115234,64.22000122070312,47.856231689453125
2007-06-11,34.94710159301758,168.18121337890625,31.352535247802734,21.53479766845703,365.9302673339844,1509.1199951171875,14.710000038146973,21.086292266845703,34.4764289855957,64.69999694824219,47.71913146972656
2007-06-12,34.674781799316406,168.69203186035156,30.68109703063965,21.352705001831055,359.9763488769531,1493.0,16.670000076293945,20.798675537109375,33.878108978271484,64.0999984741211,47.02814865112305
2007-06-13,35.16353988647461,172.97879028320312,31.265499114990234,21.81400489807129,367.367431640625,1515.6700439453125,14.729999542236328,21.19344139099121,34.6283073425293,64.52999877929688,47.58774948120117
2007-06-14,34.96804428100586,167.13726806640625,31.284149169921875,21.78363800048828,367.2990417480469,1522.969970703125,13.640000343322754,21.15961265563965,34.25551223754883,64.5999984741211,47.46784973144531
2007-06-15,34.96804428100586,167.46302795410156,31.433349609375,21.832197189331055,369.4205627441406,1532.9100341796875,13.9399995803833,21.235595703125,34.63290023803711,64.8499984741211,47.79338073730469
2007-06-18,34.84932327270508,168.04052734375,31.352535247802734,21.935382843017578,369.2838439941406,1531.050048828125,13.420000076293945,21.229917526245117,34.099029541015625,64.94999694824219,47.69629669189453
2007-06-19,35.29621124267578,169.89149475097656,31.613651275634766,22.081050872802734,371.33685302734375,1533.699951171875,12.850000381469727,21.320648193359375,34.16347885131836,65.4800033569336,48.14170455932617
2007-06-20,34.898216247558594,167.2409210205078,30.749486923217773,21.656185150146484,365.72503662109375,1512.8399658203125,14.670000076293945,20.946395874023438,33.137142181396484,64.70999908447266,47.753395080566406
2007-06-21,34.835365295410156,167.9886932373047,30.985719680786133,21.625843048095703,367.230712890625,1522.18994140625,14.210000038146973,20.98042106628418,33.32123565673828,64.55999755859375,47.524959564208984
2007-06-22,34.17903137207031,164.6570587158203,30.2894287109375,21.25559425354004,358.6759948730469,1502.56005859375,15.75,20.713924407958984,33.19696807861328,64.77999877929688,47.83334732055664
2007-06-25,34.10921096801758,160.4665985107422,30.06559944152832,21.292009353637695,353.7486572265625,1497.739990234375,16.649999618530273,20.54947853088379,32.65266418457031,64.43000030517578,48.096073150634766
2007-06-26,34.074283599853516,158.56385803222656,30.214811325073242,21.279878616333008,350.052978515625,1492.8900146484375,18.889999389648438,20.35667610168457,32.526859283447266,63.619998931884766,48.10745620727539
2007-06-27,34.34661865234375,162.38417053222656,30.612709045410156,21.443750381469727,354.56976318359375,1506.3399658203125,15.529999732971191,20.662878036499023,33.36098861694336,63.66999816894531,48.15318298339844
2007-06-28,34.27678680419922,162.11016845703125,30.438623428344727,21.41339683532715,354.56976318359375,1505.7099609375,15.539999961853027,20.628860473632812,33.18858337402344,64.26000213623047,48.14170455932617
2007-06-29,34.13713455200195,160.47402954101562,30.121564865112305,21.34663963317871,351.0112609863281,1503.3499755859375,16.229999542236328,20.515457153320312,33.0627555847168,64.2699966430664,48.63855743408203
2007-07-02,34.437374114990234,162.2730712890625,30.556753158569336,21.553001403808594,353.406494140625,1519.4300537109375,15.399999618530273,20.691234588623047,33.826995849609375,65.0199966430664,48.89423370361328
2007-07-03,34.59798049926758,166.24887084960938,30.91389274597168,21.656185150146484,354.9118957519531,1524.8699951171875,14.920000076293945,20.87268829345703,33.73379135131836,64.73999786376953,48.596153259277344
2007-07-05,34.472286224365234,163.8575439453125,30.56926918029785,21.43768310546875,352.44830322265625,1525.4000244140625,15.479999542236328,20.6969051361084,34.24174118041992,64.41999816894531,48.051536560058594
2007-07-06,34.31867980957031,165.57516479492188,30.682064056396484,21.443750381469727,353.8170471191406,1530.43994140625,14.720000267028809,20.798974990844727,34.19979476928711,64.95999908447266,47.85663604736328
2007-07-09,34.081268310546875,165.32342529296875,30.56926918029785,21.31629753112793,353.13262939453125,1531.8499755859375,15.15999984741211,20.713924407958984,34.17648696899414,65.37999725341797,48.028587341308594
2007-07-10,33.767066955566406,160.71836853027344,29.767295837402344,20.903564453125,349.02655029296875,1510.1199951171875,17.56999969482422,20.277297973632812,33.30973434448242,65.61000061035156,48.84264373779297
2007-07-11,33.871795654296875,160.45181274414062,30.155786514282227,21.19489288330078,351.8324279785156,1518.760009765625,16.639999389648438,20.3453426361084,33.2444953918457,65.44000244140625,48.33817672729492
2007-07-12,34.58400344848633,163.09495544433594,31.032943725585938,21.510520935058594,361.6188049316406,1547.699951171875,15.539999961853027,20.719589233398438,33.67321014404297,66.0199966430664,48.171932220458984
2007-07-13,34.56306076049805,164.4941864013672,31.358732223510742,21.571210861206055,359.4288635253906,1552.5,15.149999618530273,20.798974990844727,33.994754791259766,66.02999877929688,48.303741455078125
2007-07-16,34.64683151245117,163.1763153076172,31.220888137817383,21.516592025756836,357.1703186035156,1549.52001953125,15.59000015258789,20.725257873535156,33.71049118041992,65.81999969482422,48.7680778503418
2007-07-17,34.77252960205078,162.43600463867188,31.277284622192383,21.601560592651367,359.0182189941406,1549.3699951171875,15.630000114440918,20.793298721313477,33.58933639526367,65.75,48.6649169921875
2007-07-18,34.46530532836914,159.1710205078125,30.62567901611328,21.480167388916016,353.13262939453125,1546.1700439453125,16.0,20.526792526245117,33.514774322509766,66.62000274658203,48.84837341308594
2007-07-19,34.402462005615234,156.727783203125,30.4627742767334,21.571210861206055,349.91619873046875,1553.0799560546875,15.229999542236328,20.458755493164062,33.64059066772461,67.01000213623047,48.83688735961914
2007-07-20,33.732154846191406,152.4706573486328,29.798629760742188,21.07350730895996,347.1786804199219,1534.0999755859375,16.950000762939453,20.101524353027344,33.053443908691406,67.58000183105469,49.278350830078125
2007-07-23,33.62043762207031,151.8043670654297,29.541744232177734,21.152408599853516,348.0684509277344,1541.5699462890625,16.809999465942383,20.09017562866211,32.48024368286133,67.47000122070312,49.19805145263672
2007-07-24,32.92218017578125,146.70323181152344,28.40768814086914,20.594011306762695,337.4607849121094,1511.0400390625,18.549999237060547,19.585506439208984,31.82319450378418,67.47000122070312,49.381507873535156
2007-07-25,33.466819763183594,150.41246032714844,28.36382484436035,20.982473373413086,336.7763977050781,1518.0899658203125,18.100000381469727,19.676244735717773,31.478357315063477,66.9000015258789,49.47895050048828
2007-07-26,32.978050231933594,144.45994567871094,27.61825180053711,20.42406463623047,327.1952209472656,1482.6600341796875,20.739999771118164,19.21126365661621,30.900516510009766,65.6500015258789,49.89173126220703
2007-07-27,33.10371017456055,142.887451171875,27.71223258972168,20.369441986083984,321.44659423828125,1458.949951171875,24.170000076293945,18.910736083984375,29.875316619873047,65.41000366210938,50.035037994384766
2007-07-30,33.306236267089844,145.17938232421875,28.03803825378418,21.00674057006836,322.95220947265625,1473.9100341796875,20.8700008392334,19.267967224121094,30.453144073486328,65.7699966430664,49.89173126220703
2007-07-31,33.110721588134766,139.69085693359375,27.574386596679688,20.49690055847168,318.70904541015625,1455.27001953125,23.520000457763672,18.655563354492188,30.331998825073242,65.79000091552734,50.252891540527344
2007-08-01,33.257347106933594,140.1803436279297,27.80620574951172,20.92784309387207,320.62542724609375,1465.81005859375,23.670000076293945,18.86536979675293,30.732757568359375,65.93000030517578,50.144107818603516
2007-08-02,33.36206817626953,139.03814697265625,27.93779182434082,20.891422271728516,327.06414794921875,1472.199951171875,21.219999313354492,18.990121841430664,31.24070167541504,65.88999938964844,50.27073669433594
2007-08-03,32.81743621826172,133.26771545410156,27.348833084106445,19.914222717285156,316.5405578613281,1433.06005859375,25.15999984741211,18.17925453186035,30.03375244140625,66.69000244140625,50.60454177856445
2007-08-06,33.627403259277344,139.2829132080078,28.263580322265625,21.097782135009766,334.7491455078125,1467.6700439453125,22.940000534057617,19.109195709228516,31.082237243652344,66.5199966430664,50.23617935180664
2007-08-07,33.983524322509766,141.84910583496094,28.40768814086914,21.17668342590332,336.41070556640625,1476.7099609375,21.559999465942383,19.245288848876953,31.254667282104492,66.4800033569336,50.19590759277344
2007-08-08,34.70270919799805,143.36961364746094,29.140748977661133,21.42777442932129,342.641845703125,1497.489990234375,21.450000762939453,19.704587936401367,32.48957443237305,66.7699966430664,49.585933685302734
2007-08-09,33.76007843017578,135.17385864257812,27.67462921142578,20.919483184814453,324.7101745605469,1453.0899658203125,26.479999542236328,18.995786666870117,32.13074493408203,65.45999908447266,49.65492630004883
2007-08-10,33.92765426635742,133.8759307861328,27.724761962890625,21.06645393371582,325.40252685546875,1453.6400146484375,28.299999237060547,18.910736083984375,31.16146469116211,66.56999969482422,49.53986740112305
2007-08-13,33.864810943603516,131.65084838867188,27.46160888671875,20.76026725769043,322.21783447265625,1452.9200439453125,26.56999969482422,18.740623474121094,31.01234245300293,66.26000213623047,49.6837272644043
2007-08-14,33.417938232421875,125.9027328491211,27.129533767700195,20.613279342651367,316.1250915527344,1426.5400390625,27.68000030517578,18.411739349365234,30.122295379638672,66.29000091552734,49.816078186035156
2007-08-15,33.67629623413086,122.30548858642578,26.941577911376953,20.558168411254883,315.77886962890625,1406.699951171875,30.670000076293945,18.247299194335938,29.61433982849121,66.12999725341797,49.637657165527344
2007-08-16,34.80744171142578,125.97685241699219,28.489145278930664,21.678855895996094,329.21044921875,1411.27001953125,30.829999923706055,18.797321319580078,30.802648544311523,64.68000030517578,50.149864196777344
2007-08-17,36.14109420776367,129.79660034179688,29.45403480529785,22.805667877197266,337.93402099609375,1445.93994140625,29.989999771118164,19.562824249267578,31.501644134521484,65.01000213623047,49.948455810546875
2007-08-20,35.85481262207031,128.13525390625,29.128232955932617,22.71993064880371,335.0260314941406,1445.550048828125,26.329999923706055,19.30199432373047,32.0794792175293,65.12000274658203,49.97724533081055
2007-08-21,35.81989669799805,130.1527099609375,28.946529388427734,22.885278701782227,332.7414245605469,1447.1199951171875,25.25,19.438081741333008,32.228614807128906,65.06999969482422,50.218971252441406
2007-08-22,36.064273834228516,131.94009399414062,28.821212768554688,22.474973678588867,335.3030700683594,1464.0699462890625,22.889999389648438,19.489110946655273,32.620052337646484,65.4000015258789,50.13836669921875
2007-08-23,36.18996047973633,131.65084838867188,28.614459991455078,22.321868896484375,334.7491455078125,1462.5,22.6200008392334,19.517467498779297,32.06084060668945,65.30999755859375,50.31102752685547
2007-08-24,36.21788787841797,133.3048095703125,28.78988265991211,22.39535903930664,335.7877502441406,1479.3699951171875,20.719999313354492,19.585506439208984,32.23326110839844,66.11000061035156,50.55849838256836
2007-08-27,35.5196418762207,131.98460388183594,28.13827133178711,22.125900268554688,330.8720703125,1466.7900390625,22.719999313354492,19.358699798583984,31.53426742553711,65.9800033569336,50.82322692871094
2007-08-28,34.674781799316406,126.79276275634766,27.317501068115234,21.556373596191406,319.44842529296875,1432.3599853515625,26.299999237060547,18.780317306518555,30.56964111328125,65.58999633789062,50.90955352783203
2007-08-29,35.29621124267578,128.84722900390625,27.649580001831055,22.034042358398438,325.0564880371094,1463.760009765625,23.809999465942383,19.00713348388672,31.688039779663086,66.06999969482422,50.77143859863281
2007-08-30,35.058807373046875,127.11168670654297,27.549333572387695,21.88707733154297,320.0714416503906,1457.6400146484375,25.059999465942383,18.8880558013916,31.851158142089844,65.80000305175781,51.1109619140625
2007-08-31,35.38698959350586,130.5457305908203,27.893922805786133,22.376981735229492,324.57177734375,1473.989990234375,23.3799991607666,19.13756561279297,32.37773132324219,66.5199966430664,51.151268005371094
2007-09-04,35.666282653808594,134.09841918945312,28.382627487182617,22.40760612487793,326.8565368652344,1489.4200439453125,22.780000686645508,19.284984588623047,32.80645751953125,67.44000244140625,51.1755256652832
2007-09-05,35.319801330566406,131.8807373046875,27.67462921142578,21.978925704956055,318.4790344238281,1472.2900390625,24.579999923706055,19.052492141723633,32.018917083740234,67.55999755859375,51.58580780029297
2007-09-06,35.2066650390625,132.8968505859375,27.699710845947266,21.831953048706055,316.1250915527344,1478.550048828125,23.989999771118164,18.910736083984375,32.30317687988281,68.86000061035156,51.452938079833984
2007-09-07,34.66219711303711,132.74862670898438,27.267375946044922,21.556373596191406,314.87890625,1453.550048828125,26.229999542236328,18.71794319152832,31.524944305419922,69.38999938964844,52.18100357055664
2007-09-10,34.6197624206543,136.18263244628906,27.524263381958008,21.51963233947754,313.63262939453125,1451.699951171875,27.3799991607666,18.655563354492188,31.198755264282227,69.62000274658203,52.585514068603516
2007-09-11,34.96623992919922,136.10108947753906,27.90645408630371,22.119783401489258,318.5483093261719,1471.489990234375,25.270000457763672,18.848363876342773,31.84650230407715,70.5199966430664,52.545108795166016
2007-09-12,34.923824310302734,135.38156127929688,27.86259651184082,21.85032844543457,316.8173522949219,1471.56005859375,24.959999084472656,18.8880558013916,31.66010093688965,70.45999908447266,52.34855270385742
2007-09-13,35.256168365478516,139.7872314453125,28.570594787597656,21.929935455322266,320.9715270996094,1483.949951171875,24.760000228881836,19.19993019104004,32.373077392578125,70.08000183105469,51.88050842285156
2007-09-14,35.319801330566406,141.3596649169922,28.53300666809082,21.838071823120117,322.9100341796875,1484.25,24.920000076293945,19.267967224121094,32.58277893066406,69.98999786376953,51.95563888549805
2007-09-17,35.00867462158203,139.14938354492188,28.376367568969727,21.838071823120117,318.686767578125,1476.6500244140625,26.479999542236328,19.086515426635742,32.34511184692383,70.97000122070312,52.20411682128906
2007-09-18,36.21073913574219,148.70982360839844,29.961536407470703,22.775049209594727,334.8876953125,1519.780029296875,20.350000381469727,19.806663513183594,33.49614715576172,71.69999694824219,51.81119155883789
2007-09-19,36.111732482910156,152.41836547851562,29.80489158630371,22.842411041259766,334.19525146484375,1529.030029296875,20.030000686645508,19.931407928466797,34.12522888183594,71.43000030517578,51.33155059814453
2007-09-20,35.91377258300781,150.95716857910156,29.422706604003906,22.38311195373535,326.7871398925781,1518.75,20.450000762939453,19.687580108642578,33.23984909057617,72.72000122070312,50.36076354980469
2007-09-21,36.231971740722656,155.74110412597656,29.529211044311523,22.19326400756836,328.9335632324219,1525.75,19.0,19.76468849182129,33.47749710083008,72.33999633789062,50.78837966918945
2007-09-24,35.7723388671875,156.07485961914062,29.034257888793945,22.021799087524414,322.5639953613281,1517.72998046875,19.3700008392334,19.490501403808594,34.1121826171875,72.27999877929688,50.93283462524414
2007-09-25,35.510738372802734,156.42347717285156,28.883874893188477,22.089162826538086,320.6253356933594,1517.2099609375,18.600000381469727,19.450511932373047,33.26467514038086,72.33000183105469,50.75367736816406
2007-09-26,35.64506149291992,159.1751708984375,28.90265655517578,21.954437255859375,322.2868347167969,1525.4200439453125,17.6299991607666,19.456233978271484,33.749637603759766,72.0,50.7999382019043
2007-09-27,35.779422760009766,160.78456115722656,28.952795028686523,22.05854034423828,324.57177734375,1531.3800048828125,17.0,19.684717178344727,34.00858688354492,72.69999694824219,51.15240478515625
2007-09-28,35.54607009887695,160.7550048828125,28.70843505859375,21.813573837280273,323.1177978515625,1526.75,18.0,19.604745864868164,33.64604187011719,73.51000213623047,51.26802444458008
2007-10-01,35.80769729614258,165.38323974609375,29.328731536865234,22.444345474243164,330.387451171875,1547.0400390625,17.84000015258789,19.976057052612305,34.465309143066406,73.9000015258789,51.56094741821289
2007-10-02,36.57137680053711,169.12124633789062,29.548017501831055,22.432104110717773,331.356689453125,1546.6300048828125,18.489999771118164,20.204538345336914,35.09153747558594,72.3499984741211,51.723388671875
2007-10-03,36.71988296508789,168.62440490722656,29.686979293823242,22.658687591552734,331.5643615722656,1539.5899658203125,18.799999237060547,20.15885353088379,34.922027587890625,71.9000015258789,51.57256317138672
2007-10-04,37.052207946777344,167.58599853515625,29.844879150390625,22.824047088623047,329.76416015625,1542.8399658203125,18.440000534057617,20.27880859375,35.279850006103516,72.87000274658203,51.76981735229492
2007-10-05,37.27140426635742,169.47726440429688,30.05332374572754,22.946516036987305,334.40301513671875,1557.5899658203125,16.90999984741211,20.501588821411133,36.10852813720703,73.4000015258789,51.212867736816406
2007-10-08,37.07341766357422,168.33509826660156,29.964893341064453,22.634199142456055,330.9412841796875,1552.5799560546875,17.459999084472656,20.221681594848633,35.42582321166992,72.52999877929688,51.17228698730469
2007-10-09,37.17241287231445,177.41342163085938,30.0469970703125,22.732179641723633,329.69512939453125,1565.1500244140625,16.1200008392334,20.393051147460938,35.82132339477539,73.08999633789062,51.10844802856445
2007-10-10,36.98149490356445,174.9954833984375,29.6301212310791,22.42598533630371,326.371826171875,1562.469970703125,16.670000076293945,20.27880859375,35.57177734375,73.36000061035156,51.13743209838867
2007-10-11,37.066349029541016,169.85557556152344,29.472211837768555,22.242258071899414,334.54144287109375,1554.4100341796875,18.8799991607666,20.170270919799805,35.43052291870117,73.91000366210938,51.08528137207031
2007-10-12,36.8188591003418,173.23028564453125,29.573284149169922,22.070791244506836,331.42596435546875,1561.800048828125,17.729999542236328,20.30165672302246,35.09621810913086,74.58999633789062,50.83578109741211
2007-10-15,36.35923385620117,170.1002655029297,29.225873947143555,22.01567840576172,320.1407775878906,1548.7099609375,19.25,19.890365600585938,34.437049865722656,75.13999938964844,50.84739685058594
2007-10-16,35.49657440185547,166.7552490234375,28.49317169189453,21.158313751220703,310.1017150878906,1538.530029296875,20.020000457763672,19.519065856933594,34.01801681518555,75.12000274658203,50.864837646484375
2007-10-17,35.376365661621094,168.82464599609375,29.289047241210938,20.986846923828125,309.20159912109375,1541.239990234375,18.540000915527344,19.507638931274414,33.96623229980469,74.5,51.4217414855957
2007-10-18,34.5419921875,168.99520874023438,28.99217414855957,20.51529884338379,303.455078125,1540.0799560546875,18.5,19.26200294494629,33.97563552856445,76.0,51.70600128173828
2007-10-19,33.63689422607422,161.4595489501953,28.436336517333984,20.12336540222168,293.27764892578125,1500.6300048828125,22.959999084472656,18.622228622436523,32.53015899658203,75.69999694824219,52.47753143310547
2007-10-22,33.78538513183594,164.78977966308594,28.657411575317383,20.71126365661621,295.008544921875,1506.3299560546875,21.639999389648438,18.85071563720703,33.38237762451172,74.5999984741211,52.48334884643555
2007-10-23,33.78538513183594,165.96163940429688,29.01744270324707,20.674522399902344,293.8314514160156,1519.5899658203125,20.40999984741211,18.953542709350586,33.73550796508789,75.2300033569336,52.4137077331543
2007-10-24,33.5732536315918,166.9703826904297,29.225873947143555,20.845993041992188,289.53900146484375,1515.8800048828125,20.799999237060547,18.810731887817383,33.17049789428711,75.5199966430664,52.80240249633789
2007-10-25,33.23382568359375,168.37440490722656,29.08692169189453,20.70514678955078,285.4541015625,1514.4000244140625,21.170000076293945,18.793594360351562,33.24113464355469,76.02999877929688,52.62253952026367
2007-10-26,33.96217727661133,175.25315856933594,29.88910484313965,21.158313751220703,295.14691162109375,1535.280029296875,19.559999465942383,19.250579833984375,33.744930267333984,77.69000244140625,52.50077819824219
2007-10-29,33.92680358886719,181.11416625976562,29.478525161743164,20.901113510131836,295.56243896484375,1540.97998046875,19.8700008392334,19.30769920349121,33.19404602050781,78.12000274658203,52.703792572021484
2007-10-30,33.93389129638672,178.5290985107422,29.409048080444336,20.821496963500977,291.5467834472656,1531.02001953125,21.06999969482422,19.01066780090332,33.65076446533203,77.3499984741211,52.674774169921875
2007-10-31,34.13893508911133,184.1673126220703,29.686979293823242,20.82762336730957,290.0929260253906,1549.3800048828125,18.530000686645508,19.26771354675293,34.35231399536133,78.62000274658203,52.1990852355957
2007-11-01,32.321678161621094,178.43995666503906,27.994182586669922,19.6640682220459,270.10333251953125,1508.43994140625,23.209999084472656,18.279483795166016,32.74675750732422,77.93000030517578,52.877288818359375
2007-11-02,31.89742660522461,170.558349609375,27.255176544189453,19.786548614501953,264.6325988769531,1509.6500244140625,23.010000228881836,18.188087463378906,32.28062438964844,79.83000183105469,53.04623794555664
2007-11-05,31.430734634399414,162.23101806640625,27.015140533447266,19.553836822509766,251.7972412109375,1502.1700439453125,24.309999465942383,17.862483978271484,31.814491271972656,79.75,53.022972106933594
2007-11-06,32.21560287475586,165.7743377685547,27.861534118652344,20.178478240966797,246.04598999023438,1520.27001953125,21.389999389648438,18.165237426757812,32.21470260620117,81.43000030517578,52.7666015625
2007-11-07,30.624624252319336,159.10357666015625,26.680381774902344,19.0162410736084,234.33274841308594,1475.6199951171875,26.489999771118164,17.171287536621094,31.211833953857422,82.23999786376953,52.85989761352539
2007-11-08,30.758983612060547,155.95384216308594,26.91407585144043,19.46135711669922,230.7556915283203,1474.77001953125,26.15999984741211,17.348373413085938,31.30599021911621,82.2300033569336,52.7666015625
2007-11-09,31.098407745361328,156.9864959716797,26.724594116210938,19.5726375579834,232.15855407714844,1453.699951171875,28.5,17.216991424560547,31.051742553710938,82.18000030517578,53.21523666381836
2007-11-12,31.098407745361328,159.4973602294922,26.77511978149414,19.999202728271484,235.4550018310547,1439.1800537109375,31.09000015258789,17.279830932617188,31.409561157226562,78.30000305175781,53.40755081176758
2007-11-13,32.71765899658203,173.11373901367188,28.455272674560547,20.95124626159668,251.7972412109375,1481.050048828125,24.100000381469727,18.090978622436523,32.45012283325195,79.12000274658203,53.20943069458008
2007-11-14,32.3358268737793,173.3143310546875,28.518447875976562,20.55559539794922,252.77911376953125,1470.5799560546875,25.940000534057617,18.022432327270508,31.79094696044922,80.27999877929688,53.26771545410156
2007-11-15,31.169105529785156,168.6417694091797,27.495180130004883,19.764278411865234,242.53900146484375,1451.1500244140625,28.059999465942383,17.565441131591797,31.734445571899414,77.94999694824219,53.768741607666016
2007-11-16,31.37415885925293,167.32688903808594,27.21726417541504,19.251163482666016,238.4710235595703,1458.739990234375,25.489999771118164,17.4283504486084,31.141191482543945,77.75,53.844547271728516
2007-11-19,30.278160095214844,163.82815551757812,26.130847930908203,18.874055862426758,224.4431610107422,1433.27001953125,26.010000228881836,16.959938049316406,30.463193893432617,77.23999786376953,54.194183349609375
2007-11-20,30.24280548095703,161.55499267578125,26.29508399963379,18.80604362487793,220.2349395751953,1439.699951171875,24.8799991607666,16.588634490966797,29.8746395111084,79.47000122070312,54.13591003417969
2007-11-21,29.797319412231445,155.6270751953125,25.695018768310547,18.4969425201416,215.5355987548828,1416.77001953125,26.84000015258789,16.331581115722656,29.66748809814453,79.36000061035156,54.450557708740234
2007-11-23,30.51149559020996,160.81210327148438,26.497211456298828,19.065702438354492,222.33909606933594,1440.699951171875,25.610000610351562,16.720020294189453,30.25130844116211,81.25,54.6136589050293
2007-11-26,29.613479614257812,154.10418701171875,25.556053161621094,18.231111526489258,215.32518005371094,1407.219970703125,28.90999984741211,16.160207748413086,28.801128387451172,81.30000305175781,55.69158935546875
2007-11-27,30.363000869750977,158.4722137451172,26.74985694885254,18.441299438476562,212.6598358154297,1428.22998046875,26.280000686645508,16.4515323638916,29.474428176879883,80.0999984741211,55.161354064941406
2007-11-28,31.713565826416016,169.0131378173828,27.76679229736328,18.991514205932617,226.47726440429688,1469.02001953125,24.110000610351562,17.434053421020508,30.769241333007812,79.56999969482422,54.78849411010742
2007-11-29,31.558013916015625,166.68064880371094,27.57098960876465,18.880233764648438,226.47726440429688,1469.719970703125,23.969999313354492,17.279830932617188,30.27485466003418,78.27999877929688,55.260414123535156
2007-11-30,32.618656158447266,168.35952758789062,28.81531524658203,20.048656463623047,233.5612030029297,1481.1400146484375,22.8700008392334,17.7082576751709,31.098812103271484,77.31999969482422,54.992401123046875
2007-12-03,32.1519775390625,168.5452117919922,28.556325912475586,19.683908462524414,231.87794494628906,1472.4200439453125,23.610000610351562,17.565441131591797,30.764522552490234,78.27999877929688,55.42878341674805
2007-12-04,31.614582061767578,159.8761444091797,27.886816024780273,19.63445472717285,228.30081176757812,1462.7900390625,23.790000915527344,17.239839553833008,29.93585205078125,79.4000015258789,55.42298126220703
2007-12-05,32.446739196777344,162.13436889648438,28.360546112060547,20.030113220214844,236.29661560058594,1485.010009765625,22.530000686645508,17.496891021728516,30.943450927734375,78.62999725341797,54.76194763183594
2007-12-06,32.97043228149414,165.29150390625,29.187986373901367,20.147573471069336,240.9259033203125,1507.3399658203125,20.959999084472656,18.06241798400879,31.927501678466797,79.37000274658203,54.28221130371094
2007-12-07,32.54715347290039,161.85955810546875,29.105873107910156,19.603540420532227,240.64535522460938,1504.6600341796875,20.850000381469727,17.822498321533203,31.814491271972656,78.5999984741211,53.673851013183594
2007-12-10,33.45823669433594,166.55441284179688,29.952255249023438,20.17848014831543,243.8716583251953,1515.9599609375,20.739999771118164,18.19951629638672,32.49720764160156,80.0,53.35205841064453
2007-12-11,32.03065490722656,156.85279846191406,29.01744270324707,19.02242660522461,233.07025146484375,1477.6500244140625,23.59000015258789,17.279830932617188,30.78335952758789,78.83999633789062,54.39921188354492
2007-12-12,31.155466079711914,157.91497802734375,29.150081634521484,18.96060562133789,220.72593688964844,1486.5899658203125,22.469999313354492,17.148447036743164,30.67976951599121,80.48999786376953,53.83758544921875
2007-12-13,30.882850646972656,154.869384765625,28.903743743896484,18.89259910583496,217.49954223632812,1488.4100341796875,22.559999465942383,17.142724990844727,30.331340789794922,78.5,53.25259780883789
2007-12-14,30.244400024414062,156.49618530273438,28.55002784729004,18.589675903320312,215.32518005371094,1467.949951171875,23.270000457763672,16.765718460083008,29.5685977935791,78.5199966430664,53.006927490234375
2007-12-17,29.914400100708008,154.980712890625,28.126827239990234,18.589675903320312,215.8162078857422,1445.9000244140625,24.520000457763672,16.588634490966797,28.655166625976562,78.12999725341797,53.48076629638672
2007-12-18,29.770925521850586,149.69166564941406,27.728891372680664,18.744232177734375,213.08070373535156,1454.97998046875,22.639999389648438,16.600055694580078,29.09775161743164,79.25,53.825904846191406
2007-12-19,29.835493087768555,151.66024780273438,27.779434204101562,18.92970085144043,211.88844299316406,1453.0,21.68000030517578,16.697162628173828,29.39438247680664,79.23999786376953,54.539615631103516
2007-12-20,29.70637321472168,150.55332946777344,27.368852615356445,18.77513885498047,209.64395141601562,1460.1199951171875,20.579999923706055,16.57721519470215,29.27185821533203,78.66999816894531,54.42258071899414
2007-12-21,30.072223663330078,155.70135498046875,27.861534118652344,18.77513885498047,212.098876953125,1484.4599609375,18.469999313354492,16.883880615234375,29.846208572387695,80.0999984741211,53.627010345458984
2007-12-24,30.330474853515625,159.2075653076172,28.316326141357422,19.288253784179688,217.2891387939453,1496.449951171875,18.600000381469727,17.18939208984375,30.812999725341797,80.13999938964844,53.37546157836914
2007-12-26,30.34482765197754,160.9681396484375,28.38580322265625,19.325345993041992,213.57174682617188,1497.6600341796875,18.65999984741211,17.06833267211914,30.300878524780273,81.5199966430664,52.90747833251953
2007-12-27,29.742233276367188,157.44712829589844,27.56466293334961,18.731863021850586,207.32945251464844,1476.27001953125,20.260000228881836,16.722475051879883,29.697826385498047,81.55999755859375,53.48424530029297
2007-12-28,29.483985900878906,157.43955993652344,27.324655532836914,18.602031707763672,205.43572998046875,1478.489990234375,20.739999771118164,16.68211555480957,29.17613983154297,83.0,54.31827163696289
2007-12-31,29.59877586364746,159.74984741210938,27.57098960876465,18.663856506347656,206.48782348632812,1468.3599853515625,22.5,16.676353454589844,29.415456771850586,82.45999908447266,54.64719009399414
2008-01-02,29.096620559692383,154.2156219482422,26.870080947875977,17.990001678466797,202.8405303955078,1447.1600341796875,23.170000076293945,16.3477840423584,29.324514389038086,84.86000061035156,55.43424606323242
2008-01-03,28.910093307495117,152.16531372070312,26.685285568237305,17.631441116333008,202.91064453125,1447.1600341796875,22.489999771118164,16.244029998779297,28.41036605834961,85.56999969482422,55.35792922973633
2008-01-04,28.587270736694336,148.5180206298828,26.079965591430664,16.99468994140625,198.07113647460938,1411.6300048828125,23.940000534057617,15.782876014709473,27.256919860839844,85.12999725341797,55.36962127685547
2008-01-07,28.62314224243164,144.6551513671875,26.341228485107422,17.112146377563477,198.21142578125,1416.1800537109375,23.790000915527344,15.823224067687988,27.51057243347168,84.7699966430664,55.6104621887207
2008-01-08,27.554248809814453,140.77005004882812,25.29623031616211,16.382654190063477,190.3558807373047,1390.18994140625,25.43000030517578,15.246789932250977,26.558137893676758,86.77999877929688,55.54587173461914
2008-01-09,27.790990829467773,142.4414520263672,25.653066635131836,16.71647834777832,192.81072998046875,1409.1300048828125,24.1200008392334,15.535009384155273,27.027179718017578,86.55000305175781,55.65153884887695
2008-01-10,28.192718505859375,146.27459716796875,26.33484649658203,17.254337310791016,197.15940856933594,1420.3299560546875,23.450000762939453,15.800172805786133,27.443567276000977,88.25,54.89978790283203
2008-01-11,27.61882209777832,147.63392639160156,26.035375595092773,17.43361473083496,200.3155517578125,1401.02001953125,23.68000030517578,15.85204792022705,27.4483585357666,88.58000183105469,55.32853698730469
2008-01-14,28.135324478149414,149.795654296875,26.353961944580078,17.439794540405273,203.82249450683594,1416.25,22.899999618530273,16.07109260559082,27.33349609375,89.54000091552734,55.53407669067383
2008-01-15,27.174039840698242,143.58543395996094,24.958520889282227,16.3764705657959,188.9530792236328,1380.949951171875,23.34000015258789,15.408198356628418,26.778303146362305,87.98999786376953,56.156681060791016
2008-01-16,27.755111694335938,146.71286010742188,26.398563385009766,16.920501708984375,184.04336547851562,1373.199951171875,24.3799991607666,15.667586326599121,27.08461570739746,86.69999694824219,55.75142288208008
2008-01-17,26.478208541870117,141.86947631835938,25.512882232666016,16.153911590576172,175.06573486328125,1333.25,28.459999084472656,14.87210464477539,26.71607208251953,86.5,56.47384262084961
2008-01-18,25.80387306213379,139.0688934326172,25.226139068603516,15.752077102661133,171.4886474609375,1325.18994140625,27.18000030517578,14.699178695678711,26.361907958984375,87.41999816894531,56.08621597290039
2008-01-22,26.822532653808594,141.65402221679688,26.035375595092773,16.660844802856445,171.13800048828125,1310.5,31.010000228881836,15.016215324401855,26.993675231933594,88.16999816894531,56.68531799316406
2008-01-23,29.103784561157227,148.11685180664062,29.1320858001709,18.163103103637695,184.88511657714844,1338.5999755859375,29.020000457763672,16.08262062072754,29.554243087768555,87.88999938964844,56.55608367919922
2008-01-24,28.62314224243164,147.97564697265625,28.64781951904297,19.263521194458008,191.68850708007812,1352.0699462890625,27.780000686645508,16.088388442993164,28.860254287719727,90.08000183105469,55.42250442504883
2008-01-25,28.32184600830078,142.40933227539062,27.806739807128906,18.954418182373047,186.84896850585938,1330.6099853515625,29.079999923706055,15.667586326599121,28.692752838134766,90.30000305175781,56.3564338684082
2008-01-28,29.555721282958984,146.0408935546875,29.036514282226562,19.659181594848633,193.9329833984375,1353.9599609375,27.780000686645508,16.22673225402832,29.664337158203125,91.75,56.14493942260742
2008-01-29,30.08656883239746,145.89202880859375,30.234407424926758,20.153751373291016,195.7565460205078,1362.300048828125,27.31999969482422,16.47460174560547,29.396303176879883,91.1500015258789,55.76314926147461
2008-01-30,30.280269622802734,147.7523956298828,30.170698165893555,20.252674102783203,195.54623413085938,1355.81005859375,27.6200008392334,16.1402645111084,28.611371994018555,92.05999755859375,55.39896011352539
2008-01-31,31.671987533569336,148.4965362548828,30.20256233215332,21.06871795654297,199.87428283691406,1378.550048828125,26.200000762939453,16.79741096496582,29.185714721679688,91.4000015258789,55.79253005981445
2008-02-01,32.303245544433594,154.6209716796875,30.74416160583496,20.80287742614746,210.65916442871094,1395.4200439453125,24.020000457763672,17.108686447143555,30.406164169311523,89.3499984741211,56.127925872802734
2008-02-04,31.58588981628418,149.4268035888672,29.450668334960938,19.40570831298828,207.32437133789062,1380.8199462890625,25.989999771118164,16.61294937133789,30.090293884277344,89.0999984741211,55.55029296875
2008-02-05,30.39503288269043,141.28573608398438,27.96604347229004,18.836963653564453,191.9275360107422,1336.6400146484375,28.239999771118164,15.938512802124023,29.027774810791016,87.68000030517578,55.97463607788086
2008-02-06,30.366350173950195,139.283935546875,27.857717514038086,18.78699493408203,191.0052032470703,1326.449951171875,28.969999313354492,15.754053115844727,28.553945541381836,88.94999694824219,55.803741455078125
2008-02-07,31.1124210357666,141.73226928710938,28.7434024810791,19.024333953857422,189.44427490234375,1336.9100341796875,27.65999984741211,15.898168563842773,29.228790283203125,89.8499984741211,54.601375579833984
2008-02-08,30.244400024414062,139.20953369140625,27.92144012451172,18.412260055541992,184.69041442871094,1331.2900390625,28.010000228881836,15.633008003234863,28.29549789428711,91.0,55.22611999511719
2008-02-11,30.23004722595215,138.3165283203125,27.621957778930664,18.449722290039062,183.12945556640625,1339.1300048828125,27.600000381469727,15.287142753601074,27.721162796020508,91.33000183105469,55.456024169921875
2008-02-12,30.717863082885742,134.43209838867188,27.596477508544922,18.687063217163086,185.96749877929688,1348.8599853515625,26.329999923706055,15.707941055297852,28.5108642578125,89.33000183105469,55.125953674316406
2008-02-13,31.083721160888672,134.082275390625,28.099855422973633,19.03057289123535,186.8899383544922,1367.2099609375,24.8799991607666,15.650300025939941,28.735811233520508,89.44000244140625,54.54241943359375
2008-02-14,30.301794052124023,131.38839721679688,27.150436401367188,18.480955123901367,182.63272094726562,1348.8599853515625,25.540000915527344,15.223729133605957,28.199769973754883,89.70999908447266,53.7408332824707
2008-02-15,30.631784439086914,132.76513671875,27.558246612548828,18.543413162231445,180.78793334960938,1349.989990234375,25.020000457763672,15.465837478637695,28.429508209228516,89.1500015258789,54.15343475341797
2008-02-19,30.610261917114258,129.33453369140625,27.290634155273438,18.64958953857422,179.6527099609375,1348.780029296875,25.59000015258789,15.442776679992676,28.357728958129883,91.58000183105469,53.605308532714844
2008-02-20,30.825468063354492,131.90191650390625,27.49453353881836,19.14299964904785,180.85899353027344,1360.030029296875,24.399999618530273,15.621476173400879,28.534807205200195,93.23999786376953,53.976585388183594
2008-02-21,30.280269622802734,130.35403442382812,27.443546295166016,19.199209213256836,177.73699951171875,1342.530029296875,25.1200008392334,15.344785690307617,27.759458541870117,93.25,54.548301696777344
2008-02-22,30.56003761291504,132.2442169189453,27.991531372070312,19.63640785217285,178.2337188720703,1353.1099853515625,24.059999465942383,15.679119110107422,28.544389724731445,93.38999938964844,54.23594665527344
2008-02-25,30.803937911987305,131.98373413085938,28.05524253845215,19.79255485534668,175.5374298095703,1371.800048828125,23.030000686645508,15.679119110107422,29.415456771850586,92.73999786376953,53.6818733215332
2008-02-26,30.646127700805664,128.5159149169922,27.857717514038086,19.611413955688477,177.02748107910156,1381.2900390625,21.899999618530273,15.817461013793945,29.41065216064453,93.70999908447266,53.699581146240234
2008-02-27,30.760913848876953,134.5436248779297,28.297374725341797,19.823776245117188,182.49082946777344,1380.02001953125,22.690000534057617,15.886638641357422,29.27185821533203,94.77999877929688,53.74674606323242
2008-02-28,29.713542938232422,131.4925994873047,27.042116165161133,19.08678436279297,177.4532012939453,1367.6800537109375,23.530000686645508,15.390901565551758,28.668825149536133,95.98999786376953,54.70155715942383
2008-02-29,28.508358001708984,126.23139953613281,25.901561737060547,18.256107330322266,168.2293243408203,1330.6300048828125,26.540000915527344,14.889396667480469,28.257217407226562,96.18000030517578,55.53848648071289
2008-03-03,28.106647491455078,122.84554290771484,25.37270736694336,18.031267166137695,163.83023071289062,1331.3399658203125,26.280000686645508,14.687650680541992,28.453432083129883,97.23999786376953,55.39533996582031
2008-03-04,27.819679260253906,121.74413299560547,24.971271514892578,18.006290435791016,156.8058624267578,1326.75,25.520000457763672,14.606941223144531,28.185420989990234,95.18000030517578,54.857017517089844
2008-03-05,27.38933753967285,122.76363372802734,24.68453598022461,18.099966049194336,157.16065979003906,1333.699951171875,24.600000381469727,14.491653442382812,28.573101043701172,97.72000122070312,54.20033264160156
2008-03-06,26.63803482055664,118.06059265136719,23.81157875061035,17.3817138671875,150.207275390625,1304.3399658203125,27.549999237060547,13.990156173706055,27.27126121520996,96.5,54.490203857421875
2008-03-07,26.798513412475586,119.1172866821289,23.932662963867188,17.55659294128418,148.36248779296875,1293.3699951171875,27.489999771118164,14.0189790725708,27.716373443603516,96.08999633789062,54.56123352050781
2008-03-10,25.755456924438477,115.77600860595703,23.244491577148438,17.419189453125,139.7062530517578,1273.3699951171875,29.3799991607666,13.621228218078613,27.323915481567383,95.87000274658203,55.36577606201172
2008-03-11,27.513328552246094,121.34980010986328,24.748254776000977,19.24917984008789,152.477783203125,1320.6500244140625,26.360000610351562,14.514710426330566,29.09956932067871,95.98999786376953,54.89250946044922
2008-03-12,27.010042190551758,121.30509948730469,24.601709365844727,18.449722290039062,150.4910888671875,1308.77001953125,27.219999313354492,14.272605895996094,28.4869441986084,97.01000213623047,55.95146179199219
2008-03-13,27.09027862548828,123.1134033203125,24.28310775756836,18.412260055541992,149.4977264404297,1315.47998046875,27.290000915527344,14.238022804260254,28.821969985961914,98.33999633789062,55.51367950439453
2008-03-14,26.03263282775879,116.7284927368164,23.28273582458496,17.76895523071289,140.34483337402344,1288.1400146484375,31.15999984741211,13.834519386291504,28.238061904907227,98.70999908447266,56.19988250732422
2008-03-17,26.229568481445312,112.38268280029297,25.68491554260254,17.975055694580078,132.1142578125,1276.5999755859375,32.2400016784668,13.517472267150879,28.41036605834961,99.16999816894531,56.631778717041016
2008-03-18,28.395912170410156,130.66653442382812,27.214157104492188,19.698862075805664,146.9435272216797,1330.739990234375,25.790000915527344,14.653055191040039,29.65955352783203,96.5,56.412845611572266
2008-03-19,28.12603187561035,123.89478302001953,27.06123161315918,19.099281311035156,144.81484985351562,1298.4200439453125,29.84000015258789,14.266843795776367,29.43459701538086,93.04000091552734,57.3475456237793
2008-03-20,30.533096313476562,133.67294311523438,29.2913818359375,20.329679489135742,159.64395141601562,1329.510009765625,26.6200008392334,15.29420280456543,30.41574478149414,89.91000366210938,57.489501953125
2008-03-24,30.96343421936035,133.1148223876953,29.660945892333984,20.04237937927246,165.1073760986328,1349.8800048828125,25.729999542236328,15.491776466369629,31.100170135498047,90.0999984741211,56.37739181518555
2008-03-25,29.88391876220703,133.67294311523438,29.348731994628906,20.02362823486328,166.17166137695312,1352.989990234375,25.719999313354492,15.44528865814209,31.179738998413086,92.7300033569336,56.614036560058594
2008-03-26,29.059680938720703,130.58477783203125,28.10621452331543,19.242929458618164,156.45114135742188,1341.1300048828125,26.079999923706055,14.887442588806152,30.581703186035156,93.80000305175781,56.37739181518555
2008-03-27,28.184383392333984,125.12262725830078,27.309741973876953,18.8994197845459,154.6063232421875,1325.760009765625,25.8799991607666,14.655013084411621,30.330921173095703,93.45999908447266,55.981014251708984
2008-03-28,27.76862907409668,122.376708984375,27.214157104492188,18.33106231689453,147.79493713378906,1315.219970703125,25.709999084472656,14.323792457580566,29.97402572631836,91.87999725341797,56.52524948120117
2008-03-31,27.651926040649414,123.07616424560547,27.36709213256836,18.174911499023438,151.9811248779297,1322.699951171875,25.610000610351562,14.451626777648926,30.089767456054688,90.41000366210938,56.726383209228516
2008-04-01,29.80367660522461,131.61167907714844,29.94769287109375,19.667631149291992,169.15171813964844,1370.1800537109375,22.68000030517578,15.468533515930176,31.80188751220703,86.86000061035156,55.803157806396484
2008-04-02,29.395204544067383,131.6190643310547,29.703601837158203,19.06804084777832,170.42881774902344,1367.530029296875,23.43000030517578,15.456913948059082,31.647558212280273,89.2699966430664,55.9219970703125
2008-04-03,29.446271896362305,131.36607360839844,29.729270935058594,19.23043441772461,172.84124755859375,1369.31005859375,23.209999084472656,15.526640892028809,32.370994567871094,89.41999816894531,56.046722412109375
2008-04-04,28.74603271484375,130.52517700195312,29.273183822631836,19.31787872314453,170.85455322265625,1370.4000244140625,22.450000762939453,15.317452430725098,31.859758377075195,90.25,56.557682037353516
2008-04-07,28.811689376831055,133.0032501220703,29.253931045532227,19.23043441772461,174.544189453125,1372.5400390625,22.420000076293945,15.41042709350586,31.565568923950195,91.16999816894531,56.2606201171875
2008-04-08,27.994735717773438,133.12973022460938,28.817087173461914,18.693309783935547,168.58412170410156,1365.5400390625,22.360000610351562,15.236102104187012,31.522165298461914,90.3499984741211,56.064579010009766
2008-04-09,27.666513442993164,129.5875701904297,28.45736312866211,18.393512725830078,167.3069305419922,1354.489990234375,22.809999465942383,14.980413436889648,30.731216430664062,92.29000091552734,56.646766662597656
2008-04-10,27.491451263427734,126.91600799560547,28.17473030090332,17.812673568725586,168.2293243408203,1360.550048828125,21.979999542236328,14.887442588806152,31.030229568481445,91.7699966430664,56.45668411254883
2008-04-11,26.944385528564453,124.49752807617188,27.320356369018555,17.469154357910156,165.7459716796875,1332.8299560546875,23.459999084472656,14.602717399597168,30.649229049682617,91.30000305175781,56.83689498901367
2008-04-14,25.952396392822266,121.73670196533203,26.65871238708496,16.988237380981445,159.71493530273438,1328.3199462890625,23.81999969482422,14.259871482849121,30.47077751159668,91.11000061035156,56.504215240478516
2008-04-15,25.952396392822266,122.19064331054688,27.056978225708008,17.369216918945312,161.7726593017578,1334.4300537109375,22.780000686645508,14.405146598815918,30.77943992614746,91.66000366210938,55.803157806396484
2008-04-16,26.973562240600586,125.79977416992188,28.8813419342041,18.11870765686035,166.31356811523438,1364.7099609375,20.530000686645508,14.794473648071289,32.028564453125,93.2699966430664,55.256614685058594
2008-04-17,27.33098602294922,128.06954956054688,28.984134674072266,18.555896759033203,170.49978637695312,1365.56005859375,20.3700008392334,15.050150871276855,32.14430618286133,92.55999755859375,55.161529541015625
2008-04-18,28.12603187561035,133.89630126953125,29.395244598388672,18.98685073852539,178.1627197265625,1390.3299560546875,20.1299991607666,15.381372451782227,31.961034774780273,90.62000274658203,55.114017486572266
2008-04-21,27.433090209960938,134.2459716796875,29.054777145385742,18.281097412109375,177.5950927734375,1388.1700439453125,20.5,15.143134117126465,31.724716186523438,90.25,55.333831787109375
2008-04-22,26.988147735595703,133.76974487304688,29.324581146240234,18.349796295166016,178.2337188720703,1375.93994140625,20.8700008392334,14.933929443359375,31.647558212280273,90.2699966430664,55.52391815185547
2008-04-23,26.886032104492188,133.46456909179688,29.003398895263672,18.06249237060547,174.75698852539062,1379.9300537109375,20.260000228881836,14.835149765014648,32.04303741455078,89.22000122070312,55.33983612060547
2008-04-24,27.622739791870117,140.48947143554688,30.172527313232422,18.643346786499023,182.77467346191406,1388.8199462890625,20.059999465942383,15.369741439819336,32.679649353027344,87.22000122070312,54.87040710449219
2008-04-25,27.936382293701172,143.1435546875,30.699275970458984,19.105520248413086,188.73475646972656,1397.8399658203125,19.59000015258789,15.660294532775879,32.86292266845703,87.2699966430664,54.549625396728516
2008-04-28,27.848861694335938,141.83140563964844,30.410188674926758,18.94938087463379,190.22474670410156,1396.3699951171875,19.639999389648438,15.70097541809082,32.81951141357422,87.69000244140625,54.71595764160156
2008-04-29,27.615453720092773,143.65054321289062,30.243183135986328,18.662080764770508,186.74801635742188,1390.93994140625,20.239999771118164,15.509209632873535,32.46261215209961,85.80999755859375,54.923885345458984
2008-04-30,27.38203239440918,142.673828125,30.60934066772461,18.58088493347168,179.29795837402344,1385.5899658203125,20.790000915527344,15.462725639343262,32.00926208496094,86.6500015258789,55.316036224365234
2008-05-01,28.731449127197266,148.39964294433594,31.63714599609375,19.474021911621094,186.77166748046875,1409.3399658203125,18.8799991607666,15.991512298583984,32.698936462402344,83.98999786376953,55.31958770751953
2008-05-02,29.023204803466797,149.30923461914062,31.258146286010742,19.449033737182617,189.64620971679688,1413.9000244140625,18.18000030517578,16.10191535949707,32.669986724853516,84.58000183105469,54.62200927734375
2008-05-05,28.42508888244629,146.96070861816406,30.834177017211914,19.455278396606445,185.04696655273438,1407.489990234375,18.899999618530273,15.823001861572266,32.578369140625,86.2699966430664,54.62200927734375
2008-05-06,28.622041702270508,147.3260955810547,30.962636947631836,19.530229568481445,185.90939331054688,1418.260009765625,18.209999084472656,15.991512298583984,32.80502700805664,86.62999725341797,54.22848892211914
2008-05-07,27.717557907104492,141.47354125976562,29.91555404663086,18.861549377441406,175.92037963867188,1392.5699462890625,19.729999542236328,15.416234016418457,31.912803649902344,85.81999969482422,54.461029052734375
2008-05-08,27.228858947753906,139.9526824951172,29.581527709960938,18.533531188964844,174.6268768310547,1397.6800537109375,19.399999618530273,15.102449417114258,31.71990203857422,87.23999786376953,54.94993591308594
2008-05-09,26.732872009277344,140.2285614013672,29.91555404663086,18.50199317932129,169.8120880126953,1388.280029296875,19.40999984741211,15.102449417114258,31.546281814575195,87.41999816894531,55.15264129638672
2008-05-12,27.309091567993164,143.20318603515625,30.34596824645996,18.773244857788086,169.88389587402344,1403.5799560546875,17.790000915527344,15.282588958740234,32.303470611572266,86.98999786376953,55.06914520263672
2008-05-13,26.703689575195312,141.89852905273438,29.215370178222656,18.274892807006836,165.50025939941406,1403.0400390625,17.979999542236328,15.143134117126465,32.433677673339844,85.38999938964844,54.4669303894043
2008-05-14,26.842273712158203,141.7494354248047,29.491588592529297,18.237045288085938,167.0812225341797,1408.6600341796875,17.65999984741211,15.247716903686523,32.63623809814453,85.19999694824219,54.490840911865234
2008-05-15,26.776626586914062,140.62371826171875,30.204639434814453,18.672306060791016,170.53074645996094,1423.5699462890625,16.299999237060547,15.39880084991455,33.03170394897461,87.0,54.9857177734375
2008-05-16,26.38274574279785,139.52029418945312,29.889869689941406,18.26227569580078,166.14706420898438,1425.3499755859375,16.469999313354492,15.334883689880371,32.85808563232422,89.0999984741211,54.7591438293457
2008-05-19,26.331687927246094,137.47752380371094,29.542993545532227,17.96579933166504,165.2127685546875,1426.6300048828125,17.010000228881836,15.189607620239258,32.91114044189453,89.38999938964844,54.83068084716797
2008-05-20,25.81380844116211,136.00872802734375,28.071937561035156,17.694547653198242,158.8888702392578,1413.4000244140625,17.579999923706055,14.835149765014648,32.467445373535156,90.9000015258789,55.116920471191406
2008-05-21,25.25946617126465,133.1533203125,27.24969482421875,17.4737491607666,151.34326171875,1390.7099609375,18.59000015258789,14.457446098327637,31.686126708984375,91.95999908447266,55.128780364990234
2008-05-22,25.3323917388916,132.10963439941406,27.654399871826172,17.606224060058594,156.08627319335938,1394.3499755859375,18.049999237060547,14.538788795471191,31.416057586669922,90.9800033569336,54.47884750366211
2008-05-23,24.748865127563477,128.70989990234375,27.185462951660156,17.46113395690918,151.77439880371094,1375.9300537109375,19.549999237060547,14.323792457580566,31.266551971435547,91.2300033569336,54.717369079589844
2008-05-27,24.92392921447754,129.66427612304688,27.62869644165039,17.385433197021484,155.6550750732422,1385.3499755859375,19.639999389648438,14.399334907531738,31.695789337158203,89.36000061035156,54.347713470458984
2008-05-28,24.705101013183594,130.3426513671875,27.53234100341797,17.328664779663086,155.22389221191406,1390.8399658203125,19.06999969482422,14.31797981262207,31.74882698059082,89.13999938964844,53.864784240722656
2008-05-29,25.237573623657227,131.39389038085938,27.988433837890625,17.650381088256836,158.38584899902344,1398.260009765625,18.139999389648438,14.573659896850586,32.09125900268555,86.51000213623047,53.4771842956543
2008-05-30,24.807214736938477,131.5205841064453,27.622276306152344,17.391738891601562,157.30792236328125,1400.3800048828125,17.829999923706055,14.387707710266113,31.941755294799805,87.44999694824219,53.829010009765625
2008-06-02,24.493579864501953,128.48626708984375,27.076257705688477,17.101560592651367,154.21775817871094,1385.6700439453125,19.829999923706055,14.172709465026855,31.406421661376953,87.95999908447266,54.0366325378418
2008-06-03,24.296632766723633,127.17415618896484,26.90923500061035,16.893402099609375,153.93035888671875,1377.6500244140625,20.239999771118164,14.126221656799316,31.613794326782227,86.87999725341797,54.42559051513672
2008-06-04,23.79091453552246,128.3074188232422,26.742229461669922,16.80508041381836,151.4870147705078,1377.199951171875,20.799999237060547,14.039053916931152,31.777767181396484,86.6500015258789,53.940895080566406
2008-06-05,23.79091453552246,131.6622314453125,27.044132232666016,17.158340454101562,152.49307250976562,1404.050048828125,18.6299991607666,14.31797981262207,32.50603103637695,86.44999694824219,53.61773681640625
2008-06-06,22.682802200317383,126.32420349121094,25.752954483032227,16.035478591918945,144.156982421875,1360.6800537109375,23.559999465942383,13.556755065917969,31.145978927612305,89.05999755859375,54.31188201904297
2008-06-09,22.02091407775879,123.58064270019531,24.095617294311523,15.940852165222168,140.85128784179688,1361.760009765625,23.1200008392334,13.370811462402344,30.528650283813477,87.98999786376953,54.31188201904297
2008-06-10,22.028356552124023,124.66162109375,24.596668243408203,16.344579696655273,145.5942840576172,1358.43994140625,23.18000030517578,13.411486625671387,30.543119430541992,85.55000305175781,53.95878601074219
2008-06-11,21.455703735351562,121.07564544677734,23.851516723632812,16.117475509643555,138.04869079589844,1335.489990234375,24.1200008392334,13.022150993347168,30.080116271972656,87.0199966430664,53.83317565917969
2008-06-12,21.894495010375977,124.31869506835938,24.41681671142578,16.413970947265625,142.935302734375,1339.8699951171875,23.329999923706055,13.376619338989258,30.388792037963867,85.5999984741211,53.29458236694336
2008-06-13,22.147348403930664,132.9222412109375,25.42534065246582,16.451826095581055,147.17526245117188,1360.030029296875,21.219999313354492,13.585810661315918,30.89519691467285,85.83000183105469,53.180908203125
2008-06-16,22.548948287963867,135.75527954101562,25.656597137451172,16.64106559753418,149.69046020507812,1360.1400146484375,20.950000762939453,13.713651657104492,31.305137634277344,87.01000213623047,53.19288635253906
2008-06-17,21.745744705200195,133.77963256835938,25.078453063964844,16.02286148071289,147.03155517578125,1350.9300537109375,21.1299991607666,13.312699317932129,30.417736053466797,87.25,53.30057144165039
2008-06-18,21.09872817993164,136.26222229003906,24.885740280151367,16.041784286499023,146.60037231445312,1337.81005859375,22.239999771118164,13.09188461303711,29.96921157836914,88.27999877929688,53.749412536621094
2008-06-19,20.92768096923828,139.36370849609375,24.827922821044922,16.167949676513672,144.9474639892578,1342.8299560546875,21.579999923706055,13.231348991394043,30.663694381713867,88.41999816894531,53.43223190307617
2008-06-20,20.154239654541016,137.00772094726562,24.32045555114746,15.455119132995605,138.6953887939453,1317.9300537109375,22.8700008392334,13.002717018127441,29.97402572631836,88.94999694824219,53.74339294433594
2008-06-23,19.246919631958008,133.1459197998047,23.684492111206055,15.303728103637695,133.30569458007812,1318.0,22.639999389648438,12.592354774475098,29.231321334838867,87.08999633789062,53.85709762573242
2008-06-24,19.797256469726562,135.6732940673828,24.23051643371582,15.896698951721191,135.46156311035156,1314.2900390625,22.420000076293945,12.738906860351562,29.24987030029297,87.47000122070312,54.21613311767578
2008-06-25,19.789817810058594,136.9182891845703,24.352571487426758,16.02286148071289,135.46156311035156,1321.969970703125,21.139999389648438,12.709600448608398,29.72882080078125,87.41999816894531,54.2401008605957
2008-06-26,18.451154708862305,131.4087677001953,23.33118438720703,15.18387222290039,126.98170471191406,1283.1500244140625,23.93000030517578,12.252335548400879,28.73672866821289,90.61000061035156,54.60513687133789
2008-06-27,18.287555694580078,130.141357421875,22.515369415283203,15.158638954162598,123.96348571777344,1278.3800048828125,23.440000534057617,12.058877944946289,28.511917114257812,91.47000122070312,55.24542999267578
2008-06-30,17.75208854675293,130.3948974609375,22.04001235961914,14.982009887695312,120.4422378540039,1280.0,23.950000762939453,11.877143859863281,28.551008224487305,91.4000015258789,55.257354736328125
2008-07-01,17.707468032836914,130.71542358398438,22.098472595214844,15.215411186218262,123.10118103027344,1284.9100341796875,23.649999618530273,11.912318229675293,28.526569366455078,92.66000366210938,55.1264533996582
2008-07-02,16.76296615600586,133.2950439453125,22.475231170654297,14.881072044372559,121.0171127319336,1261.52001953125,25.920000076293945,11.730581283569336,28.17469596862793,93.16999816894531,55.41472244262695
2008-07-03,16.65884780883789,133.3695526123047,22.936412811279297,15.089247703552246,120.87336730957031,1262.9000244140625,24.780000686645508,11.689547538757324,27.8863525390625,92.05999755859375,55.294654846191406
2008-07-07,16.01183319091797,126.6075210571289,22.1114559173584,14.836920738220215,117.85516357421875,1252.31005859375,25.780000686645508,11.302629470825195,27.26078224182129,91.2300033569336,55.546897888183594
2008-07-08,17.506669998168945,130.3948974609375,23.23521614074707,15.562358856201172,124.96956634521484,1273.699951171875,23.149999618530273,12.035429000854492,29.29385757446289,90.86000061035156,55.90721130371094
2008-07-09,16.40598487854004,126.0111083984375,22.267358779907227,14.956771850585938,118.14266204833984,1244.68994140625,25.229999542236328,11.349529266357422,27.295000076293945,91.5,56.15343475341797
2008-07-10,16.629108428955078,126.8609848022461,22.416757583618164,14.893694877624512,116.99283599853516,1253.3900146484375,25.59000015258789,11.267457962036133,27.822818756103516,93.52999877929688,56.147430419921875
2008-07-11,16.11595344543457,121.13526153564453,21.539838790893555,14.508890151977539,116.3460464477539,1239.489990234375,27.489999771118164,10.950888633728027,27.685970306396484,95.16000366210938,55.348690032958984
2008-07-14,14.985527992248535,118.29473114013672,20.5849666595459,13.606816291809082,109.37533569335938,1228.300048828125,28.479999542236328,10.388104438781738,26.723194122314453,95.91000366210938,55.83515167236328
2008-07-15,13.773297309875488,117.64614868164062,20.14975357055664,12.938146591186523,104.63241577148438,1214.9100341796875,28.540000915527344,10.065671920776367,26.464168548583984,96.16999816894531,55.81711196899414
2008-07-16,16.859655380249023,128.8739471435547,23.345638275146484,17.177263259887695,118.35821533203125,1245.3599853515625,25.100000381469727,11.3847017288208,28.394617080688477,94.44000244140625,54.808189392089844
2008-07-17,19.70801544189453,135.12156677246094,26.5025634765625,17.555753707885742,129.1376495361328,1260.3199462890625,25.010000228881836,11.877143859863281,28.73672866821289,94.22000122070312,54.525882720947266
2008-07-18,20.444271087646484,136.314453125,25.995901107788086,17.574684143066406,139.05470275878906,1260.6800537109375,24.049999237060547,12.117500305175781,28.785594940185547,94.16999816894531,54.32168197631836
2008-07-21,21.240034103393555,134.77859497070312,25.10598373413086,17.372814178466797,141.49806213378906,1260.0,23.049999237060547,12.16440200805664,29.000625610351562,95.12000274658203,54.531864166259766
2008-07-22,24.058652877807617,140.19129943847656,26.54155158996582,19.195898056030273,150.1216278076172,1277.0,21.18000030517578,13.1844482421875,29.777698516845703,93.05999755859375,54.261653900146484
2008-07-23,24.869287490844727,140.0644989013672,27.256074905395508,19.20851707458496,151.77439880371094,1282.18994140625,21.309999465942383,13.1668701171875,30.618305206298828,90.56999969482422,54.15348815917969
2008-07-24,22.786928176879883,134.39093017578125,25.42427635192871,18.388444900512695,136.97067260742188,1252.5400390625,23.440000534057617,12.281648635864258,28.590105056762695,91.33000183105469,54.68205261230469
2008-07-25,21.99860954284668,133.45718383789062,25.671119689941406,18.350584030151367,135.46156311035156,1257.760009765625,22.90999984741211,12.234749794006348,29.059268951416016,91.69000244140625,54.135528564453125
2008-07-28,20.868192672729492,129.15452575683594,24.462913513183594,17.618839263916016,125.2570571899414,1234.3699951171875,24.229999542236328,11.660235404968262,28.58521270751953,91.7300033569336,54.68205261230469
2008-07-29,23.961971282958984,135.67578125,26.4700870513916,19.214820861816406,132.58714294433594,1263.199951171875,22.030000686645508,12.604073524475098,29.914533615112305,90.58999633789062,54.4598274230957
2008-07-30,24.995716094970703,139.0670928955078,27.00273323059082,19.681617736816406,135.17410278320312,1284.260009765625,21.209999084472656,12.79753303527832,29.811899185180664,89.5199966430664,54.513893127441406
2008-07-31,24.467689514160156,137.4759979248047,26.392141342163086,19.094955444335938,136.63629150390625,1267.3800048828125,22.940000534057617,12.680288314819336,29.440471649169922,90.08000183105469,55.05437088012695
2008-08-01,24.787487030029297,135.95217895507812,26.476594924926758,19.24005699157715,137.95217895507812,1260.31005859375,22.56999969482422,12.680288314819336,29.464914321899414,89.56999969482422,55.17610549926758
2008-08-04,24.259445190429688,132.85958862304688,26.073863983154297,19.038192749023438,137.65975952148438,1249.010009765625,23.489999771118164,12.57476806640625,29.03484344482422,88.13999938964844,55.04956817626953
2008-08-05,24.973405838012695,135.03338623046875,27.210607528686523,19.89610481262207,145.6283721923828,1284.8800048828125,21.139999389648438,13.213762283325195,30.339712142944336,86.08000183105469,54.63972091674805
2008-08-06,24.876708984375,134.12203979492188,26.88582992553711,19.32855224609375,144.02003479003906,1289.18994140625,20.229999542236328,13.078925132751465,30.1931095123291,86.63999938964844,54.41666793823242
2008-08-07,23.44137954711914,128.7288055419922,25.859493255615234,18.49955177307129,135.02793884277344,1266.0699462890625,21.149999618530273,12.434066772460938,29.396501541137695,86.08999633789062,55.30275344848633
2008-08-08,23.984283447265625,131.4329376220703,26.677947998046875,19.239280700683594,141.75375366210938,1296.3199462890625,20.65999984741211,12.862015724182129,30.251745223999023,84.43000030517578,55.45341491699219
2008-08-11,24.824657440185547,132.9641571044922,27.210607528686523,20.15756607055664,144.89732360839844,1305.3199462890625,20.1200008392334,13.078925132751465,31.229204177856445,81.12999725341797,54.923011779785156
2008-08-12,23.151338577270508,124.97140502929688,24.631790161132812,19.373197555541992,135.5396728515625,1289.5899658203125,21.170000076293945,12.41648006439209,30.530330657958984,80.5199966430664,55.435340881347656
2008-08-13,21.46314239501953,123.1785888671875,23.975738525390625,18.6781063079834,130.20291137695312,1285.8299560546875,21.549999237060547,12.058877944946289,30.085590362548828,81.55999755859375,55.24244689941406
2008-08-14,22.444820404052734,124.44107055664062,24.560344696044922,19.239280700683594,132.1767578125,1292.9300537109375,20.34000015258789,12.434066772460938,30.569414138793945,79.3499984741211,55.598079681396484
2008-08-15,22.831554412841797,121.89378356933594,24.729230880737305,18.977827072143555,135.61273193359375,1298.199951171875,19.579999923706055,12.522003173828125,30.525434494018555,77.62999725341797,56.080299377441406
2008-08-18,21.790367126464844,119.5482406616211,23.865306854248047,18.365636825561523,128.81385803222656,1278.5999755859375,20.979999542236328,12.041291236877441,30.105119705200195,78.80000305175781,56.30331039428711
2008-08-19,20.8830623626709,118.02440643310547,23.11178970336914,17.7215633392334,125.67025756835938,1266.68994140625,21.280000686645508,11.689547538757324,29.362276077270508,80.43000030517578,56.086326599121094
2008-08-20,21.782936096191406,118.21110534667969,24.0341854095459,18.442163467407227,127.86347961425781,1274.5400390625,20.420000076293945,11.929903030395508,29.406269073486328,80.05999755859375,56.243038177490234
2008-08-21,21.597003936767578,116.84416198730469,23.553510665893555,18.136062622070312,127.71723937988281,1277.719970703125,19.81999969482422,11.712997436523438,28.883329391479492,82.30000305175781,56.14057159423828
2008-08-22,22.467134475708008,119.37647247314453,24.46940040588379,18.722745895385742,132.6153564453125,1292.199951171875,18.809999465942383,12.158536911010742,29.865659713745117,81.08000183105469,56.1043586730957
2008-08-25,21.537513732910156,116.3138427734375,23.469066619873047,18.282732009887695,128.74072265625,1266.8399658203125,20.969999313354492,11.730581283569336,28.961536407470703,80.93000030517578,56.665008544921875
2008-08-26,21.582138061523438,116.46318054199219,23.78087043762207,18.29549217224121,130.4221649169922,1271.510009765625,20.489999771118164,11.824384689331055,29.30364418029785,81.2300033569336,56.71319580078125
2008-08-27,22.050661087036133,116.1419906616211,24.125141143798828,18.435787200927734,132.4691925048828,1281.6600341796875,19.760000228881836,12.05301570892334,29.59687042236328,81.36000061035156,56.809593200683594
2008-08-28,23.374446868896484,120.88538360595703,25.25539779663086,19.405080795288086,139.48745727539062,1300.6800537109375,19.43000030517578,12.539591789245605,30.349496841430664,82.18000030517578,56.81562042236328
2008-08-29,23.158775329589844,122.48393249511719,25.00205421447754,19.303050994873047,138.82937622070312,1282.8299560546875,20.649999618530273,12.55717658996582,30.139354705810547,81.70999908447266,56.56249237060547
2008-09-02,24.266883850097656,123.49241638183594,25.32682991027832,19.902477264404297,139.706787109375,1277.5799560546875,21.989999771118164,12.733051300048828,30.334829330444336,79.19999694824219,57.088768005371094
2008-09-03,25.00270652770996,125.20296478271484,25.794538497924805,19.77494239807129,143.36207580566406,1274.97998046875,21.43000030517578,12.932373046875,30.813772201538086,78.88999938964844,57.33076858520508
2008-09-04,23.212467193603516,120.19071960449219,24.625307083129883,18.92043113708496,133.78509521484375,1236.8299560546875,24.030000686645508,12.299238204956055,29.9487361907959,78.38999938964844,57.79051971435547
2008-09-05,24.44894790649414,121.93862915039062,25.723079681396484,19.896100997924805,139.4142608642578,1242.31005859375,23.059999465942383,12.744776725769043,29.953632354736328,78.9800033569336,57.76026153564453
2008-09-08,26.345386505126953,126.78662872314453,26.98973846435547,21.401071548461914,148.55264282226562,1267.7900390625,22.639999389648438,13.295832633972168,31.248743057250977,78.86000061035156,58.002281188964844
2008-09-09,24.668935775756836,120.7658920288086,25.638647079467773,19.87697982788086,138.02529907226562,1224.510009765625,25.469999313354492,12.445793151855469,30.08070182800293,76.48999786376953,58.576942443847656
2008-09-10,24.577903747558594,117.71820068359375,25.59317398071289,20.214962005615234,136.56314086914062,1232.0400390625,24.520000457763672,12.29337215423584,30.134464263916016,74.22000122070312,58.21401596069336
2008-09-11,25.078567504882812,117.2998046875,27.054697036743164,21.58599853515625,136.05140686035156,1249.050048828125,24.389999389648438,12.57476806640625,30.593860626220703,73.08000183105469,58.183738708496094
2008-09-12,25.594385147094727,115.19332885742188,26.742908477783203,21.8665771484375,131.2994842529297,1251.699951171875,25.65999984741211,12.39889144897461,30.496110916137695,75.55000305175781,57.43367004394531
2008-09-15,20.14021873474121,101.21711730957031,24.0341854095459,19.768564224243164,111.4144515991211,1192.699951171875,31.700000762939453,11.19124698638916,28.73672866821289,77.55999755859375,59.29682540893555
2008-09-16,22.41595458984375,99.35710144042969,26.463607788085938,22.27471160888672,115.14288330078125,1213.5999755859375,30.299999237060547,12.02956485748291,30.154008865356445,76.79000091552734,59.284725189208984
2008-09-17,20.6332950592041,85.53032684326172,23.23521614074707,21.318159103393555,102.56857299804688,1156.3900146484375,36.220001220703125,10.874678611755371,28.419052124023438,85.45999908447266,59.5811882019043
2008-09-18,23.197290420532227,80.67491149902344,26.177791595458984,23.59473991394043,121.72250366210938,1206.510009765625,33.099998474121094,11.730581283569336,30.833316802978516,82.80000305175781,58.71009063720703
2008-09-19,28.431480407714844,96.95931243896484,30.562397003173828,25.380285263061523,150.96517944335938,1255.0799560546875,32.06999969482422,13.245738983154297,31.75212860107422,85.9800033569336,56.84680938720703
2008-09-22,25.90541648864746,90.22142791748047,26.5025634765625,22.43413543701172,146.2863311767578,1207.0899658203125,33.849998474121094,12.162641525268555,29.08371353149414,89.18000030517578,56.84076690673828
2008-09-23,25.260616302490234,93.41107940673828,26.3466796875,21.79006004333496,146.14013671875,1188.219970703125,35.720001220703125,12.127124786376953,29.279203414916992,88.31999969482422,56.622928619384766
2008-09-24,25.08615493774414,99.34967041015625,26.307697296142578,21.85382843017578,138.61007690429688,1185.8699951171875,35.189998626708984,11.991003036499023,29.077194213867188,86.70999908447266,56.871063232421875
2008-09-25,26.07229232788086,101.21711730957031,28.230440139770508,21.7581729888916,141.90000915527344,1209.1800537109375,32.81999969482422,12.322443008422852,29.438615798950195,86.44999694824219,56.75603103637695
2008-09-26,27.839780807495117,103.0771484375,31.33539581298828,23.792430877685547,147.30979919433594,1213.27001953125,34.7400016784668,12.659801483154297,30.349594116210938,86.63999938964844,57.167476654052734
2008-09-29,22.946962356567383,90.16165924072266,26.63247299194336,21.203388214111328,129.76422119140625,1106.4200439453125,46.720001220703125,10.990767478942871,28.08204460144043,89.56999969482422,58.83100891113281
2008-09-30,26.550203323364258,95.6147232055664,30.33505630493164,23.93271255493164,149.9416961669922,1166.3599853515625,39.38999938964844,11.772010803222656,30.102054595947266,85.06999969482422,57.3973274230957
2008-10-01,28.924558639526367,100.47015380859375,32.23829650878906,23.40343475341797,168.1451873779297,1161.06005859375,39.810001373291016,12.233662605285645,29.37425422668457,85.97000122070312,58.119380950927734
2008-10-02,27.58945083618164,98.25906372070312,32.631038665771484,22.4213809967041,164.48985290527344,1114.280029296875,45.2599983215332,11.624046325683594,27.478031158447266,82.33000183105469,58.58665466308594
2008-10-03,26.15574073791504,95.6147232055664,30.045446395874023,22.03876495361328,134.1505889892578,1099.22998046875,45.13999938964844,11.115055084228516,26.289793014526367,82.58999633789062,59.10242462158203
2008-10-06,24.441368103027344,92.62676239013672,28.80171775817871,21.452083587646484,127.27863311767578,1056.8900146484375,52.04999923706055,10.535037994384766,25.502573013305664,84.27999877929688,60.176429748535156
2008-10-07,18.031381607055664,85.9038314819336,25.7382755279541,19.513492584228516,110.75653839111328,996.22998046875,53.68000030517578,9.422348976135254,23.314233779907227,87.2699966430664,59.99443054199219
2008-10-08,16.764554977416992,84.40985870361328,25.72516632080078,20.34248924255371,105.27352905273438,984.9400024414062,57.529998779296875,9.043560028076172,22.992427825927734,89.41999816894531,59.132816314697266
2008-10-09,14.890871047973633,75.70740509033203,24.010168075561523,17.377212524414062,94.52684783935547,909.9199829101562,63.91999816894531,8.102510452270508,21.17045783996582,89.9000015258789,58.63516616821289
2008-10-10,15.831513404846191,66.33267211914062,27.256900787353516,18.053163528442383,103.1534194946289,899.219970703125,69.94999694824219,8.93702507019043,23.19542694091797,83.22000122070312,58.22257995605469
2008-10-13,17.287979125976562,82.91587829589844,27.48602867126465,19.385944366455078,115.14288330078125,1003.3499755859375,54.9900016784668,9.635415077209473,24.670806884765625,81.98999786376953,57.47618103027344
2008-10-14,20.125049591064453,91.80504608154297,26.64815902709961,21.37555694580078,136.12457275390625,998.010009765625,55.130001068115234,10.256861686706543,22.992427825927734,82.19999694824219,57.1060791015625
2008-10-15,18.06930160522461,84.52190399169922,25.194974899291992,21.267152786254883,118.65203094482422,907.8400268554688,69.25,9.144174575805664,20.041627883911133,83.30999755859375,57.65214157104492
2008-10-16,18.395503997802734,83.96167755126953,26.504138946533203,21.617881774902344,116.23948669433594,946.4299926757812,67.61000061035156,9.351322174072266,21.205127716064453,79.29000091552734,57.35483169555664
2008-10-17,17.629335403442383,85.38092803955078,25.744813919067383,20.44452476501465,108.78263854980469,940.5499877929688,70.33000183105469,9.084991455078125,20.97736358642578,77.20999908447266,56.96041488647461
2008-10-20,18.509286880493164,90.75923919677734,26.615419387817383,20.552932739257812,110.31790161132812,985.4000244140625,52.970001220703125,9.534797668457031,21.1308536529541,78.5,57.41547775268555
2008-10-21,18.183103561401367,90.64720916748047,26.013202667236328,20.81438446044922,103.66521453857422,955.0499877929688,53.11000061035156,9.244790077209473,20.408008575439453,76.02999877929688,57.71894073486328
2008-10-22,17.189353942871094,85.94864654541016,24.33091163635254,19.95987319946289,97.37799835205078,896.780029296875,69.6500015258789,8.664772033691406,18.967275619506836,71.70999908447266,58.89008712768555
2008-10-23,17.44727897644043,81.35564422607422,24.776033401489258,19.979005813598633,95.84276580810547,908.1099853515625,67.80000305175781,8.575992584228516,18.472169876098633,70.6500015258789,59.32692337036133
2008-10-24,15.9832181930542,75.22660827636719,23.19194221496582,19.71117401123047,88.75142669677734,876.77001953125,79.12999725341797,8.019645690917969,17.422550201416016,72.20999908447266,58.695858001708984
2008-10-27,15.573592185974121,69.59212493896484,22.255876541137695,19.66015625,85.75406646728516,848.9199829101562,80.05999755859375,7.800662040710449,16.432353973388672,72.18000030517578,58.73832702636719
2008-10-28,17.462451934814453,70.10910034179688,24.61239242553711,21.974990844726562,98.03596496582031,940.510009765625,66.95999908447266,9.025800704956055,19.001922607421875,73.79000091552734,57.88277816772461
2008-10-29,16.931447982788086,73.17362976074219,23.37521743774414,20.47641372680664,94.38066101074219,930.0900268554688,69.95999908447266,8.469460487365723,18.328584671020508,74.0,57.59147644042969
2008-10-30,17.28038787841797,68.26590728759766,24.6254825592041,20.304224014282227,97.04547882080078,954.0900268554688,62.900001525878906,8.765387535095215,19.308879852294922,72.70999908447266,57.06966781616211
2008-10-31,18.334808349609375,69.307373046875,27.001605987548828,21.71354103088379,101.0428237915039,968.75,59.88999938964844,9.19151782989502,20.55158805847168,71.33999633789062,56.3293342590332
2008-11-03,17.909997940063477,66.75238037109375,26.661226272583008,21.554115295410156,103.55964660644531,966.2999877929688,53.68000030517578,9.244790077209473,19.87824821472168,71.0999984741211,56.481651306152344
2008-11-04,18.60790252685547,71.1805419921875,27.603843688964844,22.38950538635254,108.66730499267578,1005.75,47.72999954223633,9.765626907348633,20.992231369018555,75.4800033569336,57.541717529296875
2008-11-05,16.499052047729492,65.50860595703125,25.672809600830078,20.39974594116211,93.49235534667969,952.77001953125,54.560001373291016,8.87192440032959,18.927658081054688,72.80000305175781,58.224056243896484
2008-11-06,15.262579917907715,60.480987548828125,25.04441261291504,18.52590560913086,85.27567291259766,904.8800048828125,63.68000030517578,8.262310981750488,18.04142951965332,72.22000122070312,57.80366897583008
2008-11-07,15.543251037597656,58.27814865112305,24.710573196411133,18.995983123779297,87.49642181396484,930.989990234375,56.099998474121094,8.416187286376953,19.18510627746582,72.5,57.425941467285156
2008-11-10,14.777080535888672,53.355438232421875,23.833436965942383,18.429319381713867,82.9809341430664,919.2100219726562,59.97999954223633,8.167611122131348,17.467121124267578,73.58000183105469,57.7061767578125
2008-11-11,14.177803993225098,55.95541000366211,23.794160842895508,18.564546585083008,79.94593811035156,898.9500122070312,61.439998626708984,7.883518218994141,17.224519729614258,72.05000305175781,57.87677764892578
2008-11-12,12.895817756652832,50.043678283691406,22.628995895385742,17.579330444335938,71.3591537475586,852.2999877929688,66.45999908447266,7.398200511932373,15.991719245910645,70.0,58.248409271240234
2008-11-13,12.971672058105469,52.44133758544922,24.34400749206543,18.731964111328125,69.95269012451172,911.2899780273438,59.83000183105469,7.936788082122803,17.74932098388672,72.1500015258789,56.85325622558594
2008-11-14,12.455839157104492,49.99873352050781,22.56353759765625,18.500152587890625,70.47089385986328,873.2899780273438,66.30999755859375,7.534327030181885,15.74911117553711,73.30000305175781,57.980342864990234
2008-11-17,11.401419639587402,46.82183837890625,21.450746536254883,17.92061424255371,65.80735778808594,850.75,69.1500015258789,7.054921627044678,15.179753303527832,72.6500015258789,58.23621368408203
2008-11-18,11.522789001464844,46.47716522216797,21.038354873657227,17.514934539794922,61.884098052978516,859.1199951171875,67.63999938964844,6.954307556152344,15.036175727844238,72.51000213623047,58.985565185546875
2008-11-19,9.90701675415039,41.34466552734375,18.636030197143555,15.711929321289062,47.3753776550293,806.5800170898438,74.26000213623047,6.226324558258057,13.016167640686035,72.26000213623047,60.496482849121094
2008-11-20,8.533988952636719,38.961997985839844,15.304190635681152,14.507779121398926,34.86530685424805,752.4400024414062,80.86000061035156,5.557527542114258,11.986359596252441,73.44999694824219,63.621829986572266
2008-11-21,8.700882911682129,39.943519592285156,14.872166633605957,14.011951446533203,27.90705680847168,800.030029296875,72.66999816894531,5.729164123535156,12.867639541625977,78.8499984741211,62.70185852050781
2008-11-24,11.067641258239746,50.51572799682617,18.05344581604004,16.755098342895508,44.04429244995117,851.8099975585938,64.69999694824219,6.59919548034668,15.055976867675781,80.91000366210938,61.72100830078125
2008-11-25,11.226944923400879,53.78254699707031,19.486988067626953,17.35395050048828,45.00660705566406,857.3900146484375,60.900001525878906,6.983898639678955,15.293628692626953,80.87000274658203,63.53654861450195
2008-11-26,11.704849243164062,57.3191032409668,20.043384552001953,18.448633193969727,52.18693161010742,887.6799926757812,54.91999816894531,7.309420108795166,16.120447158813477,80.37999725341797,63.621829986572266
2008-11-28,12.32687759399414,59.184776306152344,20.724149703979492,18.603178024291992,61.36593246459961,896.239990234375,55.279998779296875,7.492897033691406,15.88279914855957,80.30999755859375,64.40774536132812
2008-12-01,9.74771785736084,49.271934509277344,17.09775733947754,15.074438095092773,47.7454948425293,816.2100219726562,68.51000213623047,6.244077682495117,12.783470153808594,75.6500015258789,66.87422943115234
2008-12-02,10.900752067565918,48.702484130859375,18.675302505493164,16.67138671875,53.44534683227539,848.8099975585938,62.97999954223633,6.753076553344727,14.481661796569824,76.94999694824219,67.13098907470703
2008-12-03,11.676609992980957,51.66209411621094,19.80118179321289,18.09446907043457,57.88681411743164,870.739990234375,60.720001220703125,7.102272033691406,15.293628692626953,76.18000030517578,67.32049560546875
2008-12-04,11.125752449035645,50.59815979003906,20.34449005126953,17.740306854248047,54.77778625488281,845.219970703125,63.63999938964844,7.02532958984375,14.87278938293457,75.5,68.64698028564453
2008-12-05,11.824020385742188,52.98830032348633,21.830398559570312,19.279308319091797,57.07254409790039,876.0700073242188,59.93000030517578,7.581675052642822,16.44721031188965,74.5199966430664,67.5344467163086
2008-12-08,13.841242790222168,57.80610656738281,23.885799407958984,21.03080177307129,62.698368072509766,909.7000122070312,58.4900016784668,8.090672492980957,17.982017517089844,76.19999694824219,67.38768768310547
2008-12-09,13.150731086730957,54.5243034362793,22.229703903198242,19.639911651611328,63.21651840209961,888.6699829101562,58.90999984741211,7.7651472091674805,16.42244529724121,76.33000183105469,68.72034454345703
2008-12-10,12.94901180267334,53.59519577026367,21.94167709350586,18.79636001586914,61.43992614746094,899.239990234375,55.72999954223633,7.629018783569336,17.8334903717041,79.75,68.55523681640625
2008-12-11,11.567989349365234,52.2315559387207,19.59827423095703,16.67782211303711,56.03619384765625,873.5900268554688,55.779998779296875,7.043081760406494,15.288670539855957,80.6500015258789,68.68975067138672
2008-12-12,11.583512306213379,50.7554817199707,20.252845764160156,17.20584487915039,56.99852752685547,879.72998046875,54.279998779296875,7.179211616516113,16.887845993041992,80.80999755859375,68.68975067138672
2008-12-15,10.94730281829834,49.79640579223633,18.740758895874023,16.787290573120117,54.77778625488281,868.5700073242188,56.7599983215332,6.883285999298096,16.298673629760742,82.5999984741211,69.47215270996094
2008-12-16,11.715399742126465,56.94447326660156,21.175817489624023,19.176280975341797,60.921783447265625,913.1799926757812,52.369998931884766,7.652697563171387,18.29392433166504,84.45999908447266,71.18991088867188
2008-12-17,11.342995643615723,59.02742385864258,20.855070114135742,19.305065155029297,57.96083068847656,904.4199829101562,49.84000015258789,7.581675052642822,18.630596160888672,85.43000030517578,73.12149047851562
2008-12-18,10.83092975616455,59.97899627685547,19.775009155273438,19.092571258544922,54.99985885620117,885.280029296875,47.34000015258789,7.362689018249512,17.0809383392334,83.87000274658203,74.65580749511719
2008-12-19,10.706792831420898,60.48848342895508,19.847009658813477,18.90583038330078,51.96485137939453,887.8800048828125,44.93000030517578,7.346468448638916,18.279077529907227,82.62999725341797,74.7353515625
2008-12-22,10.497310638427734,57.69371795654297,19.51972007751465,17.656597137451172,49.966224670410156,871.6300048828125,44.560001373291016,7.088170051574707,17.59088897705078,83.45999908447266,74.16075897216797
2008-12-23,9.892144203186035,56.345035552978516,19.054962158203125,17.37971305847168,48.26366424560547,863.1599731445312,45.02000045776367,6.919976711273193,17.49186134338379,82.62999725341797,74.06298065185547
2008-12-24,10.497310638427734,57.27413558959961,19.539356231689453,17.695241928100586,50.18828582763672,868.1500244140625,44.209999084472656,7.0701518058776855,17.697834014892578,83.45999908447266,73.90396118164062
2008-12-26,10.365412712097168,56.92198181152344,19.50662612915039,17.71455192565918,49.81818389892578,872.7999877929688,43.380001068115234,7.076157093048096,17.95211410522461,85.5999984741211,74.14847564697266
2008-12-29,10.039559364318848,57.364051818847656,19.493534088134766,17.92061424255371,48.6337890625,869.4199829101562,43.900001525878906,7.01608943939209,16.91973114013672,86.3499984741211,74.0595474243164
2008-12-30,10.272310256958008,61.48501205444336,20.298675537109375,18.545223236083984,50.33634948730469,890.6400146484375,41.630001068115234,7.286397457122803,17.59612464904785,85.9000015258789,74.7648696899414
2008-12-31,10.924032211303711,63.23080825805664,20.63905906677246,18.98309326171875,49.67012405395508,903.25,40.0,7.520667552947998,18.536962509155273,86.5199966430664,73.20088958740234
2009-01-02,11.117993354797363,65.0065689086914,20.771570205688477,19.31793975830078,52.8531608581543,931.7999877929688,39.189998626708984,7.604769706726074,17.947032928466797,86.2300033569336,71.36089324951172
2009-01-05,10.846444129943848,66.52009582519531,19.380168914794922,18.068716049194336,52.409019470214844,927.4500122070312,39.08000183105469,7.478622913360596,17.61646842956543,84.4800033569336,69.52091979980469
2009-01-06,11.079202651977539,66.46765899658203,19.797590255737305,17.733867645263672,55.22193908691406,934.7000122070312,38.560001373291016,7.598762512207031,18.496278762817383,85.12999725341797,68.82178497314453
2009-01-07,10.63696575164795,63.313232421875,18.61159896850586,16.65850830078125,52.927188873291016,906.6500244140625,43.38999938964844,7.202304363250732,17.875831604003906,82.75,69.09159088134766
2009-01-08,10.505067825317383,63.995086669921875,18.03515625,16.56191635131836,53.00120162963867,909.72998046875,42.560001373291016,7.172269821166992,17.743606567382812,84.45999908447266,69.0363540649414
2009-01-09,10.078347206115723,62.87864685058594,17.206945419311523,16.18844223022461,49.966224670410156,890.3499755859375,42.81999969482422,6.944007873535156,16.833282470703125,83.91999816894531,69.14070892333984
2009-01-12,8.868017196655273,58.19572067260742,16.504619598388672,15.325572967529297,41.45346450805664,870.260009765625,45.84000015258789,6.577582359313965,15.846683502197266,80.76000213623047,69.85824584960938
2009-01-13,8.262848854064941,58.38308334350586,17.458715438842773,15.699049949645996,43.67417907714844,871.7899780273438,43.27000045776367,6.667685031890869,16.324724197387695,80.87999725341797,69.93185424804688
2009-01-14,7.9137163162231445,56.71217727661133,17.16718864440918,14.855493545532227,33.53288269042969,842.6199951171875,49.13999938964844,6.283244609832764,15.470348358154297,79.79000091552734,71.08489990234375
2009-01-15,6.455108642578125,55.31853103637695,16.126956939697266,12.981657981872559,28.3512020111084,843.739990234375,51.0,5.9949116706848145,15.978910446166992,80.38999938964844,71.20144653320312
2009-01-16,5.570634365081787,54.734107971191406,15.119850158691406,12.028647422790527,25.90840721130371,850.1199951171875,46.11000061035156,5.814704895019531,16.58409881591797,82.70999908447266,70.10360717773438
2009-01-20,3.9568581581115723,44.356727600097656,11.985891342163086,9.16314697265625,20.72673225402832,805.219970703125,56.650001525878906,4.853594779968262,14.727856636047363,84.5199966430664,70.09136962890625
2009-01-21,5.182706356048584,52.373897552490234,14.993961334228516,10.721458435058594,27.166826248168945,840.239990234375,46.41999816894531,5.568419933319092,16.268779754638672,84.1500015258789,67.87718200683594
2009-01-22,4.430129051208496,53.220584869384766,15.305366516113281,10.167675018310547,23.02147674560547,827.5,47.290000915527344,5.2260236740112305,15.378807067871094,84.58000183105469,66.57080078125
2009-01-23,4.84133243560791,56.127750396728516,16.087194442749023,10.21919059753418,25.686349868774414,831.9500122070312,47.27000045776367,5.40022611618042,15.846683502197266,88.52999877929688,66.04950714111328
2009-01-26,4.655127048492432,55.595787048339844,16.232967376708984,9.968058586120605,24.65000343322754,836.5700073242188,45.689998626708984,5.304113864898682,15.755142211914062,88.94999694824219,65.47293853759766
2009-01-27,5.043055057525635,58.63779830932617,16.604005813598633,10.425249099731445,26.278528213500977,845.7100219726562,42.25,5.490328788757324,15.978910446166992,88.37999725341797,67.01240539550781
2009-01-28,5.7335638999938965,65.71089172363281,18.32668685913086,13.644904136657715,31.164113998413086,874.0900268554688,39.65999984741211,6.193140029907227,17.362186431884766,87.41999816894531,65.33800506591797
2009-01-29,5.260291576385498,61.97954177856445,16.849151611328125,12.093031883239746,28.938100814819336,845.1400146484375,42.630001068115234,5.706579685211182,15.9433012008667,89.5,63.835384368896484
2009-01-30,5.1051225662231445,60.48848342895508,16.902158737182617,12.170306205749512,26.341102600097656,825.8800048828125,44.84000015258789,5.550400733947754,15.287263870239258,91.30999755859375,63.632957458496094
2009-02-02,4.655127048492432,62.61642074584961,16.696765899658203,12.38279914855957,27.083101272583008,825.4400024414062,45.52000045776367,5.550400733947754,15.65852165222168,88.83999633789062,64.81688690185547
2009-02-03,4.112028121948242,62.0469856262207,15.934812545776367,11.932047843933105,25.67329216003418,838.510009765625,43.060001373291016,5.448281288146973,15.500860214233398,88.47000122070312,63.27313995361328
2009-02-04,3.646514654159546,65.91321563720703,15.928180694580078,11.44663143157959,25.895902633666992,832.22998046875,43.849998474121094,5.388211727142334,15.124526977539062,89.18000030517578,63.05177688598633
2009-02-05,3.7551355361938477,69.56964874267578,16.259471893310547,10.672592163085938,26.192699432373047,845.8499755859375,43.72999954223633,5.472308158874512,14.804139137268066,90.12000274658203,63.10710525512695
2009-02-06,4.755985736846924,72.3569107055664,18.306804656982422,12.555214881896973,29.01231575012207,868.5999755859375,43.369998931884766,5.880779266357422,15.83143138885498,89.58999633789062,62.91031265258789
2009-02-09,5.345635414123535,73.34593963623047,18.074914932250977,12.5027437210083,29.30910873413086,869.8900146484375,43.63999938964844,5.946855545043945,16.06535530090332,88.31999969482422,63.11325454711914
2009-02-10,4.313751220703125,67.73392486572266,16.312475204467773,10.725068092346191,24.85709571838379,827.1599731445312,46.66999816894531,5.340156555175781,14.636308670043945,90.20999908447266,64.48473358154297
2009-02-11,4.709437370300293,70.9632568359375,17.286462783813477,11.4794282913208,27.379901885986328,833.739990234375,44.529998779296875,5.598453044891357,14.916016578674316,92.29000091552734,65.32115936279297
2009-02-12,4.554265975952148,71.61514282226562,17.352710723876953,11.020255088806152,26.78630256652832,835.1900024414062,41.25,5.526369094848633,14.661741256713867,93.16999816894531,64.70616149902344
2009-02-13,4.321507453918457,72.26701354980469,16.358854293823242,10.338048934936523,25.895902633666992,826.8400268554688,42.93000030517578,5.316127777099609,13.761590003967285,92.55000305175781,62.984130859375
2009-02-17,3.8016865253448486,64.2198257446289,14.344643592834473,8.980194091796875,22.705286026000977,789.1699829101562,48.65999984741211,4.787519454956055,12.785161972045898,95.44999694824219,64.94607543945312
2009-02-18,3.5456552505493164,63.313232421875,14.251877784729004,8.560376167297363,21.592275619506836,788.4199829101562,48.459999084472656,4.787519454956055,12.968240737915039,96.91000366210938,64.39250946044922
2009-02-19,3.0491082668304443,64.44462585449219,13.648942947387695,7.878171443939209,18.624271392822266,778.9400024414062,47.08000183105469,4.535228252410889,12.408827781677246,95.7699966430664,63.29777145385742
2009-02-20,2.9404890537261963,63.72665786743164,13.185141563415527,7.156606674194336,14.469050407409668,770.0499877929688,49.29999923706055,4.469152927398682,13.19200611114502,97.80000305175781,63.912803649902344
2009-02-23,3.0335915088653564,60.321510314941406,12.926739692687988,7.235320091247559,15.87885856628418,743.3300170898438,52.619998931884766,4.312971115112305,12.20032024383545,97.7300033569336,64.50323486328125
2009-02-24,3.669792652130127,70.0473403930664,13.927229881286621,8.560376167297363,19.29207420349121,773.1400146484375,45.4900016784668,4.835573673248291,13.23269271850586,94.7300033569336,64.43559265136719
2009-02-25,4.003409385681152,67.7420883178711,14.397644996643066,8.816205024719238,18.698471069335938,764.9000244140625,44.66999816894531,4.805539608001709,12.978413581848145,93.1500015258789,63.69140625
2009-02-26,4.127546310424805,69.42206573486328,15.272238731384277,9.445932388305664,18.253273010253906,752.8300170898438,44.65999984741211,4.883631706237793,12.31220531463623,93.05999755859375,63.02100372314453
2009-02-27,3.064624786376953,68.6159896850586,15.139731407165527,7.937204360961914,11.13004207611084,735.0900268554688,46.349998474121094,4.565261363983154,12.149460792541504,92.62999725341797,62.65818786621094
2009-03-02,2.8163514137268066,64.9923095703125,14.019984245300293,7.110689640045166,8.904032707214355,700.8200073242188,52.650001525878906,4.276932239532471,11.39171028137207,90.93000030517578,63.69552230834961
2009-03-03,2.831868886947632,62.054222106933594,13.920594215393066,6.999173164367676,9.052433013916016,696.3300170898438,50.93000030517578,4.192831993103027,11.437478065490723,90.04000091552734,63.26993179321289
2009-03-04,2.7929697036743164,64.38963317871094,12.787599563598633,6.336646556854248,8.384628295898438,712.8699951171875,47.560001373291016,4.138771057128906,11.620562553405762,88.98999786376953,62.980072021484375
2009-03-05,2.466214895248413,61.5645637512207,10.998663902282715,5.326456069946289,7.5684285163879395,682.5499877929688,50.16999816894531,3.748322010040283,10.903493881225586,91.98999786376953,64.7315673828125
2009-03-06,2.4428763389587402,56.99163818359375,10.554738998413086,5.647881031036377,7.6426262855529785,683.3800048828125,49.33000183105469,3.712280750274658,10.756013870239258,92.29000091552734,64.29988098144531
2009-03-09,2.9174468517303467,55.710933685302734,10.534862518310547,6.539994239807129,7.7910284996032715,676.530029296875,49.68000030517578,3.7603342533111572,10.995038986206055,90.56999969482422,63.923641204833984
2009-03-10,3.7265522480010986,64.24651336669922,12.920117378234863,7.746974945068359,10.75904369354248,719.5999755859375,44.369998931884766,4.318978786468506,12.525797843933105,88.13999938964844,62.6964225769043
2009-03-11,3.8354697227478027,69.60289001464844,13.516427040100098,7.7928924560546875,11.426844596862793,721.3599853515625,43.61000061035156,4.43311071395874,12.32237434387207,89.22000122070312,63.37477493286133
2009-03-12,4.551218032836914,73.26417541503906,15.371622085571289,9.15074634552002,12.391447067260742,750.739990234375,41.18000030517578,4.889636993408203,13.32931900024414,91.0999984741211,63.676998138427734
2009-03-13,4.481199741363525,74.43192291259766,15.736037254333496,9.144187927246094,13.207646369934082,756.5499877929688,42.36000061035156,4.919673919677734,13.044523239135742,91.30000305175781,63.356300354003906
2009-03-16,4.807952880859375,70.740478515625,15.298742294311523,8.986756324768066,17.288665771484375,753.8900146484375,43.7400016784668,4.823561191558838,12.01723861694336,90.80000305175781,62.35721969604492
2009-03-17,4.877973556518555,74.57504272460938,16.657012939453125,9.616483688354492,18.624271392822266,778.1199951171875,40.79999923706055,5.135921478271484,12.927550315856934,90.04000091552734,62.017974853515625
2009-03-18,5.967150688171387,79.29109954833984,17.962282180786133,11.295762062072754,22.853689193725586,794.3499755859375,40.060001373291016,5.652516841888428,13.6344575881958,93.08999633789062,64.36770629882812
2009-03-19,5.391441345214844,74.80860900878906,16.53112030029297,10.115020751953125,19.29207420349121,784.0399780273438,43.68000030517578,5.201995849609375,12.800414085388184,94.3499984741211,64.44791412353516
2009-03-20,4.815731525421143,73.31694793701172,15.338499069213867,9.176985740661621,19.44047737121582,768.5399780273438,45.88999938964844,4.938681602478027,11.696846961975098,93.58999633789062,64.09020233154297
2009-03-23,6.068288803100586,84.32353210449219,19.121774673461914,11.367915153503418,23.22469139099121,822.9199829101562,43.22999954223633,5.751682281494141,13.588682174682617,92.08000183105469,63.5351676940918
2009-03-24,5.617056846618652,83.32156372070312,17.491844177246094,10.167495727539062,22.334285736083984,806.1199951171875,42.93000030517578,5.472591876983643,12.541054725646973,90.94999694824219,64.1395034790039
2009-03-25,5.990490913391113,85.09197998046875,18.923002243041992,10.770986557006836,21.889081954956055,813.8800048828125,42.25,5.654607772827148,12.74746036529541,91.9800033569336,63.27613830566406
2009-03-26,5.897134780883789,84.36871337890625,19.280780792236328,10.46268081665039,20.850282669067383,832.8599853515625,40.36000061035156,5.721348285675049,13.032692909240723,91.93000030517578,64.01001739501953
2009-03-27,5.710416793823242,81.423095703125,18.154420852661133,10.22653579711914,19.44047737121582,815.9400024414062,41.040000915527344,5.545399188995361,12.451851844787598,90.69000244140625,64.4848861694336
2009-03-30,4.6912522315979,75.68246459960938,16.464860916137695,8.770286560058594,17.14026641845703,787.530029296875,45.540000915527344,5.066092014312744,11.772467613220215,89.9800033569336,64.7315673828125
2009-03-31,5.305862903594971,79.87117767333984,17.61111831665039,9.34097957611084,18.772674560546875,797.8699951171875,44.13999938964844,5.345183372497559,12.59187126159668,90.27999877929688,65.19410705566406
2009-04-01,5.484802722930908,83.0880126953125,18.644716262817383,9.49841022491455,19.88567543029785,811.0800170898438,42.279998779296875,5.496862411499023,12.524456977844238,91.02999877929688,65.78911590576172
2009-04-02,5.63261604309082,86.0487289428711,18.691184997558594,10.05598258972168,20.33087921142578,834.3800048828125,42.040000915527344,5.648542404174805,13.432025909423828,88.80000305175781,64.985107421875
2009-04-03,5.912693500518799,89.95113372802734,19.434579849243164,10.718510627746582,21.147083282470703,842.5,39.70000076293945,5.879095077514648,14.588521957397461,87.58999633789062,63.65534591674805
2009-04-06,5.8193359375,87.87939453125,18.71773338317871,10.003506660461426,20.182477951049805,835.47998046875,40.93000030517578,5.721348285675049,14.422569274902344,85.2699966430664,63.383174896240234
2009-04-07,5.725978374481201,87.44996643066406,18.087175369262695,9.741117477416992,20.479280471801758,815.5499877929688,40.38999938964844,5.551465034484863,13.343860626220703,86.73999786376953,63.54399108886719
2009-04-08,5.492578983306885,86.44801330566406,18.206645965576172,9.767356872558594,20.03407859802246,825.1599731445312,38.849998474121094,5.581800937652588,13.540936470031738,86.61000061035156,64.10681915283203
2009-04-09,7.429762840270996,93.6651840209961,21.73779296875,12.863526344299316,22.556880950927734,856.5599975585938,36.529998779296875,6.449407577514648,15.356074333190918,86.30999755859375,63.30276107788086
2009-04-13,8.573407173156738,98.04972839355469,22.36835289001465,12.90288257598877,28.196094512939453,858.72998046875,37.810001373291016,6.722431659698486,15.402748107910156,87.87999725341797,63.88420104980469
2009-04-14,7.849877834320068,86.71920776367188,20.377099990844727,11.984530448913574,29.754316329956055,841.5,37.66999816894531,6.2795281410217285,14.09584903717041,87.37000274658203,64.21813201904297
2009-04-15,8.122171401977539,91.29965209960938,21.611679077148438,12.824161529541016,29.457515716552734,852.0599975585938,36.16999816894531,6.582888603210449,15.31977367401123,87.5,64.10681915283203
2009-04-16,8.044376373291016,91.29965209960938,22.063032150268555,12.75856876373291,29.754316329956055,865.2999877929688,35.790000915527344,6.6556925773620605,15.833192825317383,85.80999755859375,63.59965515136719
2009-04-17,8.246651649475098,90.85516357421875,22.076303482055664,13.289898872375488,27.083101272583008,869.5999755859375,33.939998626708984,6.740633010864258,16.11842918395996,85.22000122070312,62.900787353515625
2009-04-20,6.239446640014648,86.64388275146484,19.70671844482422,11.151451110839844,21.814878463745117,832.3900146484375,39.18000030517578,5.988302707672119,14.458876609802246,86.94999694824219,63.85322570800781
2009-04-21,6.815156936645508,90.67436981201172,21.591768264770508,12.3387451171875,24.040895462036133,850.0800170898438,37.13999938964844,6.431206226348877,15.739843368530273,86.88999938964844,63.22235870361328
2009-04-22,6.426166534423828,90.77227020263672,21.173606872558594,11.92548942565918,24.115093231201172,843.5499877929688,38.099998474121094,6.200655460357666,15.190119743347168,87.37999725341797,62.83893585205078
2009-04-23,6.861835479736328,92.52006530761719,22.043113708496094,13.178386688232422,23.744083404541016,851.9199829101562,37.150001525878906,6.491878032684326,15.874680519104004,88.80000305175781,62.83272171020508
2009-04-24,7.079675674438477,91.38249206542969,22.155956268310547,14.037702560424805,23.669889450073242,866.22998046875,36.81999969482422,6.637491703033447,16.626672744750977,89.72000122070312,62.20182800292969
2009-04-27,6.939633846282959,91.08116912841797,21.757707595825195,13.31613826751709,22.779495239257812,857.510009765625,38.31999969482422,6.528282642364502,15.63093376159668,89.01000213623047,62.46784210205078
2009-04-28,6.340585231781006,90.90788269042969,21.76434326171875,12.778244972229004,21.443878173828125,855.1599731445312,37.95000076293945,6.328066825866699,15.838382720947266,87.75,61.44729995727539
2009-04-29,6.752920150756836,95.81228637695312,22.88608741760254,13.099671363830566,23.15048599243164,873.6400146484375,36.08000183105469,6.601088523864746,16.52813720703125,88.33000183105469,60.903045654296875
2009-04-30,6.947413444519043,96.80667877197266,21.90373420715332,13.1259126663208,22.631086349487305,872.8099975585938,36.5,6.510079860687256,16.455524444580078,87.2699966430664,60.66184616088867
2009-05-01,6.7684760093688965,95.73692321777344,21.565221786499023,12.863526344299316,22.037487030029297,877.52001953125,35.29999923706055,6.46154260635376,15.916172981262207,86.94999694824219,60.2442741394043
2009-05-04,8.075494766235352,101.07073211669922,23.755596160888672,15.907219886779785,23.744083404541016,907.239990234375,34.529998779296875,7.116797924041748,17.228254318237305,88.63999938964844,60.44279861450195
2009-05-05,8.433366775512695,101.85420227050781,23.11174774169922,15.264362335205078,24.560291290283203,903.7999877929688,33.36000061035156,7.0136590003967285,16.58517837524414,88.25,60.368377685546875
2009-05-06,9.872638702392578,104.8827133178711,24.704761505126953,17.644081115722656,28.641286849975586,919.530029296875,32.45000076293945,7.571837902069092,17.217885971069336,89.54000091552734,60.22569274902344
2009-05-07,10.510592460632324,100.74677276611328,23.390531539916992,16.2767276763916,28.270296096801758,907.3900146484375,33.439998626708984,7.353418827056885,16.232521057128906,89.44000244140625,58.75539779663086
2009-05-08,11.024059295654297,105.16143798828125,25.846393585205078,18.524967193603516,29.82851791381836,929.22998046875,32.04999923706055,7.899466514587402,17.316421508789062,89.9800033569336,58.89809799194336
2009-05-11,10.067137718200684,102.29116821289062,23.782146453857422,17.440292358398438,28.641286849975586,909.239990234375,32.869998931884766,7.438360691070557,16.657791137695312,89.69000244140625,59.73560333251953
2009-05-12,9.538104057312012,102.01244354248047,23.470182418823242,16.894668579101562,27.157302856445312,908.3499755859375,31.799999237060547,7.280612945556641,16.61110496520996,90.69999694824219,59.95273971557617
2009-05-13,8.565629005432129,97.3792495727539,22.60066795349121,15.908596992492676,25.302291870117188,883.9199829101562,33.650001525878906,6.910510063171387,15.5220308303833,91.08999633789062,60.604156494140625
2009-05-14,8.799023628234863,100.6488265991211,23.589658737182617,16.888090133666992,26.341102600097656,893.0700073242188,31.3700008392334,7.141067981719971,15.890244483947754,91.02999877929688,60.839813232421875
2009-05-15,8.301106452941895,101.25151062011719,23.171493530273438,16.349044799804688,25.821699142456055,882.8800048828125,33.119998931884766,6.995452404022217,15.356074333190918,91.55000305175781,60.82124710083008
2009-05-18,9.125774383544922,107.8433837890625,24.731298446655273,17.703245162963867,27.0089054107666,909.7100219726562,30.239999771118164,7.45656156539917,16.59036636352539,90.36000061035156,59.87828826904297
2009-05-19,8.752336502075195,106.33670043945312,23.76886749267578,16.73032569885254,27.973506927490234,908.1300048828125,28.799999237060547,7.3048810958862305,16.27401351928711,90.95999908447266,59.56190872192383
2009-05-20,8.939061164855957,102.78836822509766,22.93254280090332,16.079519271850586,27.379901885986328,903.469970703125,29.030000686645508,7.110731601715088,16.144371032714844,92.25,60.1884651184082
2009-05-21,8.87681770324707,103.59651947021484,23.164857864379883,16.460800170898438,27.602502822875977,888.3300170898438,31.350000381469727,7.122867107391357,16.1910400390625,93.8499984741211,58.67475509643555
2009-05-22,8.612302780151367,102.9847412109375,22.839616775512695,15.980907440185547,27.23150634765625,887.0,32.630001068115234,7.074329853057861,15.791707992553711,94.1500015258789,58.02337646484375
2009-05-26,8.542288780212402,107.28996276855469,24.25339698791504,16.861806869506836,27.973506927490234,910.3300170898438,30.6200008392334,7.3048810958862305,16.730388641357422,93.76000213623047,57.14863204956055
2009-05-27,8.487826347351074,105.74911499023438,23.00554656982422,15.829706192016602,27.454099655151367,893.0599975585938,32.36000061035156,7.086463451385498,16.12361717224121,93.44999694824219,56.13747024536133
2009-05-28,8.791243553161621,109.25370025634766,24.326425552368164,16.28330421447754,27.23150634765625,906.8300170898438,31.670000076293945,7.286679267883301,16.346616744995117,94.23999786376953,56.95009994506836
2009-05-29,8.767901420593262,109.19330596923828,24.492355346679688,16.763187408447266,27.602502822875977,919.1400146484375,28.920000076293945,7.420156002044678,16.88597869873047,96.19999694824219,58.420433044433594
2009-06-01,8.721220970153809,109.01203155517578,23.967994689941406,16.717174530029297,27.379901885986328,942.8699951171875,30.040000915527344,7.499032020568848,17.752058029174805,95.7300033569336,56.69327926635742
2009-06-02,8.87681770324707,108.1056900024414,22.899351119995117,16.03349494934082,26.044286727905273,944.739990234375,29.6299991607666,7.377686500549316,17.38384437561035,96.36000061035156,56.99823760986328
2009-06-03,8.728872299194336,107.3655014038086,22.5542049407959,15.862580299377441,25.15389633178711,931.760009765625,31.020000457763672,7.280612945556641,17.352725982666016,94.41000366210938,57.53351593017578
2009-06-04,9.242792129516602,112.89430236816406,23.46354103088379,16.500242233276367,26.489501953125,942.4600219726562,30.18000030517578,7.54149866104126,17.907642364501953,96.2300033569336,56.344703674316406
2009-06-05,9.23500919342041,112.54683685302734,22.93254280090332,16.25044059753418,25.67329216003418,940.0900268554688,29.6200008392334,7.474764347076416,17.8609619140625,93.70999908447266,55.91535186767578
2009-06-08,9.390741348266602,112.04827117919922,23.490095138549805,16.690881729125977,25.376493453979492,939.1400146484375,29.770000457763672,7.529365062713623,17.53424072265625,93.55999755859375,55.77218246459961
2009-06-09,9.390741348266602,112.7734146118164,23.403804779052734,16.868371963500977,25.302291870117188,942.4299926757812,28.270000457763672,7.583969593048096,17.53424072265625,93.83000183105469,55.76591873168945
2009-06-10,9.328444480895996,110.7869644165039,23.125030517578125,16.375337600708008,25.821699142456055,939.1500244140625,28.459999084472656,7.468691825866699,17.228254318237305,93.86000061035156,54.88838195800781
2009-06-11,10.099328994750977,109.63136291503906,23.1914119720459,16.447649002075195,25.821699142456055,944.8900146484375,28.110000610351562,7.529365062713623,16.875600814819336,93.69999694824219,55.498321533203125
2009-06-12,10.683333396911621,110.00149536132812,23.317516326904297,16.750041961669922,25.74749183654785,946.2100219726562,28.149999618530273,7.577901840209961,17.487571716308594,92.16999816894531,55.996185302734375
2009-06-15,10.379650115966797,108.0149917602539,22.56747817993164,16.24386215209961,25.0054931640625,923.719970703125,30.809999465942383,7.383752346038818,16.657791137695312,91.0999984741211,56.50033187866211
2009-06-16,9.912450790405273,108.88363647460938,22.235610961914062,16.040071487426758,24.115093231201172,911.969970703125,32.68000030517578,7.25634241104126,16.351802825927734,91.93000030517578,57.48369216918945
2009-06-17,9.57762336730957,105.53762817382812,21.724525451660156,15.178900718688965,22.853689193725586,910.7100219726562,31.540000915527344,7.043992519378662,16.04064178466797,92.3499984741211,57.16011047363281
2009-06-18,10.044821739196777,108.07542419433594,22.680316925048828,15.579910278320312,23.22469139099121,918.3699951171875,30.030000686645508,7.21387243270874,16.149551391601562,91.61000061035156,56.294925689697266
2009-06-19,10.293991088867188,108.1056900024414,23.231231689453125,15.902018547058105,23.521493911743164,921.22998046875,27.989999771118164,7.342548847198486,16.310321807861328,91.9000015258789,57.06676483154297
2009-06-22,9.297300338745117,103.48323059082031,21.817447662353516,14.797625541687012,22.26008415222168,893.0399780273438,31.170000076293945,6.915657043457031,15.459799766540527,90.54000091552734,57.62063217163086
2009-06-23,9.523114204406738,106.640380859375,22.282072067260742,15.060579299926758,22.334285736083984,895.0999755859375,30.579999923706055,6.994936943054199,15.573884963989258,90.91999816894531,58.299041748046875
2009-06-24,9.616552352905273,107.74312591552734,22.20905303955078,15.23149299621582,22.556880950927734,900.9400024414062,29.049999237060547,7.080317497253418,15.913883209228516,91.44999694824219,57.71400451660156
2009-06-25,9.616552352905273,109.08751678466797,22.660400390625,15.645648956298828,22.482683181762695,920.260009765625,26.360000610351562,7.232777118682861,16.12473487854004,92.30999755859375,58.772010803222656
2009-06-26,9.928021430969238,110.8322982788086,22.866168975830078,15.691662788391113,22.482683181762695,918.9000244140625,25.93000030517578,7.269367218017578,16.261791229248047,92.29000091552734,58.871681213378906
2009-06-29,10.270637512207031,112.81114959716797,22.965730667114258,16.125534057617188,22.408479690551758,927.22998046875,25.350000381469727,7.360846996307373,16.251249313354492,92.04000091552734,58.958831787109375
2009-06-30,10.278424263000488,111.36100769042969,22.640499114990234,15.948044776916504,22.037487030029297,919.3200073242188,26.350000381469727,7.287667751312256,16.34612464904785,91.18000030517578,58.859188079833984
2009-07-01,10.16162395477295,111.27032470703125,22.447725296020508,15.869156837463379,22.037487030029297,923.3300170898438,26.219999313354492,7.244972229003906,16.630767822265625,92.38999938964844,58.74242401123047
2009-07-02,9.842365264892578,108.3775634765625,21.45062828063965,15.172335624694824,21.369678497314453,896.4199829101562,27.950000762939453,6.994936943054199,15.750470161437988,91.25,58.879783630371094
2009-07-06,9.460824966430664,110.62078094482422,21.669994354248047,15.185476303100586,20.70187759399414,898.719970703125,29.0,7.001033306121826,16.145824432373047,90.76000213623047,58.76742935180664
2009-07-07,9.460824966430664,107.66002655029297,21.809589385986328,15.336679458618164,19.959875106811523,881.030029296875,30.850000381469727,6.891263008117676,15.518536567687988,90.70999908447266,59.16078567504883
2009-07-08,9.21943473815918,104.64641571044922,21.743122100830078,15.060579299926758,19.44047737121582,879.5599975585938,31.299999237060547,6.775390625,15.370948791503906,89.2699966430664,60.253440856933594
2009-07-09,9.320662498474121,108.16606140136719,22.34801483154297,15.30380630493164,19.959875106811523,882.6799926757812,29.780000686645508,6.860773086547852,15.081023216247559,89.51000213623047,59.53536605834961
2009-07-10,9.250580787658691,107.15397644042969,21.49716567993164,15.034282684326172,19.21787452697754,879.1300048828125,29.020000457763672,6.769293785095215,15.05994701385498,89.58000183105469,60.08485794067383
2009-07-13,10.114900588989258,112.87162017822266,23.07256507873535,16.303024291992188,20.62767791748047,901.0499877929688,26.309999465942383,7.202284336090088,15.629239082336426,90.19000244140625,59.74773025512695
2009-07-14,10.052607536315918,113.03776550292969,23.0659122467041,16.040071487426758,21.666481018066406,905.8400268554688,25.020000457763672,7.171794414520264,15.819008827209473,90.80999755859375,58.754947662353516
2009-07-15,10.449728965759277,117.26737213134766,24.102882385253906,16.6317138671875,23.521493911743164,932.6799926757812,25.889999389648438,7.476717472076416,16.404111862182617,92.23999786376953,57.24391174316406
2009-07-16,10.2550630569458,118.4607162475586,24.016475677490234,16.467374801635742,22.482683181762695,940.739990234375,25.420000076293945,7.452324390411377,16.5938777923584,91.9800033569336,57.86206817626953
2009-07-17,10.03703498840332,118.4607162475586,24.52165985107422,16.43450355529785,22.408479690551758,940.3800048828125,24.34000015258789,7.403537273406982,16.151092529296875,91.93000030517578,56.96922302246094
2009-07-20,9.530898094177246,120.87014770507812,24.581480026245117,16.776336669921875,20.70187759399414,951.1300048828125,24.399999618530273,7.464520454406738,16.72037696838379,93.27999877929688,57.26883316040039
2009-07-21,9.49197006225586,120.69646453857422,24.55489730834961,16.664583206176758,19.663070678710938,954.5800170898438,23.8700008392334,7.397435188293457,16.672943115234375,93.12999725341797,58.41155242919922
2009-07-22,9.523114204406738,121.1949234008789,24.481775283813477,16.072946548461914,20.776079177856445,954.0700073242188,23.469999313354492,7.403537273406982,16.69403076171875,93.44000244140625,57.88704299926758
2009-07-23,9.881301879882812,124.96387481689453,25.359209060668945,15.948044776916504,20.553483963012695,976.2899780273438,23.43000030517578,7.616982460021973,17.35820770263672,93.26000213623047,56.8255729675293
2009-07-24,9.741141319274902,124.4124984741211,25.206323623657227,15.428703308105469,20.25667381286621,979.260009765625,23.09000015258789,7.57429313659668,17.47944450378418,93.41000366210938,57.10031509399414
2009-07-27,10.192769050598145,123.77049255371094,25.345930099487305,15.921744346618652,19.959875106811523,982.1799926757812,24.280000686645508,7.69626522064209,17.732463836669922,93.70999908447266,56.44468688964844
2009-07-28,10.387434959411621,121.25541687011719,25.31266975402832,16.118967056274414,22.037487030029297,979.6199951171875,25.010000228881836,7.677968502044678,17.71664810180664,92.11000061035156,56.94418716430664
2009-07-29,10.527595520019531,120.42452239990234,25.106618881225586,16.026926040649414,23.892494201660156,975.1500244140625,25.610000610351562,7.677968502044678,17.495256423950195,91.19999694824219,57.256404876708984
2009-07-30,10.877999305725098,122.67530059814453,25.571928024291992,16.349044799804688,23.29888153076172,986.75,25.399999618530273,7.8548197746276855,18.122541427612305,91.62000274658203,58.06812286376953
2009-07-31,11.51650619506836,123.34000396728516,25.691566467285156,16.079519271850586,23.521493911743164,987.47998046875,25.920000076293945,7.934102535247803,18.106727600097656,93.3499984741211,59.19822311401367
2009-08-03,11.929198265075684,123.9442367553711,26.323057174682617,16.960407257080078,23.595684051513672,1002.6300048828125,25.559999465942383,8.135351181030273,18.433536529541016,93.87000274658203,58.30112075805664
2009-08-04,12.178372383117676,124.75244140625,26.728546142578125,17.453441619873047,24.115093231201172,1005.6500244140625,24.889999389648438,8.30001163482666,19.440345764160156,94.68000030517578,57.8375129699707
2009-08-05,12.972614288330078,127.3733901977539,27.77215003967285,18.45454216003418,26.56369400024414,1002.719970703125,24.899999618530273,8.58663272857666,20.18359375,94.77999877929688,56.97297668457031
2009-08-06,13.003761291503906,125.9457778930664,27.087491989135742,18.421615600585938,28.196094512939453,997.0800170898438,25.670000076293945,8.525650024414062,20.030723571777344,94.5999984741211,57.16712188720703
2009-08-07,12.785733222961426,123.6043930053711,28.157703399658203,18.94192886352539,28.567108154296875,1010.47998046875,24.760000228881836,8.751296997070312,21.148229598999023,93.75,56.69102096557617
2009-08-10,12.988188743591309,121.11945343017578,28.377058029174805,18.862892150878906,29.23491668701172,1007.0999755859375,24.989999771118164,8.714705467224121,20.694900512695312,92.93000030517578,57.398956298828125
2009-08-11,12.341896057128906,120.25837707519531,27.4132137298584,17.710302352905273,27.379901885986328,994.3499755859375,25.989999771118164,8.391486167907715,20.093976974487305,92.79000091552734,58.06301498413086
2009-08-12,12.404187202453613,123.68746948242188,28.057992935180664,17.89471435546875,29.531707763671875,1005.8099975585938,25.450000762939453,8.562247276306152,20.241575241088867,92.94999694824219,57.44282913208008
2009-08-13,13.237364768981934,124.23123931884766,28.516645431518555,18.362337112426758,30.125314712524414,1012.72998046875,24.709999084472656,8.739099502563477,20.34699821472168,93.72000122070312,58.25727462768555
2009-08-14,13.541045188903809,122.90943908691406,28.217517852783203,18.263540267944336,29.97691535949707,1004.0900268554688,24.270000457763672,8.684212684631348,20.178325653076172,93.0,58.48281478881836
2009-08-17,12.89475154876709,118.77045440673828,27.074193954467773,17.321714401245117,29.680105209350586,979.72998046875,27.889999389648438,8.318307876586914,19.102994918823242,91.61000061035156,59.347347259521484
2009-08-18,13.159494400024414,121.21004486083984,27.718978881835938,17.348058700561523,30.718915939331055,989.6699829101562,26.18000030517578,8.48906421661377,19.292753219604492,92.05999755859375,59.002784729003906
2009-08-19,13.042692184448242,120.79467010498047,27.526212692260742,17.525890350341797,30.644710540771484,996.4600219726562,26.260000228881836,8.482963562011719,19.139883041381836,92.52999877929688,59.491451263427734
2009-08-20,13.346373558044434,122.60730743408203,28.19758415222168,18.098892211914062,33.241729736328125,1007.3699951171875,25.09000015258789,8.702505111694336,19.904220581054688,92.2699966430664,59.98012161254883
2009-08-21,13.595548629760742,123.7654800415039,29.02183723449707,18.401853561401367,34.87413024902344,1026.1300048828125,25.010000228881836,8.873265266418457,20.426069259643555,93.6500015258789,58.745887756347656
2009-08-24,13.509897232055664,123.0615234375,28.589773178100586,17.99350929260254,35.76453399658203,1025.5699462890625,25.139999389648438,8.80617904663086,20.3575382232666,92.33999633789062,59.810943603515625
2009-08-25,13.82136058807373,124.847900390625,28.96866798400879,18.000097274780273,35.24513626098633,1028.0,24.920000076293945,8.915955543518066,20.584205627441406,92.76000213623047,60.14926528930664
2009-08-26,13.85251235961914,125.61239624023438,28.782546997070312,18.191104888916016,34.35471725463867,1028.1199951171875,24.950000762939453,8.891561508178711,20.6474609375,92.79000091552734,60.424888610839844
2009-08-27,13.95373821258545,124.90843200683594,28.882253646850586,18.270124435424805,37.47113800048828,1030.97998046875,24.68000030517578,8.983036041259766,20.847761154174805,93.19000244140625,60.18684768676758
2009-08-28,14.000455856323242,124.45427703857422,28.52994728088379,17.980337142944336,38.80675506591797,1028.9300537109375,24.760000228881836,8.995232582092285,21.03226089477539,93.87000274658203,60.4625129699707
2009-08-31,13.696775436401367,125.24146270751953,28.888885498046875,18.125240325927734,37.10013198852539,1020.6199951171875,26.010000228881836,8.964744567871094,20.700176239013672,93.4000015258789,60.51887130737305
2009-09-01,12.816879272460938,121.23725891113281,27.699031829833984,17.262441635131836,33.68693923950195,998.0399780273438,29.149999618530273,8.482963562011719,19.59321403503418,93.9000015258789,60.3724250793457
2009-09-02,12.67663860321045,120.00353240966797,27.16061019897461,17.18340301513672,33.8353271484375,994.75,28.899999618530273,8.40977668762207,19.197866439819336,96.19000244140625,61.2523193359375
2009-09-03,13.120743751525879,122.36520385742188,27.991518020629883,17.72347640991211,35.39353942871094,1003.239990234375,27.100000381469727,8.574440002441406,19.582666397094727,97.45999908447266,60.87525939941406
2009-09-04,13.315537452697754,123.356689453125,28.144420623779297,17.72347640991211,35.987144470214844,1016.4000244140625,25.260000228881836,8.672016143798828,19.809329986572266,97.52999877929688,59.83823776245117
2009-09-08,13.260992050170898,126.57364654541016,28.27734375,17.769573211669922,34.725730895996094,1025.3900146484375,25.6200008392334,8.70860767364502,20.499862670898438,97.43000030517578,59.417152404785156
2009-09-09,13.276573181152344,128.88233947753906,28.490066528320312,18.230613708496094,34.57733154296875,1033.3699951171875,24.31999969482422,8.842774391174316,20.900482177734375,97.08000183105469,59.34804153442383
2009-09-10,13.416821479797363,132.3642120361328,28.596420288085938,18.349166870117188,35.24513626098633,1044.1400146484375,23.549999237060547,8.915955543518066,21.211483001708984,97.69999694824219,60.44158935546875
2009-09-11,13.222034454345703,132.2355499267578,28.25075912475586,18.06595802307129,34.206336975097656,1042.72998046875,24.149999618530273,8.86107063293457,21.174583435058594,98.77999877929688,60.774654388427734
2009-09-14,13.237617492675781,134.51380920410156,29.081674575805664,18.38867950439453,33.53851318359375,1049.3399658203125,23.860000610351562,8.97693920135498,21.80186653137207,97.95999908447266,60.171348571777344
2009-09-15,13.081788063049316,133.7190704345703,28.70941162109375,18.823366165161133,30.570505142211914,1052.6300048828125,23.420000076293945,8.995232582092285,22.14975929260254,98.9000015258789,59.86334228515625
2009-09-16,13.440195083618164,136.14881896972656,29.679916381835938,19.37002182006836,31.164113998413086,1068.760009765625,23.690000534057617,9.306255340576172,23.05113983154297,99.91000366210938,59.970191955566406
2009-09-17,13.720687866210938,137.3523712158203,29.885984420776367,18.955095291137695,32.7965202331543,1065.489990234375,23.649999618530273,9.275763511657715,22.95099449157715,99.33999633789062,60.724403381347656
2009-09-18,13.73626708984375,138.65423583984375,29.87933921813965,18.764097213745117,31.609304428100586,1068.300048828125,23.920000076293945,9.261693000793457,22.982620239257812,98.66999816894531,60.183937072753906
2009-09-21,13.440195083618164,138.0562744140625,29.613454818725586,18.632373809814453,32.8707275390625,1064.6600341796875,24.059999465942383,9.176048278808594,22.62417984008789,98.36000061035156,60.3221321105957
2009-09-22,13.720687866210938,140.4254913330078,30.889724731445312,19.356853485107422,34.50312805175781,1071.6600341796875,23.079999923706055,9.384037017822266,23.341064453125,99.66999816894531,60.44786071777344
2009-09-23,13.634974479675293,139.00247192382812,29.952455520629883,18.94192886352539,33.53851318359375,1060.8699951171875,23.489999771118164,9.19439697265625,22.497665405273438,98.83000183105469,60.63014602661133
2009-09-24,13.22982406616211,138.56344604492188,29.49379539489746,18.737749099731445,32.8707275390625,1050.780029296875,24.950000762939453,9.010881423950195,21.676300048828125,97.55000305175781,60.80607604980469
2009-09-25,12.933756828308105,135.86874389648438,29.01519203186035,18.566513061523438,32.499717712402344,1044.3800048828125,25.610000610351562,8.925236701965332,21.745492935180664,97.0,61.5791015625
2009-09-28,13.416821479797363,138.13951110839844,29.786266326904297,19.034135818481445,33.909523010253906,1062.97998046875,24.8799991607666,9.224987983703613,22.64512062072754,97.05000305175781,62.119606018066406
2009-09-29,13.370074272155762,138.95701599121094,29.832799911499023,18.671884536743164,34.87413024902344,1060.6099853515625,25.190000534057617,9.182168006896973,22.277809143066406,97.43000030517578,62.0630989074707
2009-09-30,13.183072090148926,139.5398712158203,29.128204345703125,18.55992317199707,35.912925720214844,1057.0799560546875,25.610000610351562,9.139344215393066,22.06488609313965,98.8499984741211,62.0064811706543
2009-10-01,12.629891395568848,135.48275756835938,27.499624252319336,17.519306182861328,33.612728118896484,1029.8499755859375,28.270000457763672,8.735600471496582,21.07475471496582,97.88999938964844,62.85565948486328
2009-10-02,12.73117733001709,135.9520263671875,27.859006881713867,17.30854606628418,33.53851318359375,1025.2099609375,28.68000030517578,8.741718292236328,20.92571258544922,98.37000274658203,62.42072296142578
2009-10-05,13.214245796203613,141.14453125,29.150142669677734,18.500648498535156,34.65153884887695,1040.4599609375,26.84000015258789,9.017000198364258,21.500621795654297,99.81999969482422,62.42703628540039
2009-10-06,13.24541187286377,141.53060913085938,29.888864517211914,18.876054763793945,34.65153884887695,1054.719970703125,25.700000762939453,9.133228302001953,21.442066192626953,102.27999877929688,61.80917739868164
2009-10-07,13.518108367919922,144.17977905273438,30.41465187072754,19.2712345123291,34.42892837524414,1057.5799560546875,24.68000030517578,9.231106758117676,21.42609405517578,102.36000061035156,62.53419876098633
2009-10-08,13.502527236938477,142.43133544921875,30.14842987060547,19.132923126220703,34.50312805175781,1065.47998046875,24.18000030517578,9.243342399597168,21.835988998413086,103.63999938964844,61.878543853759766
2009-10-09,13.634974479675293,143.28668212890625,30.514467239379883,19.238306045532227,34.35471725463867,1071.489990234375,23.1200008392334,9.322868347167969,22.02229881286621,102.83999633789062,60.46002197265625
2009-10-12,14.047926902770996,143.9300537109375,30.667539596557617,19.94302749633789,35.39353942871094,1076.18994140625,23.010000228881836,9.39627742767334,21.99036407470703,103.55999755859375,60.55458450317383
2009-10-13,13.87651252746582,141.71978759765625,30.388004302978516,19.798133850097656,35.83872604370117,1073.18994140625,22.989999771118164,9.304515838623047,21.681610107421875,104.26000213623047,60.869815826416016
2009-10-14,14.48424243927002,145.54232788085938,31.38630485534668,20.641159057617188,37.10013198852539,1092.02001953125,22.860000610351562,9.622612953186035,22.474781036376953,104.18000030517578,59.968299865722656
2009-10-15,14.10246753692627,142.77947998046875,31.38630485534668,20.667509078979492,35.24513626098633,1096.56005859375,21.719999313354492,9.53697395324707,22.28313446044922,102.86000061035156,59.690879821777344
2009-10-16,13.447985649108887,139.55496215820312,30.65422821044922,19.771785736083984,34.05792236328125,1087.6800537109375,21.43000030517578,9.310629844665527,21.697582244873047,103.18000030517578,60.176353454589844
2009-10-19,13.370074272155762,140.41033935546875,30.600988388061523,19.804712295532227,33.68693923950195,1097.9100341796875,21.489999771118164,9.3534517288208,22.16602897644043,104.2300033569336,60.649173736572266
2009-10-20,13.253206253051758,140.00160217285156,30.634258270263672,20.061574935913086,32.8707275390625,1091.06005859375,20.899999618530273,9.280043601989746,21.75613784790039,103.41999816894531,60.97701644897461
2009-10-21,12.863631248474121,135.6870880126953,29.715822219848633,19.034135818481445,32.7965202331543,1081.4000244140625,22.219999313354492,9.10264778137207,21.479318618774414,103.75,60.61128234863281
2009-10-22,12.871421813964844,139.040283203125,30.42129135131836,19.870576858520508,33.093326568603516,1092.9100341796875,20.690000534057617,9.371808052062988,22.043590545654297,103.91999816894531,60.31502151489258
2009-10-23,12.637679100036621,136.51976013183594,30.101835250854492,19.310752868652344,33.093326568603516,1079.5999755859375,22.270000457763672,9.237223625183105,21.782756805419922,103.48999786376953,59.861122131347656
2009-10-26,11.998784065246582,135.77035522460938,29.1634464263916,18.737749099731445,31.683509826660156,1066.949951171875,24.309999465942383,8.998644828796387,21.729522705078125,101.86000061035156,59.08561706542969
2009-10-27,12.037741661071777,135.195068359375,29.216676712036133,18.698230743408203,31.683509826660156,1063.4100341796875,24.829999923706055,8.931352615356445,21.41544532775879,101.8499984741211,59.89263916015625
2009-10-28,11.694920539855957,130.31289672851562,28.404747009277344,18.08571434020996,30.273714065551758,1042.6300048828125,27.90999984741211,8.656071662902832,20.51581382751465,100.7300033569336,60.176353454589844
2009-10-29,12.255899429321289,135.1724090576172,29.516178131103516,18.816783905029297,31.98030662536621,1066.1099853515625,24.760000228881836,9.017000198364258,21.452716827392578,102.69000244140625,59.52061080932617
2009-10-30,11.359886169433594,128.80662536621094,27.79911994934082,18.125240325927734,30.34792709350586,1036.18994140625,30.690000534057617,8.594901084899902,21.080080032348633,102.52999877929688,60.38434600830078
2009-11-02,11.398842811584473,129.19259643554688,28.338199615478516,18.184511184692383,29.605911254882812,1042.8800048828125,29.780000686645508,8.668306350708008,21.07475471496582,103.94999694824219,60.117469787597656
2009-11-03,11.531295776367188,129.89659118652344,28.418054580688477,18.270124435424805,29.97691535949707,1045.4100341796875,28.809999465942383,8.692778587341309,21.38351058959961,106.45999908447266,59.51659393310547
2009-11-04,11.453381538391113,128.29946899414062,28.09193229675293,17.69610023498535,29.457515716552734,1046.5,27.719999313354492,8.570428848266602,20.92571258544922,107.0999984741211,58.97269821166992
2009-11-05,11.788411140441895,131.25149536132812,29.19672966003418,18.006206512451172,30.125314712524414,1066.6300048828125,25.43000030517578,8.790653228759766,21.39948081970215,106.9800033569336,58.97269821166992
2009-11-06,11.72608470916748,130.02525329589844,28.93716812133789,17.89404296875,30.125314712524414,1069.300048828125,24.190000534057617,8.753947257995605,21.04814338684082,107.43000030517578,59.02955627441406
2009-11-09,12.287065505981445,133.6509552001953,29.516178131103516,18.73859405517578,31.089923858642578,1093.0799560546875,23.149999618530273,9.065937042236328,22.0861759185791,108.19000244140625,59.09920120239258
2009-11-10,12.489645957946777,133.60557556152344,29.396379470825195,18.5406436920166,31.015718460083008,1093.010009765625,22.84000015258789,9.035350799560547,21.921157836914062,108.38999938964844,58.99163055419922
2009-11-11,12.801299095153809,136.13369750976562,29.496198654174805,19.002517700195312,30.867311477661133,1098.510009765625,23.040000915527344,9.157695770263672,22.331050872802734,109.5999984741211,59.23832321166992
2009-11-12,12.513015747070312,135.09671020507812,28.817367553710938,18.61983299255371,30.125314712524414,1087.239990234375,24.239999771118164,8.986411094665527,22.10215187072754,108.20999908447266,59.13079071044922
2009-11-13,12.450685501098633,133.7947540283203,28.551158905029297,18.263530731201172,30.051109313964844,1093.47998046875,23.360000610351562,8.968056678771973,22.40025520324707,109.73999786376953,59.40272903442383
2009-11-16,12.364980697631836,134.16563415527344,28.64432716369629,18.61322784423828,31.015718460083008,1109.300048828125,22.889999389648438,9.065937042236328,22.943227767944336,111.62999725341797,60.0984992980957
2009-11-17,12.287065505981445,133.6736297607422,28.724193572998047,18.71880340576172,31.460922241210938,1110.3199462890625,22.40999984741211,9.090407371520996,22.543983459472656,111.97000122070312,60.42104721069336
2009-11-18,12.738967895507812,133.9007568359375,28.870616912841797,19.042110443115234,31.83192253112793,1109.800048828125,21.6299991607666,9.163811683654785,22.95387077331543,112.25,60.066856384277344
2009-11-19,12.52859878540039,130.82005310058594,28.31822395324707,18.685808181762695,31.609304428100586,1094.9000244140625,22.6299991607666,8.986411094665527,22.4268741607666,112.30000305175781,60.174381256103516
2009-11-20,12.53639030456543,128.68545532226562,28.25832748413086,18.388900756835938,31.164113998413086,1091.3800048828125,22.190000534057617,8.931352615356445,22.267169952392578,112.94000244140625,60.16176986694336
2009-11-23,12.692222595214844,130.19180297851562,28.804065704345703,18.52086067199707,31.75771713256836,1106.239990234375,21.15999984741211,9.059820175170898,22.549301147460938,114.29000091552734,60.0858268737793
2009-11-24,12.54417896270752,129.53329467773438,28.271638870239258,18.382301330566406,31.238317489624023,1105.6500244140625,20.469999313354492,8.992528915405273,22.213939666748047,114.7300033569336,60.465362548828125
2009-11-25,12.4273099899292,127.86044311523438,28.058664321899414,18.362504959106445,30.9415283203125,1110.6300048828125,20.479999542236328,8.974177360534668,22.3044376373291,116.62000274658203,60.74357604980469
2009-11-27,12.053321838378906,124.25741577148438,27.506277084350586,17.90723419189453,30.125314712524414,1091.489990234375,24.739999771118164,8.735600471496582,21.655004501342773,115.05999755859375,60.97129821777344
2009-11-30,12.349397659301758,128.69496154785156,28.27829933166504,18.501060485839844,30.496315002441406,1095.6300048828125,24.510000228881836,8.968056678771973,22.464134216308594,115.63999938964844,61.11675262451172
2009-12-01,12.38835334777832,127.15507507324219,28.098604202270508,18.468074798583984,30.422107696533203,1108.8599853515625,21.920000076293945,8.974177360534668,22.79416847229004,117.37999725341797,60.43595886230469
2009-12-02,12.201242446899414,126.41929626464844,27.90560531616211,18.111774444580078,30.422107696533203,1109.239990234375,21.1200008392334,8.968056678771973,23.16680335998535,119.18000030517578,60.486717224121094
2009-12-03,12.287001609802246,124.62921142578125,27.5528564453125,17.478361129760742,30.051109313964844,1099.9200439453125,22.459999084472656,8.78454303741455,22.905961990356445,118.69999694824219,59.85855484008789
2009-12-04,12.69240951538086,126.85930633544922,27.779144287109375,17.788471221923828,30.125314712524414,1105.97998046875,21.25,8.94970989227295,23.582014083862305,113.75,59.22407913208008
2009-12-07,12.388351440429688,124.28784942626953,27.453025817871094,17.392587661743164,29.902719497680664,1103.25,22.100000381469727,8.80289363861084,23.086950302124023,113.11000061035156,59.30021286010742
2009-12-08,12.014134407043457,122.76311492919922,27.426414489746094,17.174850463867188,29.01231575012207,1091.93994140625,23.690000534057617,8.723363876342773,22.95387077331543,110.94999694824219,59.389041900634766
2009-12-09,11.998538970947266,126.25239562988281,27.413110733032227,17.128660202026367,28.641286849975586,1095.949951171875,22.65999984741211,8.753947257995605,22.905961990356445,110.83999633789062,59.116180419921875
2009-12-10,11.858207702636719,126.4723892211914,27.46635627746582,16.706382751464844,28.71552085876465,1102.3499755859375,22.31999969482422,8.741718292236328,22.815471649169922,110.81999969482422,58.43731689453125
2009-12-11,12.185650825500488,125.9186782836914,27.260028839111328,16.765762329101562,29.30910873413086,1106.4100341796875,21.59000015258789,8.80289363861084,23.18276596069336,109.31999969482422,58.43095397949219
2009-12-14,12.185650825500488,125.99455261230469,27.79911994934082,16.818546295166016,27.454099655151367,1114.1099853515625,21.149999618530273,8.851826667785645,23.603303909301758,110.23999786376953,58.50075912475586
2009-12-15,11.842610359191895,123.44583892822266,27.19348907470703,16.93071746826172,26.415292739868164,1107.9300537109375,21.489999771118164,8.71113109588623,23.369083404541016,110.20999908447266,58.240596771240234
2009-12-16,11.912779808044434,125.15258026123047,27.5262393951416,17.04947853088379,25.599098205566406,1109.1800537109375,20.540000915527344,8.766188621520996,23.53942108154297,111.58999633789062,58.170806884765625
2009-12-17,11.5853271484375,122.07286834716797,26.800825119018555,17.20123863220215,23.744083404541016,1096.0799560546875,22.510000228881836,8.601016998291016,23.395702362060547,107.33999633789062,59.12890625
2009-12-18,11.717869758605957,123.78711700439453,27.253376007080078,17.66969871520996,25.228099822998047,1102.469970703125,21.68000030517578,8.731186866760254,23.550071716308594,108.94999694824219,58.87510299682617
2009-12-21,11.912779808044434,125.50148010253906,27.885639190673828,18.039207458496094,25.376493453979492,1114.050048828125,20.489999771118164,8.860128402709961,23.869470596313477,106.94999694824219,57.82822036743164
2009-12-22,11.951763153076172,124.85676574707031,27.912260055541992,17.920429229736328,24.782894134521484,1118.02001953125,19.540000915527344,8.878548622131348,24.119667053222656,106.16999816894531,57.50458526611328
2009-12-23,11.842610359191895,124.12091827392578,27.659347534179688,17.71588897705078,24.411890029907227,1120.5899658203125,19.709999084472656,8.841711044311523,24.40712547302246,106.55000305175781,57.517295837402344
2009-12-24,11.889387130737305,124.37883758544922,27.878976821899414,17.87424659729004,24.85709571838379,1126.47998046875,19.469999313354492,8.921531677246094,24.759746551513672,108.36000061035156,56.92084503173828
2009-12-28,11.920576095581055,124.21951293945312,27.765827178955078,17.6499080657959,25.15389633178711,1127.780029296875,19.93000030517578,8.890828132629395,24.878374099731445,108.55000305175781,56.7622184753418
2009-12-29,11.788039207458496,124.4925765991211,27.61276626586914,17.603721618652344,25.0054931640625,1126.199951171875,20.010000228881836,8.853988647460938,24.50633430480957,107.47000122070312,57.1365966796875
2009-12-30,11.749056816101074,126.44967651367188,27.639389038085938,17.69610023498535,24.634498596191406,1126.4200439453125,19.959999084472656,8.860128402709961,24.54408073425293,106.93000030517578,57.5123176574707
2009-12-31,11.741256713867188,128.07290649414062,27.73255729675293,17.808263778686523,24.560291290283203,1115.0999755859375,21.68000030517578,8.841711044311523,24.12350082397461,107.30999755859375,57.238502502441406
